{"type":"FeatureCollection","features":[{"type":"Feature","properties":{"adm3_name":"10e Section des Orangers","adm3_pcode":"HT0131-10","adm2_name":"Croix-Des-Bouquets","adm1_name":"West"},"geometry":{"type":"Polygon","coordinates":[[[-72.2968,18.81696],[-72.30311,18.81821],[-72.3194,18.81166],[-72.32757,18.79693],[-72.33226,18.79629],[-72.32635,18.78939],[-72.33626,18.78291],[-72.33265,18.78067],[-72.34396,18.77076],[-72.35594,18.7675],[-72.3574,18.76173],[-72.35317,18.76088],[-72.35233,18.75256],[-72.3582,18.74733],[-72.34952,18.734],[-72.34423,18.73619],[-72.33186,18.73282],[-72.32851,18.73387],[-72.32857,18.73004],[-72.33807,18.72246],[-72.33398,18.71491],[-72.33629,18.71097],[-72.32576,18.70741],[-72.32265,18.70365],[-72.31189,18.70381],[-72.3167,18.69312],[-72.321,18.69259],[-72.33129,18.68297],[-72.32376,18.68218],[-72.31032,18.67174],[-72.29932,18.66723],[-72.28544,18.65514],[-72.28161,18.65656],[-72.28311,18.66402],[-72.2809,18.67249],[-72.27619,18.67659],[-72.2762,18.6884],[-72.27865,18.69399],[-72.27573,18.69816],[-72.28822,18.70658],[-72.28734,18.71017],[-72.27768,18.71198],[-72.27433,18.71642],[-72.27594,18.71976],[-72.26486,18.7278],[-72.27035,18.73532],[-72.2684,18.74272],[-72.27097,18.74627],[-72.26368,18.75011],[-72.26462,18.75581],[-72.25806,18.76943],[-72.26449,18.77721],[-72.26217,18.78926],[-72.27902,18.79754],[-72.2724,18.80405],[-72.27894,18.80883],[-72.28171,18.81663],[-72.2968,18.81696]]]}},{"type":"Feature","properties":{"adm3_name":"10e Section des Palmes","adm3_pcode":"HT0122-10","adm2_name":"Petit-Goave","adm1_name":"West"},"geometry":{"type":"Polygon","coordinates":[[[-72.86125,18.35839],[-72.86518,18.35928],[-72.86913,18.35285],[-72.87312,18.35131],[-72.8717,18.34601],[-72.87573,18.34562],[-72.87687,18.34185],[-72.86354,18.33612],[-72.85753,18.32925],[-72.86064,18.32352],[-72.85376,18.31983],[-72.85402,18.31568],[-72.86476,18.30885],[-72.85858,18.29907],[-72.86331,18.29117],[-72.86343,18.28645],[-72.85627,18.2812],[-72.83144,18.28226],[-72.82753,18.28935],[-72.83353,18.29788],[-72.84535,18.29997],[-72.83915,18.30898],[-72.8365,18.3083],[-72.83633,18.31141],[-72.82917,18.31423],[-72.83215,18.319],[-72.84683,18.32443],[-72.84892,18.32717],[-72.84295,18.33894],[-72.84295,18.34857],[-72.84781,18.35249],[-72.85264,18.35214],[-72.85549,18.35577],[-72.85974,18.35553],[-72.86125,18.35839]]]}},{"type":"Feature","properties":{"adm3_name":"10e Section Fond d'Oie","adm3_pcode":"HT0121-10","adm2_name":"Leogane","adm1_name":"West"},"geometry":{"type":"Polygon","coordinates":[[[-72.52483,18.40687],[-72.52949,18.41445],[-72.54055,18.40549],[-72.54859,18.40721],[-72.55282,18.40482],[-72.56098,18.4075],[-72.57893,18.40329],[-72.585,18.39873],[-72.58422,18.39426],[-72.58941,18.39045],[-72.59011,18.38344],[-72.59145,18.38148],[-72.59253,18.38374],[-72.59683,18.37903],[-72.59631,18.37044],[-72.58802,18.36479],[-72.58897,18.36156],[-72.58392,18.358],[-72.587,18.35206],[-72.57989,18.35268],[-72.56433,18.34703],[-72.5636,18.3547],[-72.55275,18.35194],[-72.55365,18.35408],[-72.55002,18.35881],[-72.55096,18.36516],[-72.53463,18.37078],[-72.53121,18.38252],[-72.52237,18.38852],[-72.52003,18.39504],[-72.51016,18.39796],[-72.52483,18.40687]]]}},{"type":"Feature","properties":{"adm3_name":"10e Section Guirand","adm3_pcode":"HT0731-10","adm2_name":"Aquin","adm1_name":"South"},"geometry":{"type":"Polygon","coordinates":[[[-73.13994,18.36475],[-73.14394,18.36347],[-73.15658,18.3502],[-73.1645,18.35056],[-73.17322,18.35613],[-73.17941,18.35655],[-73.18938,18.36358],[-73.21767,18.36253],[-73.22817,18.3523],[-73.22655,18.34289],[-73.21957,18.34426],[-73.21343,18.33984],[-73.2097,18.34303],[-73.19185,18.3363],[-73.18638,18.33646],[-73.17331,18.33023],[-73.14776,18.32422],[-73.14014,18.31575],[-73.13623,18.32011],[-73.12422,18.31992],[-73.11831,18.32492],[-73.1117,18.32583],[-73.10551,18.34434],[-73.09679,18.34498],[-73.10002,18.3525],[-73.11046,18.36185],[-73.11466,18.36052],[-73.11859,18.36297],[-73.12519,18.35886],[-73.13994,18.36475]]]}},{"type":"Feature","properties":{"adm3_name":"10e Section La Vanneau","adm3_pcode":"HT0211-10","adm2_name":"Jacmel","adm1_name":"South-East"},"geometry":{"type":"Polygon","coordinates":[[[-72.6284,18.29668],[-72.63457,18.28975],[-72.63549,18.28501],[-72.64143,18.28343],[-72.63889,18.27687],[-72.64016,18.27263],[-72.63165,18.26858],[-72.6266,18.27049],[-72.62326,18.26418],[-72.61581,18.26495],[-72.61391,18.26754],[-72.60819,18.26699],[-72.60694,18.25958],[-72.61364,18.26144],[-72.62122,18.25764],[-72.61507,18.24913],[-72.60727,18.24911],[-72.60106,18.2453],[-72.60244,18.23715],[-72.59943,18.23437],[-72.59322,18.23282],[-72.58531,18.23474],[-72.57973,18.23248],[-72.56336,18.23427],[-72.54799,18.23123],[-72.54755,18.23593],[-72.54451,18.23776],[-72.54597,18.24161],[-72.54389,18.24301],[-72.54646,18.24989],[-72.54973,18.25089],[-72.55029,18.25672],[-72.55631,18.25616],[-72.56038,18.25861],[-72.56279,18.2674],[-72.56879,18.27347],[-72.57857,18.27169],[-72.58274,18.27565],[-72.58946,18.27734],[-72.59125,18.28158],[-72.60133,18.28119],[-72.6166,18.28956],[-72.62054,18.28766],[-72.62061,18.29084],[-72.6284,18.29668]]]}},{"type":"Feature","properties":{"adm3_name":"10e Section Thor","adm3_pcode":"HT0113-10","adm2_name":"Carrefour","adm1_name":"West"},"geometry":{"type":"Polygon","coordinates":[[[-72.40507,18.55116],[-72.4071,18.55251],[-72.4145,18.51704],[-72.41174,18.50994],[-72.40894,18.50924],[-72.40291,18.51491],[-72.39715,18.5133],[-72.39652,18.50903],[-72.38731,18.50597],[-72.37814,18.53395],[-72.39314,18.54378],[-72.39592,18.54699],[-72.39464,18.54879],[-72.40507,18.55116]]]}},{"type":"Feature","properties":{"adm3_name":"11e Section Gros Morne","adm3_pcode":"HT0121-11","adm2_name":"Leogane","adm1_name":"West"},"geometry":{"type":"Polygon","coordinates":[[[-72.5758,18.45187],[-72.58411,18.45616],[-72.58893,18.45276],[-72.59241,18.45764],[-72.60167,18.46313],[-72.62242,18.45612],[-72.62273,18.4498],[-72.62479,18.44915],[-72.6185,18.44401],[-72.61813,18.42712],[-72.61255,18.41942],[-72.60717,18.41685],[-72.61079,18.40971],[-72.5968,18.41629],[-72.58793,18.40829],[-72.58368,18.4111],[-72.58034,18.40892],[-72.57893,18.40329],[-72.57343,18.40311],[-72.57027,18.405],[-72.57215,18.41011],[-72.5701,18.41509],[-72.56047,18.41536],[-72.55542,18.41822],[-72.56096,18.42148],[-72.56205,18.43888],[-72.56527,18.44474],[-72.56925,18.4484],[-72.57222,18.44519],[-72.5744,18.44608],[-72.5758,18.45187]]]}},{"type":"Feature","properties":{"adm3_name":"11e Section La Montagne","adm3_pcode":"HT0211-11","adm2_name":"Jacmel","adm1_name":"South-East"},"geometry":{"type":"Polygon","coordinates":[[[-72.62653,18.26091],[-72.6303,18.26231],[-72.63761,18.26031],[-72.64222,18.2467],[-72.64769,18.24606],[-72.65104,18.23674],[-72.65318,18.23616],[-72.65087,18.23077],[-72.64756,18.23118],[-72.64477,18.22594],[-72.6409,18.22545],[-72.64158,18.21591],[-72.63968,18.21425],[-72.63896,18.19667],[-72.63627,18.19047],[-72.62956,18.18761],[-72.62322,18.18841],[-72.619,18.18346],[-72.60328,18.1834],[-72.59417,18.17801],[-72.59056,18.17825],[-72.58904,18.18091],[-72.58319,18.18003],[-72.57866,18.17449],[-72.57119,18.17575],[-72.56811,18.17152],[-72.5543,18.17191],[-72.54374,18.17636],[-72.54147,18.19008],[-72.55388,18.1994],[-72.55205,18.20778],[-72.5581,18.22227],[-72.54946,18.23102],[-72.56336,18.23427],[-72.57375,18.23248],[-72.58531,18.23474],[-72.59745,18.23354],[-72.60244,18.23715],[-72.60106,18.2453],[-72.6026,18.24689],[-72.61507,18.24913],[-72.6197,18.25306],[-72.61906,18.25644],[-72.62122,18.25764],[-72.61935,18.25978],[-72.62653,18.26091]]]}},{"type":"Feature","properties":{"adm3_name":"11e Section Ravine Seche","adm3_pcode":"HT0122-11","adm2_name":"Petit-Goave","adm1_name":"West"},"geometry":{"type":"Polygon","coordinates":[[[-72.84855,18.42511],[-72.85289,18.43258],[-72.86268,18.43775],[-72.87527,18.42555],[-72.88614,18.42593],[-72.89489,18.4165],[-72.90059,18.41617],[-72.91171,18.41017],[-72.91247,18.40806],[-72.90674,18.40576],[-72.90398,18.39676],[-72.8955,18.3931],[-72.88954,18.38673],[-72.89299,18.37537],[-72.89074,18.36605],[-72.88509,18.3574],[-72.88721,18.34868],[-72.88095,18.34554],[-72.88134,18.34126],[-72.8717,18.34601],[-72.87312,18.35131],[-72.86565,18.35708],[-72.86726,18.36694],[-72.86506,18.37207],[-72.84407,18.39425],[-72.8439,18.41027],[-72.84855,18.42511]]]}},{"type":"Feature","properties":{"adm3_name":"11e Section Riviere Froide","adm3_pcode":"HT0113-11","adm2_name":"Carrefour","adm1_name":"West"},"geometry":{"type":"Polygon","coordinates":[[[-72.41562,18.55411],[-72.41982,18.55497],[-72.43038,18.54181],[-72.45661,18.54683],[-72.45872,18.51712],[-72.45573,18.51427],[-72.43362,18.50684],[-72.42083,18.5053],[-72.41174,18.50994],[-72.4145,18.51704],[-72.4071,18.55251],[-72.41562,18.55411]]]}},{"type":"Feature","properties":{"adm3_name":"12e Section Cormiers","adm3_pcode":"HT0121-12","adm2_name":"Leogane","adm1_name":"West"},"geometry":{"type":"Polygon","coordinates":[[[-72.57893,18.40329],[-72.58034,18.40892],[-72.58368,18.4111],[-72.58793,18.40829],[-72.5968,18.41629],[-72.61079,18.40971],[-72.60717,18.41685],[-72.61255,18.41942],[-72.61813,18.42712],[-72.6185,18.44401],[-72.62479,18.44915],[-72.63239,18.44701],[-72.63332,18.44206],[-72.63905,18.43762],[-72.64235,18.42495],[-72.63844,18.41],[-72.64072,18.40775],[-72.64045,18.39854],[-72.62251,18.39012],[-72.60778,18.39532],[-72.6052,18.39392],[-72.60345,18.38612],[-72.59773,18.38415],[-72.59683,18.37903],[-72.59253,18.38374],[-72.59145,18.38148],[-72.58941,18.39045],[-72.58422,18.39426],[-72.585,18.39873],[-72.57893,18.40329]]]}},{"type":"Feature","properties":{"adm3_name":"12e Section des Fourques","adm3_pcode":"HT0122-12","adm2_name":"Petit-Goave","adm1_name":"West"},"geometry":{"type":"Polygon","coordinates":[[[-72.84918,18.44485],[-72.8581,18.44246],[-72.86268,18.43775],[-72.85289,18.43258],[-72.84644,18.42328],[-72.84364,18.40743],[-72.84407,18.39425],[-72.86248,18.37649],[-72.86694,18.36846],[-72.86692,18.35945],[-72.86125,18.35839],[-72.85974,18.35553],[-72.85549,18.35577],[-72.85264,18.35214],[-72.84781,18.35249],[-72.84295,18.34857],[-72.82537,18.3531],[-72.82478,18.35532],[-72.83137,18.3648],[-72.82451,18.36847],[-72.82086,18.36925],[-72.81587,18.35989],[-72.80875,18.35913],[-72.8058,18.36433],[-72.8081,18.3699],[-72.81456,18.36978],[-72.8215,18.37588],[-72.8142,18.38916],[-72.8163,18.39282],[-72.81407,18.40727],[-72.81679,18.42067],[-72.82553,18.42548],[-72.83374,18.44328],[-72.84918,18.44485]]]}},{"type":"Feature","properties":{"adm3_name":"12e Section Malanga","adm3_pcode":"HT0113-12","adm2_name":"Carrefour","adm1_name":"West"},"geometry":{"type":"Polygon","coordinates":[[[-72.41213,18.44365],[-72.42326,18.44378],[-72.42664,18.43544],[-72.42368,18.43132],[-72.42541,18.42591],[-72.43513,18.41523],[-72.43598,18.40921],[-72.43908,18.408],[-72.43586,18.40541],[-72.42229,18.40398],[-72.41899,18.39989],[-72.42775,18.39495],[-72.43631,18.37961],[-72.43501,18.37332],[-72.4305,18.37642],[-72.42711,18.37397],[-72.40985,18.37879],[-72.4044,18.38401],[-72.39636,18.38618],[-72.39404,18.39177],[-72.3975,18.39587],[-72.40004,18.40629],[-72.40748,18.41424],[-72.39467,18.43393],[-72.40438,18.43659],[-72.4065,18.44179],[-72.41213,18.44365]]]}},{"type":"Feature","properties":{"adm3_name":"13e Section Corail Thor","adm3_pcode":"HT0113-13","adm2_name":"Carrefour","adm1_name":"West"},"geometry":{"type":"Polygon","coordinates":[[[-72.44082,18.47758],[-72.43713,18.47949],[-72.43843,18.49186],[-72.43988,18.49519],[-72.45085,18.50088],[-72.45192,18.50629],[-72.44894,18.5118],[-72.46406,18.51964],[-72.46126,18.50722],[-72.46399,18.50507],[-72.46141,18.50154],[-72.4647,18.50001],[-72.45459,18.49388],[-72.44394,18.47692],[-72.44082,18.47758]]]}},{"type":"Feature","properties":{"adm3_name":"13e Section Petit Harpon","adm3_pcode":"HT0121-13","adm2_name":"Leogane","adm1_name":"West"},"geometry":{"type":"Polygon","coordinates":[[[-72.61127,18.3689],[-72.6054,18.37566],[-72.61076,18.3838],[-72.61832,18.37863],[-72.61932,18.37382],[-72.63244,18.36593],[-72.64076,18.34545],[-72.6223,18.34444],[-72.60826,18.32287],[-72.60139,18.3242],[-72.59619,18.34167],[-72.58392,18.358],[-72.58897,18.36156],[-72.58802,18.36479],[-72.59418,18.36808],[-72.61127,18.3689]]]}},{"type":"Feature","properties":{"adm3_name":"1er Section Bouzi","adm3_pcode":"HT1013-01","adm2_name":"Fonds des Negres","adm1_name":"Nippes"},"geometry":{"type":"Polygon","coordinates":[[[-73.3199,18.41986],[-73.32612,18.41329],[-73.32571,18.39873],[-73.33939,18.3866],[-73.33147,18.37779],[-73.3306,18.37078],[-73.31987,18.36289],[-73.29944,18.36864],[-73.29631,18.36553],[-73.29403,18.3658],[-73.29508,18.36775],[-73.29156,18.36675],[-73.29147,18.36881],[-73.28788,18.36986],[-73.29001,18.37051],[-73.2887,18.37241],[-73.2853,18.3712],[-73.28362,18.38418],[-73.28838,18.38341],[-73.29162,18.38873],[-73.29594,18.38767],[-73.29618,18.39109],[-73.29909,18.39267],[-73.29708,18.40122],[-73.30168,18.4065],[-73.30925,18.40688],[-73.31104,18.41327],[-73.30868,18.41414],[-73.31316,18.41558],[-73.31371,18.41905],[-73.3199,18.41986]]]}},{"type":"Feature","properties":{"adm3_name":"1re Section Acaj ou Brûle No 1","adm3_pcode":"HT0641-01","adm2_name":"Cerca La Source","adm1_name":"Centre"},"geometry":{"type":"Polygon","coordinates":[[[-71.73439,19.20928],[-71.74543,19.21249],[-71.74875,19.20791],[-71.75478,19.20854],[-71.76399,19.19637],[-71.76948,19.19688],[-71.76948,19.19113],[-71.78277,19.17893],[-71.77946,19.16605],[-71.78864,19.15655],[-71.79435,19.15694],[-71.79702,19.15436],[-71.799,19.14943],[-71.80305,19.1468],[-71.80182,19.14485],[-71.81184,19.13413],[-71.79816,19.13054],[-71.78905,19.13093],[-71.77769,19.12274],[-71.77405,19.12461],[-71.76856,19.12312],[-71.76387,19.11186],[-71.75306,19.10781],[-71.74875,19.10055],[-71.74171,19.09696],[-71.73847,19.07766],[-71.728,19.06815],[-71.72853,19.05902],[-71.72336,19.0537],[-71.72069,19.05989],[-71.71668,19.06013],[-71.71647,19.06318],[-71.72094,19.0644],[-71.71908,19.06885],[-71.71637,19.07123],[-71.71123,19.07073],[-71.71015,19.06732],[-71.70186,19.07325],[-71.70364,19.07624],[-71.71227,19.07834],[-71.71288,19.08224],[-71.70972,19.0856],[-71.70228,19.08484],[-71.69731,19.08718],[-71.6994,19.09574],[-71.70717,19.10016],[-71.70262,19.10669],[-71.69699,19.10872],[-71.68493,19.10305],[-71.68315,19.10852],[-71.67927,19.10954],[-71.68259,19.1172],[-71.67707,19.1169],[-71.67299,19.1129],[-71.67059,19.1175],[-71.66314,19.11305],[-71.65575,19.11742],[-71.65432,19.1156],[-71.64608,19.13567],[-71.6569,19.14367],[-71.64993,19.14307],[-71.64045,19.14694],[-71.6468,19.15268],[-71.64352,19.15423],[-71.64585,19.1571],[-71.6424,19.15703],[-71.64513,19.16367],[-71.64769,19.16405],[-71.64493,19.16586],[-71.64637,19.16872],[-71.65142,19.17356],[-71.65811,19.17552],[-71.65929,19.17881],[-71.66516,19.17774],[-71.67125,19.18134],[-71.68046,19.18233],[-71.68644,19.17877],[-71.6998,19.19288],[-71.7058,19.18998],[-71.71549,19.19691],[-71.72071,19.20862],[-71.7301,19.20728],[-71.73439,19.20928]]]}},{"type":"Feature","properties":{"adm3_name":"1re Section Anote ou 1re Tapion","adm3_pcode":"HT0814-01","adm2_name":"Moron","adm1_name":"Grande'Anse"},"geometry":{"type":"Polygon","coordinates":[[[-74.25925,18.59365],[-74.26564,18.59463],[-74.27383,18.59016],[-74.28842,18.56645],[-74.28727,18.5536],[-74.28289,18.55645],[-74.27865,18.5556],[-74.27896,18.55063],[-74.27517,18.55096],[-74.27434,18.54514],[-74.26829,18.54551],[-74.26579,18.54015],[-74.25884,18.54352],[-74.25951,18.54881],[-74.2532,18.54871],[-74.2536,18.55195],[-74.25789,18.55236],[-74.2573,18.55699],[-74.25326,18.55907],[-74.25508,18.56188],[-74.24158,18.56497],[-74.23615,18.56295],[-74.23317,18.56548],[-74.2323,18.57211],[-74.22709,18.57264],[-74.22891,18.57985],[-74.24126,18.58891],[-74.25925,18.59365]]]}},{"type":"Feature","properties":{"adm3_name":"1re Section Anse du Clerc","adm3_pcode":"HT0812-01","adm2_name":"Abricots","adm1_name":"Grande'Anse"},"geometry":{"type":"Polygon","coordinates":[[[-74.25823,18.65056],[-74.25751,18.66184],[-74.26289,18.6671],[-74.27031,18.65553],[-74.27533,18.65387],[-74.27737,18.64884],[-74.28813,18.64394],[-74.28574,18.6285],[-74.2791,18.61776],[-74.28506,18.61309],[-74.27579,18.59873],[-74.27383,18.59016],[-74.26564,18.59463],[-74.25925,18.59365],[-74.25652,18.60729],[-74.2609,18.61328],[-74.25521,18.63703],[-74.25842,18.64209],[-74.25823,18.65056]]]}},{"type":"Feature","properties":{"adm3_name":"1re Section Bac a Soude","adm3_pcode":"HT0343-01","adm2_name":"Ranquitte","adm1_name":"North"},"geometry":{"type":"Polygon","coordinates":[[[-72.10324,19.43984],[-72.10559,19.44215],[-72.10696,19.43974],[-72.1058,19.4376],[-72.10909,19.4309],[-72.10538,19.4245],[-72.11045,19.42175],[-72.10796,19.41949],[-72.11086,19.41671],[-72.11044,19.41185],[-72.11496,19.40831],[-72.11107,19.40386],[-72.10523,19.40188],[-72.10695,19.39439],[-72.10429,19.39382],[-72.1058,19.39071],[-72.10223,19.38861],[-72.09982,19.37232],[-72.07918,19.35985],[-72.07931,19.36881],[-72.07045,19.37009],[-72.0531,19.38525],[-72.06214,19.3931],[-72.06906,19.39533],[-72.0731,19.40149],[-72.07615,19.41387],[-72.08309,19.41413],[-72.08295,19.41769],[-72.09572,19.43355],[-72.10043,19.43421],[-72.10324,19.43984]]]}},{"type":"Feature","properties":{"adm3_name":"1re Section Baconnois-Barreau","adm3_pcode":"HT1024-01","adm2_name":"Arnaud","adm1_name":"Nippes"},"geometry":{"type":"Polygon","coordinates":[[[-73.42234,18.50118],[-73.44378,18.48879],[-73.43397,18.4798],[-73.43495,18.46755],[-73.42953,18.45661],[-73.4302,18.4524],[-73.42298,18.45078],[-73.41715,18.44531],[-73.40244,18.44679],[-73.39942,18.44469],[-73.38546,18.44905],[-73.38045,18.45301],[-73.37811,18.46394],[-73.35595,18.47611],[-73.35497,18.47874],[-73.35421,18.48762],[-73.35636,18.4885],[-73.36464,18.48941],[-73.37036,18.48538],[-73.37754,18.48788],[-73.38215,18.48669],[-73.38645,18.48965],[-73.41207,18.49552],[-73.41595,18.49528],[-73.41674,18.49226],[-73.42234,18.50118]]]}},{"type":"Feature","properties":{"adm3_name":"1re Section Baconnois-Grand-Fond","adm3_pcode":"HT1021-01","adm2_name":"Anse-a-Veau","adm1_name":"Nippes"},"geometry":{"type":"Polygon","coordinates":[[[-73.44109,18.52472],[-73.44637,18.52202],[-73.44286,18.51219],[-73.44976,18.49691],[-73.44378,18.48879],[-73.42234,18.50118],[-73.41674,18.49226],[-73.41595,18.49528],[-73.41207,18.49552],[-73.38645,18.48965],[-73.38215,18.48669],[-73.37754,18.48788],[-73.3691,18.48543],[-73.36464,18.48941],[-73.35421,18.48762],[-73.34729,18.5007],[-73.34974,18.50707],[-73.36092,18.51009],[-73.39326,18.51442],[-73.40681,18.52052],[-73.4158,18.51934],[-73.44109,18.52472]]]}},{"type":"Feature","properties":{"adm3_name":"1re Section Bais d'Orange","adm3_pcode":"HT0231-01","adm2_name":"Belle Anse","adm1_name":"South-East"},"geometry":{"type":"Polygon","coordinates":[[[-72.22155,18.34983],[-72.25423,18.35737],[-72.25342,18.35218],[-72.23573,18.33651],[-72.24049,18.32751],[-72.23844,18.31951],[-72.22933,18.30438],[-72.23231,18.29656],[-72.22694,18.27963],[-72.23061,18.26817],[-72.221,18.25137],[-72.22407,18.22224],[-72.19809,18.22168],[-72.15948,18.23173],[-72.14398,18.23043],[-72.14667,18.2356],[-72.15656,18.23466],[-72.16546,18.23891],[-72.17354,18.24977],[-72.17609,18.26426],[-72.19067,18.26573],[-72.18994,18.27036],[-72.19383,18.28021],[-72.18763,18.29057],[-72.19216,18.29898],[-72.19986,18.30266],[-72.19905,18.3044],[-72.20258,18.30708],[-72.20106,18.31547],[-72.19367,18.32136],[-72.19179,18.3354],[-72.19945,18.35227],[-72.21815,18.34853],[-72.22155,18.34983]]]}},{"type":"Feature","properties":{"adm3_name":"1re Section Ballon","adm3_pcode":"HT0372-01","adm2_name":"Pilate","adm1_name":"North"},"geometry":{"type":"Polygon","coordinates":[[[-72.53458,19.70064],[-72.54802,19.69933],[-72.54802,19.69244],[-72.55092,19.69227],[-72.55394,19.68783],[-72.55549,19.68972],[-72.55608,19.68759],[-72.56104,19.68805],[-72.55944,19.68609],[-72.56401,19.6831],[-72.5666,19.67423],[-72.56943,19.67139],[-72.57381,19.67338],[-72.57615,19.65734],[-72.57183,19.65238],[-72.56978,19.6364],[-72.56662,19.62917],[-72.54966,19.63781],[-72.54514,19.64728],[-72.53497,19.65317],[-72.53951,19.65725],[-72.52903,19.67184],[-72.53139,19.68294],[-72.53573,19.68713],[-72.53345,19.69059],[-72.53629,19.69361],[-72.53458,19.70064]]]}},{"type":"Feature","properties":{"adm3_name":"1re Section Bande du Nord","adm3_pcode":"HT0311-01","adm2_name":"Cap-Haitien","adm1_name":"North"},"geometry":{"type":"Polygon","coordinates":[[[-72.24642,19.78744],[-72.24777,19.78878],[-72.24844,19.78663],[-72.24242,19.78428],[-72.2459,19.78044],[-72.24305,19.77695],[-72.24349,19.77332],[-72.25305,19.77652],[-72.25947,19.77531],[-72.25669,19.74745],[-72.25076,19.74861],[-72.24528,19.75556],[-72.24199,19.75648],[-72.23751,19.75122],[-72.23507,19.75493],[-72.22336,19.75753],[-72.21966,19.75065],[-72.21493,19.75157],[-72.21207,19.75503],[-72.20584,19.7566],[-72.20873,19.76294],[-72.20756,19.76667],[-72.20205,19.76464],[-72.19745,19.76811],[-72.1942,19.76738],[-72.19141,19.78022],[-72.18901,19.78255],[-72.19774,19.78838],[-72.20366,19.78453],[-72.22012,19.78557],[-72.22765,19.78295],[-72.23949,19.78877],[-72.24221,19.7866],[-72.24642,19.78744]]]}},{"type":"Feature","properties":{"adm3_name":"1re Section Barbois","adm3_pcode":"HT0721-01","adm2_name":"Port-Salut","adm1_name":"South"},"geometry":{"type":"Polygon","coordinates":[[[-73.87293,18.15255],[-73.88399,18.13454],[-73.89473,18.12825],[-73.89352,18.12395],[-73.89762,18.12043],[-73.90466,18.12488],[-73.92114,18.10825],[-73.93404,18.11335],[-73.94296,18.10867],[-73.93895,18.10264],[-73.9397,18.09932],[-73.92674,18.09103],[-73.92212,18.08485],[-73.92332,18.08246],[-73.92001,18.0818],[-73.91761,18.07838],[-73.91907,18.07677],[-73.9086,18.06525],[-73.90586,18.07171],[-73.89048,18.07271],[-73.88469,18.07088],[-73.87246,18.08413],[-73.86987,18.09169],[-73.86126,18.0957],[-73.86117,18.0991],[-73.8557,18.10297],[-73.85272,18.10874],[-73.85708,18.13036],[-73.86379,18.13695],[-73.86292,18.1403],[-73.86835,18.14102],[-73.86734,18.14848],[-73.87293,18.15255]]]}},{"type":"Feature","properties":{"adm3_name":"1re Section Bariadelle","adm3_pcode":"HT0822-01","adm2_name":"Dame Marie","adm1_name":"Grande'Anse"},"geometry":{"type":"Polygon","coordinates":[[[-74.41804,18.55017],[-74.41958,18.55661],[-74.42404,18.56098],[-74.43188,18.54949],[-74.43625,18.54886],[-74.43441,18.54019],[-74.44216,18.53592],[-74.445,18.53147],[-74.44216,18.51571],[-74.45948,18.49904],[-74.45837,18.49551],[-74.45192,18.50031],[-74.43513,18.49703],[-74.42809,18.49995],[-74.42454,18.49847],[-74.4202,18.50186],[-74.40461,18.49766],[-74.40373,18.49993],[-74.39911,18.50088],[-74.40065,18.52433],[-74.4097,18.53077],[-74.41525,18.53978],[-74.41494,18.54544],[-74.41804,18.55017]]]}},{"type":"Feature","properties":{"adm3_name":"1re Section Bas Cap Rouge","adm3_pcode":"HT0211-01","adm2_name":"Jacmel","adm1_name":"South-East"},"geometry":{"type":"Polygon","coordinates":[[[-72.49782,18.30476],[-72.50307,18.30909],[-72.50847,18.30544],[-72.51072,18.30328],[-72.50927,18.29607],[-72.51505,18.29524],[-72.51155,18.28898],[-72.52666,18.27878],[-72.53268,18.2714],[-72.53013,18.26729],[-72.53596,18.25859],[-72.53302,18.24712],[-72.5365,18.23644],[-72.53358,18.2288],[-72.52525,18.22101],[-72.52358,18.22182],[-72.51952,18.21473],[-72.51418,18.21437],[-72.49434,18.22018],[-72.48929,18.22452],[-72.47836,18.21944],[-72.46891,18.22283],[-72.46822,18.22495],[-72.46458,18.22266],[-72.45961,18.22364],[-72.45844,18.22156],[-72.4339,18.22729],[-72.43594,18.24406],[-72.44358,18.24266],[-72.44125,18.25422],[-72.43661,18.25631],[-72.44268,18.25953],[-72.44124,18.26672],[-72.44404,18.26948],[-72.4445,18.27551],[-72.46079,18.27744],[-72.4696,18.28373],[-72.47612,18.29269],[-72.48778,18.29387],[-72.48345,18.30028],[-72.49782,18.30476]]]}},{"type":"Feature","properties":{"adm3_name":"1re Section Bas Coursin I","adm3_pcode":"HT0542-01","adm2_name":"Petite Riviere de l'Artibonite","adm1_name":"Artibonite"},"geometry":{"type":"Polygon","coordinates":[[[-72.52649,19.19889],[-72.53942,19.21048],[-72.54032,19.21497],[-72.53629,19.22216],[-72.54162,19.22432],[-72.54897,19.21845],[-72.55253,19.18714],[-72.60018,19.16712],[-72.59841,19.15166],[-72.588,19.14841],[-72.58254,19.15287],[-72.57962,19.14969],[-72.57946,19.14225],[-72.57368,19.13927],[-72.56558,19.14093],[-72.56319,19.14607],[-72.55911,19.14443],[-72.55259,19.14901],[-72.53932,19.14066],[-72.53251,19.14815],[-72.52112,19.15445],[-72.51493,19.15393],[-72.51149,19.15611],[-72.50858,19.16892],[-72.49564,19.17545],[-72.4937,19.17882],[-72.50066,19.18921],[-72.50703,19.18797],[-72.51424,19.19651],[-72.52136,19.19305],[-72.52649,19.19889]]]}},{"type":"Feature","properties":{"adm3_name":"1re Section Bas de Sainte Anne","adm3_pcode":"HT0922-01","adm2_name":"Anse-a-Foleur","adm1_name":"North-West"},"geometry":{"type":"Polygon","coordinates":[[[-72.66114,19.85854],[-72.67543,19.85571],[-72.67871,19.84925],[-72.67726,19.83278],[-72.66092,19.8287],[-72.63896,19.82935],[-72.63913,19.81854],[-72.6318,19.81689],[-72.63007,19.8117],[-72.61501,19.81799],[-72.61502,19.83129],[-72.60709,19.83799],[-72.59811,19.83741],[-72.5944,19.83029],[-72.59089,19.83148],[-72.59321,19.83259],[-72.60123,19.85269],[-72.61117,19.85188],[-72.61542,19.85451],[-72.6351,19.85551],[-72.63893,19.85401],[-72.6422,19.85663],[-72.65637,19.85537],[-72.66114,19.85854]]]}},{"type":"Feature","properties":{"adm3_name":"1re Section Bas Maribahoux","adm3_pcode":"HT0412-01","adm2_name":"Ferrier","adm1_name":"North-East"},"geometry":{"type":"Polygon","coordinates":[[[-71.7768,19.70683],[-71.79086,19.70893],[-71.79762,19.65948],[-71.78836,19.65837],[-71.78391,19.65236],[-71.78531,19.64752],[-71.79027,19.64656],[-71.79632,19.63659],[-71.78928,19.62013],[-71.80079,19.60914],[-71.80618,19.60035],[-71.80456,19.59252],[-71.80019,19.59006],[-71.79586,19.58161],[-71.7861,19.58365],[-71.78518,19.58149],[-71.78192,19.58609],[-71.77283,19.58597],[-71.77077,19.58395],[-71.76848,19.58751],[-71.74347,19.58859],[-71.74577,19.63388],[-71.73246,19.6464],[-71.73534,19.66176],[-71.73965,19.66521],[-71.74348,19.66488],[-71.75345,19.67573],[-71.75626,19.67609],[-71.75449,19.68136],[-71.75616,19.68508],[-71.75413,19.68584],[-71.75959,19.68848],[-71.75509,19.6922],[-71.7619,19.6948],[-71.75864,19.70202],[-71.76103,19.70471],[-71.7768,19.70683]]]}},{"type":"Feature","properties":{"adm3_name":"1re Section Basse Plaine","adm3_pcode":"HT0312-01","adm2_name":"Quartier Morin","adm1_name":"North"},"geometry":{"type":"Polygon","coordinates":[[[-72.15235,19.75724],[-72.15087,19.75309],[-72.14467,19.74934],[-72.14603,19.74535],[-72.14308,19.74606],[-72.14662,19.74311],[-72.1586,19.74676],[-72.15896,19.74308],[-72.16431,19.73796],[-72.16456,19.72463],[-72.18138,19.72463],[-72.18747,19.72086],[-72.20725,19.71675],[-72.19891,19.70997],[-72.19858,19.70352],[-72.18617,19.69911],[-72.18614,19.69732],[-72.15853,19.69667],[-72.15869,19.69287],[-72.14306,19.68892],[-72.1432,19.68522],[-72.14228,19.70119],[-72.13491,19.7203],[-72.13858,19.74141],[-72.13112,19.74827],[-72.1349,19.75392],[-72.15235,19.75724]]]}},{"type":"Feature","properties":{"adm3_name":"1re Section Basse Plaine","adm3_pcode":"HT0313-01","adm2_name":"Limonade","adm1_name":"North"},"geometry":{"type":"Polygon","coordinates":[[[-72.1283,19.75086],[-72.13282,19.7524],[-72.13139,19.74668],[-72.13568,19.74554],[-72.13858,19.74141],[-72.13491,19.7203],[-72.14228,19.70119],[-72.14149,19.67889],[-72.14676,19.67524],[-72.14921,19.66879],[-72.13122,19.66626],[-72.11824,19.67848],[-72.11554,19.68714],[-72.10277,19.68546],[-72.05927,19.67058],[-72.05858,19.67586],[-72.06286,19.68544],[-72.05652,19.6961],[-72.06468,19.69659],[-72.06462,19.69884],[-72.05478,19.70445],[-72.04679,19.70166],[-72.03771,19.70532],[-72.03681,19.71665],[-72.04026,19.72074],[-72.03628,19.72651],[-72.03918,19.73216],[-72.04743,19.73767],[-72.04864,19.7337],[-72.04462,19.73026],[-72.04763,19.73128],[-72.05156,19.72812],[-72.05436,19.72287],[-72.05293,19.72087],[-72.05676,19.71732],[-72.06177,19.71799],[-72.06127,19.70703],[-72.0674,19.70669],[-72.06684,19.70242],[-72.07808,19.70317],[-72.07619,19.70882],[-72.0813,19.70964],[-72.07833,19.7147],[-72.07156,19.71251],[-72.06437,19.71346],[-72.06511,19.71869],[-72.05764,19.72207],[-72.0548,19.72726],[-72.05556,19.73166],[-72.07296,19.73233],[-72.09343,19.72618],[-72.11475,19.7301],[-72.12701,19.74296],[-72.1283,19.75086]]]}},{"type":"Feature","properties":{"adm3_name":"1re Section Basse Voldrogue","adm3_pcode":"HT0811-01","adm2_name":"Jeremie","adm1_name":"Grande'Anse"},"geometry":{"type":"Polygon","coordinates":[[[-74.10526,18.62853],[-74.10953,18.62764],[-74.10894,18.60297],[-74.11468,18.59867],[-74.12663,18.57613],[-74.12717,18.56616],[-74.13185,18.5575],[-74.12951,18.55658],[-74.09603,18.55363],[-74.07037,18.57678],[-74.07319,18.58664],[-74.072,18.59809],[-74.07808,18.61476],[-74.08004,18.61211],[-74.0849,18.612],[-74.10526,18.62853]]]}},{"type":"Feature","properties":{"adm3_name":"1re Section Baudin","adm3_pcode":"HT0911-01","adm2_name":"Port-de-Paix","adm1_name":"North-West"},"geometry":{"type":"Polygon","coordinates":[[[-72.81638,19.95254],[-72.82084,19.95132],[-72.81751,19.94888],[-72.81594,19.94182],[-72.81751,19.93341],[-72.81059,19.92403],[-72.79722,19.91788],[-72.78914,19.90444],[-72.78636,19.90659],[-72.7857,19.91351],[-72.77703,19.91974],[-72.76973,19.94773],[-72.78108,19.95169],[-72.80028,19.94836],[-72.80631,19.95115],[-72.81031,19.94812],[-72.81638,19.95254]]]}},{"type":"Feature","properties":{"adm3_name":"1re Section Beaulieu","adm3_pcode":"HT0743-01","adm2_name":"Roche a Bateau","adm1_name":"South"},"geometry":{"type":"Polygon","coordinates":[[[-73.94826,18.16755],[-73.94586,18.18868],[-73.94055,18.1954],[-73.95273,18.2038],[-73.97291,18.19005],[-74.0052,18.18119],[-74.00083,18.16583],[-73.97963,18.16367],[-73.97901,18.158],[-73.98089,18.15588],[-73.97482,18.14622],[-73.96094,18.13342],[-73.94695,18.13309],[-73.94826,18.16755]]]}},{"type":"Feature","properties":{"adm3_name":"1re Section Beaumont","adm3_pcode":"HT0833-01","adm2_name":"Beaumont","adm1_name":"Grande'Anse"},"geometry":{"type":"Polygon","coordinates":[[[-73.98243,18.51328],[-73.98511,18.50995],[-73.98967,18.50926],[-73.98352,18.50359],[-73.9817,18.49796],[-73.98292,18.49207],[-73.97304,18.48684],[-73.97256,18.48378],[-73.97997,18.47646],[-73.9702,18.47098],[-73.97549,18.46837],[-73.98781,18.47022],[-73.98933,18.46783],[-73.9819,18.45326],[-73.98923,18.44852],[-73.99115,18.44083],[-73.99662,18.43581],[-73.99371,18.42286],[-74.00134,18.40682],[-74.00276,18.38373],[-73.97771,18.37131],[-73.97607,18.37289],[-73.96431,18.3688],[-73.93993,18.37017],[-73.93918,18.37664],[-73.93214,18.38273],[-73.92737,18.39136],[-73.9293,18.39594],[-73.93977,18.39882],[-73.94044,18.40502],[-73.9384,18.41628],[-73.93275,18.42286],[-73.93515,18.42798],[-73.93077,18.4417],[-73.92999,18.45579],[-73.92215,18.46659],[-73.91703,18.4676],[-73.90741,18.47638],[-73.89628,18.47848],[-73.8923,18.48964],[-73.89701,18.48663],[-73.89993,18.49197],[-73.91998,18.48508],[-73.93033,18.48702],[-73.93924,18.4928],[-73.94139,18.49778],[-73.94808,18.49153],[-73.95219,18.49536],[-73.95591,18.49425],[-73.96008,18.50212],[-73.9703,18.51151],[-73.98029,18.51133],[-73.98243,18.51328]]]}},{"type":"Feature","properties":{"adm3_name":"1re Section Bernagousse","adm3_pcode":"HT0834-01","adm2_name":"Pestel","adm1_name":"Grande'Anse"},"geometry":{"type":"Polygon","coordinates":[[[-73.83367,18.56632],[-73.83724,18.56697],[-73.83879,18.56248],[-73.84837,18.55546],[-73.85101,18.55021],[-73.85119,18.542],[-73.85531,18.53452],[-73.85505,18.52667],[-73.8697,18.50786],[-73.87199,18.4929],[-73.85746,18.49949],[-73.84942,18.49778],[-73.84095,18.50088],[-73.82123,18.5021],[-73.823,18.51178],[-73.81802,18.52066],[-73.81242,18.52426],[-73.80693,18.52056],[-73.79772,18.52974],[-73.79873,18.54017],[-73.79088,18.54575],[-73.79588,18.54565],[-73.79355,18.54836],[-73.79741,18.54605],[-73.79669,18.54953],[-73.80184,18.55228],[-73.80374,18.54951],[-73.80329,18.55345],[-73.81017,18.55762],[-73.81484,18.55651],[-73.81411,18.56108],[-73.81724,18.55724],[-73.81837,18.56081],[-73.82075,18.55865],[-73.82201,18.5628],[-73.82558,18.5606],[-73.82699,18.56283],[-73.83128,18.56269],[-73.83223,18.56537],[-73.83456,18.56347],[-73.83367,18.56632]]]}},{"type":"Feature","properties":{"adm3_name":"1re Section Bino","adm3_pcode":"HT0122-01","adm2_name":"Petit-Goave","adm1_name":"West"},"geometry":{"type":"Polygon","coordinates":[[[-72.88861,18.42476],[-72.89569,18.42753],[-72.8993,18.43288],[-72.89868,18.43688],[-72.90275,18.4411],[-72.94232,18.43777],[-72.97135,18.44008],[-72.97533,18.43557],[-72.97205,18.42629],[-72.97535,18.41731],[-72.96813,18.41637],[-72.96638,18.41322],[-72.97094,18.40985],[-72.97101,18.40551],[-72.97961,18.40108],[-72.9852,18.39391],[-72.96833,18.37105],[-72.96272,18.37276],[-72.96351,18.37909],[-72.96141,18.38332],[-72.95183,18.38727],[-72.94696,18.38646],[-72.94227,18.38967],[-72.93906,18.38887],[-72.9355,18.39164],[-72.93284,18.38821],[-72.92354,18.39356],[-72.92129,18.39278],[-72.92127,18.40234],[-72.91043,18.4012],[-72.90674,18.40576],[-72.91247,18.40806],[-72.91171,18.41017],[-72.90059,18.41617],[-72.89489,18.4165],[-72.88861,18.42476]]]}},{"type":"Feature","properties":{"adm3_name":"1re Section Blactote","adm3_pcode":"HT0753-01","adm2_name":"Tiburon","adm1_name":"South"},"geometry":{"type":"Polygon","coordinates":[[[-74.30196,18.33218],[-74.33433,18.32648],[-74.34264,18.328],[-74.3608,18.31964],[-74.36748,18.31888],[-74.37058,18.31585],[-74.37526,18.32064],[-74.38507,18.32511],[-74.39752,18.32481],[-74.40188,18.31918],[-74.39651,18.31569],[-74.3838,18.31433],[-74.38398,18.31134],[-74.36966,18.29644],[-74.35836,18.29616],[-74.33603,18.28993],[-74.33414,18.2979],[-74.3313,18.30031],[-74.30997,18.30148],[-74.28817,18.3152],[-74.29036,18.32586],[-74.30196,18.33218]]]}},{"type":"Feature","properties":{"adm3_name":"1re Section Boileau","adm3_pcode":"HT0733-01","adm2_name":"Cavaillon","adm1_name":"South"},"geometry":{"type":"Polygon","coordinates":[[[-73.55454,18.33422],[-73.56148,18.34733],[-73.56485,18.33422],[-73.56788,18.33373],[-73.57819,18.33755],[-73.5842,18.33786],[-73.58532,18.33469],[-73.59696,18.33668],[-73.61127,18.34375],[-73.61883,18.33775],[-73.62226,18.34085],[-73.62547,18.34058],[-73.62794,18.34423],[-73.62937,18.34146],[-73.62072,18.32383],[-73.62282,18.31798],[-73.63068,18.31489],[-73.63299,18.3101],[-73.64876,18.29573],[-73.65533,18.29929],[-73.65689,18.28498],[-73.65423,18.28348],[-73.65685,18.27447],[-73.6626,18.26946],[-73.66304,18.26283],[-73.67283,18.25287],[-73.67711,18.25202],[-73.67732,18.25544],[-73.68096,18.25313],[-73.67969,18.24885],[-73.6884,18.24987],[-73.68495,18.23856],[-73.67922,18.23883],[-73.67449,18.23616],[-73.67743,18.22735],[-73.67311,18.22349],[-73.66749,18.23327],[-73.65446,18.23913],[-73.64996,18.25248],[-73.64654,18.25369],[-73.64239,18.24821],[-73.64115,18.24542],[-73.64803,18.23912],[-73.64994,18.22803],[-73.65844,18.22806],[-73.65708,18.22421],[-73.66092,18.22796],[-73.65934,18.22202],[-73.66191,18.22261],[-73.66059,18.21818],[-73.66374,18.21706],[-73.6636,18.21106],[-73.65746,18.21059],[-73.65148,18.21588],[-73.6454,18.21429],[-73.63996,18.21725],[-73.63871,18.22146],[-73.6332,18.2235],[-73.63377,18.22831],[-73.64432,18.22798],[-73.6367,18.24042],[-73.63301,18.25726],[-73.62237,18.26535],[-73.62573,18.27549],[-73.63549,18.27846],[-73.62702,18.28972],[-73.6299,18.29311],[-73.62447,18.29574],[-73.62302,18.29399],[-73.62095,18.29577],[-73.61309,18.29523],[-73.6104,18.29099],[-73.60317,18.297],[-73.59796,18.29826],[-73.58818,18.30762],[-73.58478,18.31583],[-73.58185,18.31595],[-73.58274,18.32062],[-73.57101,18.32041],[-73.56528,18.32684],[-73.56399,18.32181],[-73.56062,18.32222],[-73.55443,18.33065],[-73.55454,18.33422]]]}},{"type":"Feature","properties":{"adm3_name":"1re Section Bois Camelle","adm3_pcode":"HT0442-01","adm2_name":"Carice","adm1_name":"North-East"},"geometry":{"type":"Polygon","coordinates":[[[-71.86936,19.42702],[-71.87335,19.42896],[-71.87755,19.43591],[-71.88116,19.42799],[-71.87732,19.41765],[-71.88394,19.40855],[-71.88453,19.40227],[-71.87028,19.38997],[-71.86964,19.38824],[-71.87472,19.3853],[-71.86488,19.38536],[-71.86174,19.38289],[-71.86094,19.37878],[-71.85792,19.37698],[-71.85556,19.36561],[-71.84925,19.36162],[-71.84862,19.3581],[-71.84019,19.3579],[-71.83681,19.3551],[-71.83255,19.35834],[-71.83687,19.37134],[-71.82679,19.37977],[-71.82663,19.38365],[-71.8318,19.38531],[-71.83161,19.38941],[-71.84032,19.40021],[-71.84493,19.40042],[-71.8506,19.40704],[-71.85349,19.40777],[-71.85372,19.40567],[-71.85681,19.40768],[-71.85972,19.41529],[-71.85823,19.41936],[-71.85343,19.42122],[-71.85319,19.42413],[-71.86936,19.42702]]]}},{"type":"Feature","properties":{"adm3_name":"1re Section Bois Neuf","adm3_pcode":"HT0341-01","adm2_name":"Saint-Raphael","adm1_name":"North"},"geometry":{"type":"Polygon","coordinates":[[[-72.20912,19.49106],[-72.21581,19.49081],[-72.2219,19.48517],[-72.23148,19.48887],[-72.24095,19.489],[-72.2488,19.48005],[-72.25678,19.46193],[-72.25708,19.45609],[-72.25196,19.45346],[-72.25014,19.44437],[-72.22694,19.4332],[-72.22988,19.42622],[-72.22322,19.4198],[-72.223,19.41559],[-72.21648,19.4137],[-72.21129,19.4148],[-72.20874,19.43192],[-72.21083,19.43837],[-72.20113,19.46363],[-72.20321,19.46495],[-72.20071,19.47115],[-72.2048,19.47847],[-72.20128,19.48218],[-72.20986,19.48828],[-72.20912,19.49106]]]}},{"type":"Feature","properties":{"adm3_name":"1re Section Bois Pin","adm3_pcode":"HT0332-01","adm2_name":"Bahon","adm1_name":"North"},"geometry":{"type":"Polygon","coordinates":[[[-72.09469,19.5124],[-72.09535,19.5162],[-72.09751,19.51155],[-72.12708,19.50223],[-72.13175,19.50195],[-72.13079,19.50564],[-72.13259,19.50723],[-72.13593,19.50181],[-72.13307,19.49819],[-72.13426,19.49383],[-72.12512,19.48843],[-72.1129,19.46864],[-72.11317,19.46547],[-72.10805,19.4641],[-72.10714,19.46078],[-72.10168,19.45802],[-72.09705,19.44764],[-72.09226,19.44896],[-72.08965,19.44724],[-72.08011,19.45856],[-72.06993,19.45547],[-72.07066,19.46131],[-72.06701,19.46541],[-72.06621,19.47185],[-72.06274,19.47216],[-72.06429,19.47471],[-72.06212,19.47768],[-72.06298,19.48021],[-72.08297,19.49041],[-72.09113,19.49752],[-72.09469,19.5124]]]}},{"type":"Feature","properties":{"adm3_name":"1re Section Boucan Guillaume","adm3_pcode":"HT0234-01","adm2_name":"Anse-a-Pitre","adm1_name":"South-East"},"geometry":{"type":"Polygon","coordinates":[[[-71.78374,18.17103],[-71.78594,18.17619],[-71.80061,18.18252],[-71.80372,18.19267],[-71.81156,18.20364],[-71.82263,18.20613],[-71.81857,18.19748],[-71.82476,18.18955],[-71.82768,18.17976],[-71.84142,18.17637],[-71.84252,18.15369],[-71.84578,18.14385],[-71.85443,18.13349],[-71.85447,18.12781],[-71.8497,18.12146],[-71.84237,18.1186],[-71.81793,18.09646],[-71.81461,18.08606],[-71.81781,18.07947],[-71.81226,18.07324],[-71.7845,18.05107],[-71.76768,18.04221],[-71.75942,18.0317],[-71.75617,18.04211],[-71.74514,18.0523],[-71.74427,18.06496],[-71.7382,18.0694],[-71.73931,18.07732],[-71.7357,18.07885],[-71.73573,18.08118],[-71.73767,18.08893],[-71.74056,18.09068],[-71.73629,18.09589],[-71.73922,18.10046],[-71.74508,18.09875],[-71.7467,18.10039],[-71.75031,18.11139],[-71.74596,18.12236],[-71.74842,18.12579],[-71.74539,18.12675],[-71.74796,18.12977],[-71.74384,18.1317],[-71.7465,18.13474],[-71.74569,18.13729],[-71.75198,18.13878],[-71.74885,18.14198],[-71.74665,18.14084],[-71.74731,18.14773],[-71.74986,18.14867],[-71.75467,18.14195],[-71.7541,18.1463],[-71.75914,18.14645],[-71.75871,18.153],[-71.76134,18.15213],[-71.76552,18.15716],[-71.76484,18.1593],[-71.76883,18.1617],[-71.76632,18.16798],[-71.77773,18.16602],[-71.78374,18.17103]]]}},{"type":"Feature","properties":{"adm3_name":"1re Section Boucan Richard","adm3_pcode":"HT0521-01","adm2_name":"Gros Morne","adm1_name":"Artibonite"},"geometry":{"type":"Polygon","coordinates":[[[-72.61428,19.69337],[-72.62302,19.69232],[-72.63065,19.68299],[-72.64432,19.67812],[-72.64629,19.67223],[-72.65352,19.66719],[-72.64103,19.65296],[-72.6308,19.64694],[-72.63157,19.64014],[-72.62023,19.63366],[-72.60577,19.64957],[-72.57084,19.64418],[-72.57183,19.65238],[-72.57615,19.65734],[-72.57381,19.67338],[-72.58313,19.67483],[-72.58948,19.67976],[-72.59857,19.68166],[-72.61428,19.69337]]]}},{"type":"Feature","properties":{"adm3_name":"1re Section Boucassin","adm3_pcode":"HT0141-01","adm2_name":"Arcahaie","adm1_name":"West"},"geometry":{"type":"Polygon","coordinates":[[[-72.48469,18.76896],[-72.48187,18.77233],[-72.47954,18.78601],[-72.49046,18.79271],[-72.49621,18.79917],[-72.49968,18.80896],[-72.50538,18.80296],[-72.50596,18.79833],[-72.50259,18.77956],[-72.49548,18.76529],[-72.49273,18.7683],[-72.48469,18.76896]]]}},{"type":"Feature","properties":{"adm3_name":"1re Section Boucassin","adm3_pcode":"HT0142-01","adm2_name":"Cabaret","adm1_name":"West"},"geometry":{"type":"Polygon","coordinates":[[[-72.39794,18.77281],[-72.40599,18.76877],[-72.42938,18.76807],[-72.43432,18.76463],[-72.43884,18.75575],[-72.43518,18.75124],[-72.45172,18.72932],[-72.4512,18.7204],[-72.42673,18.71357],[-72.40057,18.71173],[-72.39695,18.71478],[-72.39605,18.73028],[-72.40119,18.74005],[-72.39714,18.74062],[-72.38904,18.73553],[-72.38536,18.73572],[-72.3782,18.74676],[-72.37305,18.74447],[-72.36804,18.74747],[-72.3582,18.74733],[-72.35233,18.75256],[-72.35317,18.76088],[-72.3574,18.76173],[-72.35756,18.76459],[-72.37999,18.7657],[-72.39794,18.77281]]]}},{"type":"Feature","properties":{"adm3_name":"1re Section Bourdet","adm3_pcode":"HT0711-01","adm2_name":"Les Cayes","adm1_name":"South"},"geometry":{"type":"Polygon","coordinates":[[[-73.71827,18.2104],[-73.71999,18.23179],[-73.71564,18.26449],[-73.73607,18.26098],[-73.73805,18.254],[-73.74363,18.25103],[-73.7425,18.23953],[-73.74598,18.23622],[-73.7519,18.23548],[-73.755,18.22934],[-73.74759,18.21491],[-73.75193,18.21434],[-73.75863,18.22338],[-73.76447,18.24451],[-73.80947,18.21023],[-73.80623,18.20609],[-73.80945,18.20391],[-73.79497,18.18582],[-73.78892,18.16963],[-73.76867,18.18059],[-73.75862,18.18121],[-73.74794,18.19079],[-73.73809,18.19278],[-73.73445,18.19811],[-73.73001,18.19906],[-73.73109,18.20177],[-73.72284,18.20236],[-73.72114,18.20865],[-73.71827,18.2104]]]}},{"type":"Feature","properties":{"adm3_name":"1re Section Boury","adm3_pcode":"HT0712-01","adm2_name":"Torbeck","adm1_name":"South"},"geometry":{"type":"Polygon","coordinates":[[[-73.80281,18.15973],[-73.78892,18.16963],[-73.78944,18.17496],[-73.79624,18.18782],[-73.80945,18.20391],[-73.80623,18.20609],[-73.80947,18.21023],[-73.87796,18.15754],[-73.86734,18.14848],[-73.86835,18.14102],[-73.86292,18.1403],[-73.86379,18.13695],[-73.85708,18.13036],[-73.8563,18.1231],[-73.84226,18.1156],[-73.84335,18.12268],[-73.82869,18.14282],[-73.82008,18.15134],[-73.80281,18.15973]]]}},{"type":"Feature","properties":{"adm3_name":"1re Section Bresilienne","adm3_pcode":"HT0221-01","adm2_name":"Bainet","adm1_name":"South-East"},"geometry":{"type":"Polygon","coordinates":[[[-72.6808,18.24402],[-72.6824,18.24888],[-72.7058,18.25922],[-72.69951,18.24982],[-72.70293,18.23583],[-72.69808,18.2274],[-72.70064,18.21544],[-72.70382,18.21482],[-72.70084,18.20688],[-72.70234,18.19013],[-72.69911,18.18566],[-72.70095,18.18199],[-72.69567,18.1793],[-72.67338,18.18705],[-72.66155,18.18391],[-72.65551,18.18532],[-72.65503,18.18749],[-72.64793,18.18671],[-72.64045,18.19131],[-72.63627,18.19047],[-72.63896,18.19667],[-72.63968,18.21425],[-72.64158,18.21591],[-72.6409,18.22545],[-72.64477,18.22594],[-72.64756,18.23118],[-72.65087,18.23077],[-72.65318,18.23616],[-72.6808,18.24402]]]}},{"type":"Feature","properties":{"adm3_name":"1re Section Brostage","adm3_pcode":"HT0342-01","adm2_name":"Dondon","adm1_name":"North"},"geometry":{"type":"Polygon","coordinates":[[[-72.2192,19.57098],[-72.22106,19.57884],[-72.22514,19.58163],[-72.24405,19.57051],[-72.24734,19.5721],[-72.25114,19.5705],[-72.26361,19.57421],[-72.26676,19.57858],[-72.27149,19.57799],[-72.27026,19.56539],[-72.24682,19.54638],[-72.2488,19.53817],[-72.24563,19.53263],[-72.24067,19.53316],[-72.21995,19.52523],[-72.21376,19.55724],[-72.21385,19.56615],[-72.2192,19.57098]]]}},{"type":"Feature","properties":{"adm3_name":"1re Section Cabral","adm3_pcode":"HT0613-01","adm2_name":"Thomonde","adm1_name":"Centre"},"geometry":{"type":"Polygon","coordinates":[[[-71.99961,19.06007],[-72.00749,19.06171],[-72.00417,19.04422],[-72.00732,19.03847],[-72.01413,19.03659],[-72.02264,19.03994],[-72.0227,19.03226],[-72.03499,19.02571],[-72.0355,19.0089],[-72.04083,19.00336],[-72.04291,18.99499],[-72.05011,18.9926],[-72.05704,18.99334],[-72.06401,18.98778],[-72.07612,18.98749],[-72.08937,18.97606],[-72.08021,18.97314],[-72.07501,18.96064],[-72.06422,18.95691],[-72.06035,18.94367],[-72.04806,18.93309],[-72.04356,18.93224],[-72.04172,18.93736],[-72.03626,18.9415],[-72.0281,18.94373],[-72.02119,18.94085],[-72.01191,18.94324],[-72.0082,18.94223],[-72.00398,18.93563],[-71.99838,18.93651],[-72.00762,18.95847],[-72.00462,18.9631],[-71.99932,18.96303],[-72.00051,18.96659],[-71.99693,18.96866],[-71.97472,18.95652],[-71.96931,18.95702],[-71.96868,18.95537],[-71.95999,18.96034],[-71.95589,18.96585],[-71.96097,18.97535],[-71.95644,18.98825],[-71.94742,18.99344],[-71.94053,18.99139],[-71.92956,18.99234],[-71.9264,18.99522],[-71.93022,19.00586],[-71.9358,19.00788],[-71.93477,19.01147],[-71.93692,19.01426],[-71.94658,19.02152],[-71.94574,19.02863],[-71.99961,19.06007]]]}},{"type":"Feature","properties":{"adm3_name":"1re Section Camp-Louise","adm3_pcode":"HT0321-01","adm2_name":"Acul du Nord","adm1_name":"North"},"geometry":{"type":"Polygon","coordinates":[[[-72.35332,19.7822],[-72.35936,19.7808],[-72.3594,19.77478],[-72.36377,19.77571],[-72.36372,19.7725],[-72.36822,19.76967],[-72.37684,19.7531],[-72.37309,19.74532],[-72.37397,19.74082],[-72.37061,19.73737],[-72.37091,19.72355],[-72.36363,19.71796],[-72.3616,19.71248],[-72.35426,19.70912],[-72.35295,19.70366],[-72.33369,19.71699],[-72.33748,19.72319],[-72.33683,19.73181],[-72.34267,19.74548],[-72.34114,19.75177],[-72.3382,19.75234],[-72.33133,19.74289],[-72.32984,19.74404],[-72.33278,19.74745],[-72.33059,19.74991],[-72.32838,19.7493],[-72.32856,19.7446],[-72.32663,19.74598],[-72.32772,19.75019],[-72.33349,19.75419],[-72.33879,19.77141],[-72.35332,19.7822]]]}},{"type":"Feature","properties":{"adm3_name":"1re Section Canot ou Riviere Canot","adm3_pcode":"HT0622-01","adm2_name":"Saut d'Eau","adm1_name":"Centre"},"geometry":{"type":"Polygon","coordinates":[[[-72.17152,18.83632],[-72.18581,18.8322],[-72.19757,18.82229],[-72.20629,18.82029],[-72.21525,18.82522],[-72.23168,18.81763],[-72.23027,18.81304],[-72.23432,18.79897],[-72.22907,18.77811],[-72.22583,18.77626],[-72.22498,18.77243],[-72.21787,18.77375],[-72.20681,18.75805],[-72.20316,18.7562],[-72.19984,18.75852],[-72.19393,18.75152],[-72.18696,18.76524],[-72.17658,18.76029],[-72.17447,18.76221],[-72.17694,18.76754],[-72.17514,18.77202],[-72.17924,18.77343],[-72.18198,18.77828],[-72.17729,18.78469],[-72.17755,18.7933],[-72.17555,18.7971],[-72.16547,18.79828],[-72.15851,18.80655],[-72.15914,18.81451],[-72.15652,18.81779],[-72.15757,18.82324],[-72.15537,18.82857],[-72.16121,18.83598],[-72.16815,18.8343],[-72.17152,18.83632]]]}},{"type":"Feature","properties":{"adm3_name":"1re Section Capotille","adm3_pcode":"HT0422-01","adm2_name":"Capotille","adm1_name":"North-East"},"geometry":{"type":"Polygon","coordinates":[[[-71.71093,19.53181],[-71.71284,19.5339],[-71.71257,19.54204],[-71.71707,19.53887],[-71.71811,19.53452],[-71.71712,19.52938],[-71.70707,19.51697],[-71.70737,19.508],[-71.70428,19.49789],[-71.70532,19.49243],[-71.71492,19.47986],[-71.71035,19.47108],[-71.71126,19.46656],[-71.72056,19.45558],[-71.71769,19.44934],[-71.72001,19.4266],[-71.7177,19.42588],[-71.71649,19.42039],[-71.70341,19.41661],[-71.70219,19.40856],[-71.69491,19.40151],[-71.68999,19.40754],[-71.68943,19.42225],[-71.6867,19.4228],[-71.68368,19.43312],[-71.67973,19.43434],[-71.68074,19.44053],[-71.67848,19.44505],[-71.67993,19.45158],[-71.68705,19.45936],[-71.68541,19.46033],[-71.68771,19.46302],[-71.68701,19.46773],[-71.69066,19.46834],[-71.68855,19.47196],[-71.69424,19.47722],[-71.69203,19.48194],[-71.69417,19.48956],[-71.6908,19.49244],[-71.69049,19.49928],[-71.68792,19.50286],[-71.68956,19.50684],[-71.68803,19.51182],[-71.68922,19.51403],[-71.69274,19.51065],[-71.69929,19.51243],[-71.69967,19.51984],[-71.70357,19.52228],[-71.7029,19.53366],[-71.71093,19.53181]]]}},{"type":"Feature","properties":{"adm3_name":"1re Section Carrefour Charles ou Jacqui","adm3_pcode":"HT0832-01","adm2_name":"Roseaux","adm1_name":"Grande'Anse"},"geometry":{"type":"Polygon","coordinates":[[[-73.98542,18.60279],[-74.00533,18.60031],[-73.99063,18.58928],[-73.99896,18.58508],[-73.98708,18.57897],[-74.00192,18.56522],[-74.00449,18.55215],[-74.00085,18.54957],[-74.00409,18.54092],[-74.01891,18.53983],[-74.02356,18.53473],[-74.0324,18.53599],[-74.03691,18.5337],[-74.03732,18.52904],[-74.0344,18.52741],[-74.03564,18.52555],[-74.03079,18.52135],[-74.03087,18.51829],[-74.03737,18.51712],[-74.03863,18.5055],[-74.02449,18.50907],[-74.01701,18.51787],[-74.00483,18.52236],[-74.00184,18.52606],[-73.99603,18.52294],[-73.98913,18.52375],[-73.97981,18.52088],[-73.96803,18.52611],[-73.96175,18.52458],[-73.94608,18.53232],[-73.95252,18.54473],[-73.94573,18.55326],[-73.94642,18.55603],[-73.95164,18.56134],[-73.95621,18.56216],[-73.96208,18.56983],[-73.96237,18.58201],[-73.95763,18.58828],[-73.96114,18.60075],[-73.98401,18.60038],[-73.98542,18.60279]]]}},{"type":"Feature","properties":{"adm3_name":"1re Section Chalon","adm3_pcode":"HT1011-01","adm2_name":"Miragoane","adm1_name":"Nippes"},"geometry":{"type":"Polygon","coordinates":[[[-73.05668,18.46125],[-73.06336,18.45711],[-73.06978,18.45806],[-73.07445,18.44653],[-73.0848,18.44949],[-73.09026,18.44696],[-73.09148,18.44289],[-73.10515,18.44662],[-73.10713,18.44979],[-73.11038,18.44865],[-73.10836,18.43965],[-73.10302,18.43609],[-73.11386,18.42773],[-73.11026,18.42313],[-73.11495,18.41903],[-73.112,18.41573],[-73.11173,18.41083],[-73.11647,18.40453],[-73.10592,18.40704],[-73.09783,18.40092],[-73.09417,18.38889],[-73.09902,18.38348],[-73.09592,18.38159],[-73.05536,18.37737],[-73.04536,18.38992],[-73.0364,18.39591],[-73.0396,18.40707],[-73.03743,18.40918],[-73.0463,18.41778],[-73.05134,18.43084],[-73.05374,18.43221],[-73.0519,18.43554],[-73.04457,18.4375],[-73.05477,18.45237],[-73.05068,18.46108],[-73.05668,18.46125]]]}},{"type":"Feature","properties":{"adm3_name":"1re Section Champin","adm3_pcode":"HT0434-01","adm2_name":"Caracol","adm1_name":"North-East"},"geometry":{"type":"Polygon","coordinates":[[[-72.0337,19.70101],[-72.04133,19.70009],[-72.03814,19.69877],[-72.039,19.69236],[-72.04279,19.69379],[-72.05242,19.68975],[-72.05444,19.69424],[-72.05908,19.69328],[-72.06286,19.68544],[-72.05858,19.67586],[-72.05894,19.67163],[-72.06121,19.66277],[-72.0665,19.65566],[-72.04813,19.6486],[-72.04456,19.6442],[-72.01193,19.64066],[-72.01144,19.6422],[-72.00862,19.63948],[-72.00688,19.64657],[-72.0087,19.64905],[-72.00577,19.65779],[-72.01018,19.66191],[-72.0085,19.66763],[-72.01092,19.66833],[-72.01273,19.68337],[-72.00742,19.68544],[-72.0083,19.69316],[-72.01213,19.69888],[-72.02153,19.69689],[-72.0337,19.70101]]]}},{"type":"Feature","properties":{"adm3_name":"1re Section Chansolme","adm3_pcode":"HT0914-01","adm2_name":"Chamsolme","adm1_name":"North-West"},"geometry":{"type":"Polygon","coordinates":[[[-72.78839,19.89614],[-72.80713,19.89861],[-72.81307,19.89739],[-72.82235,19.90052],[-72.82882,19.89697],[-72.82793,19.88863],[-72.83536,19.88763],[-72.84,19.88211],[-72.83571,19.87326],[-72.84093,19.86337],[-72.81242,19.85842],[-72.79797,19.84267],[-72.78959,19.85486],[-72.77173,19.86502],[-72.77184,19.86927],[-72.78766,19.88876],[-72.78839,19.89614]]]}},{"type":"Feature","properties":{"adm3_name":"1re Section Citerne Remy","adm3_pcode":"HT0932-01","adm2_name":"Baie de Henne","adm1_name":"North-West"},"geometry":{"type":"Polygon","coordinates":[[[-73.22737,19.63441],[-73.21957,19.6466],[-73.21962,19.6561],[-73.21378,19.6598],[-73.22441,19.67037],[-73.22611,19.67745],[-73.23187,19.68509],[-73.25285,19.70099],[-73.2568,19.71582],[-73.26324,19.7189],[-73.26999,19.72957],[-73.27186,19.71937],[-73.27921,19.70653],[-73.28461,19.6808],[-73.29337,19.66967],[-73.29163,19.65597],[-73.29562,19.62897],[-73.28703,19.63237],[-73.28052,19.6303],[-73.26296,19.63388],[-73.25937,19.62971],[-73.23537,19.62912],[-73.22737,19.63441]]]}},{"type":"Feature","properties":{"adm3_name":"1re Section Colline des Chenes ou Bodarie","adm3_pcode":"HT0232-01","adm2_name":"Grand Gosier","adm1_name":"South-East"},"geometry":{"type":"Polygon","coordinates":[[[-71.86224,18.31774],[-71.86284,18.3204],[-71.87164,18.32424],[-71.89384,18.3173],[-71.90401,18.31796],[-71.92697,18.31146],[-71.93359,18.30702],[-71.91672,18.29529],[-71.93157,18.27319],[-71.9276,18.2646],[-71.93415,18.25516],[-71.93093,18.24109],[-71.93906,18.23455],[-71.93905,18.23207],[-71.93319,18.23223],[-71.93983,18.22501],[-71.9367,18.22274],[-71.93849,18.21724],[-71.94557,18.21278],[-71.94697,18.20407],[-71.95739,18.19516],[-71.92714,18.18955],[-71.91946,18.18448],[-71.91574,18.19642],[-71.919,18.20615],[-71.89403,18.23219],[-71.89129,18.22829],[-71.88648,18.22869],[-71.88021,18.22502],[-71.87009,18.22693],[-71.87283,18.23555],[-71.88773,18.23717],[-71.8744,18.25044],[-71.85709,18.26283],[-71.85354,18.26863],[-71.85383,18.2758],[-71.8586,18.27714],[-71.86521,18.27653],[-71.8701,18.27329],[-71.86787,18.28209],[-71.87023,18.28557],[-71.86461,18.29363],[-71.86699,18.30562],[-71.86224,18.31774]]]}},{"type":"Feature","properties":{"adm3_name":"1re Section Conde","adm3_pcode":"HT0741-01","adm2_name":"Coteaux","adm1_name":"South"},"geometry":{"type":"Polygon","coordinates":[[[-73.99165,18.26317],[-73.99378,18.2785],[-74.00552,18.2775],[-74.01383,18.26353],[-74.02763,18.26283],[-74.02451,18.25125],[-74.01579,18.24863],[-74.01622,18.24489],[-74.01063,18.23699],[-74.02298,18.21294],[-74.03403,18.19716],[-74.0233,18.19492],[-74.01844,18.18725],[-74.00761,18.18292],[-73.99716,18.18834],[-73.99844,18.19133],[-73.99407,18.20538],[-73.99154,18.20293],[-73.98656,18.20975],[-73.99628,18.2375],[-73.99628,18.24031],[-73.99085,18.24488],[-74.00318,18.25718],[-74.00475,18.26194],[-73.99165,18.26317]]]}},{"type":"Feature","properties":{"adm3_name":"1re Section Corail Soult","adm3_pcode":"HT0212-01","adm2_name":"Marigot","adm1_name":"South-East"},"geometry":{"type":"Polygon","coordinates":[[[-72.33972,18.26607],[-72.33877,18.28197],[-72.34246,18.28495],[-72.34954,18.30206],[-72.36681,18.30632],[-72.36787,18.31509],[-72.37281,18.30346],[-72.36855,18.29926],[-72.36621,18.28833],[-72.36883,18.27441],[-72.36532,18.26685],[-72.35997,18.26202],[-72.35731,18.23174],[-72.35023,18.23437],[-72.34546,18.23119],[-72.33773,18.2344],[-72.32682,18.23026],[-72.31643,18.2312],[-72.32009,18.25309],[-72.32724,18.25888],[-72.33786,18.26095],[-72.33972,18.26607]]]}},{"type":"Feature","properties":{"adm3_name":"1re Section Crete a Pins","adm3_pcode":"HT0552-01","adm2_name":"Marmelade","adm1_name":"Artibonite"},"geometry":{"type":"Polygon","coordinates":[[[-72.34437,19.57268],[-72.35907,19.57265],[-72.36807,19.55875],[-72.36809,19.55301],[-72.36495,19.54968],[-72.35788,19.5303],[-72.3625,19.52303],[-72.36273,19.51208],[-72.3728,19.50463],[-72.36969,19.49634],[-72.3756,19.48685],[-72.37499,19.48372],[-72.38467,19.4767],[-72.37514,19.46317],[-72.36347,19.47707],[-72.35753,19.477],[-72.35796,19.48318],[-72.35462,19.48346],[-72.35338,19.4898],[-72.34746,19.48648],[-72.33378,19.48859],[-72.33007,19.48376],[-72.32071,19.48456],[-72.31868,19.48726],[-72.32539,19.48975],[-72.32602,19.50052],[-72.33161,19.50548],[-72.32709,19.51049],[-72.32208,19.51101],[-72.32545,19.52662],[-72.33119,19.53251],[-72.32502,19.53949],[-72.32304,19.55431],[-72.31912,19.55874],[-72.32779,19.5721],[-72.33486,19.57073],[-72.34437,19.57268]]]}},{"type":"Feature","properties":{"adm3_name":"1re Section de Cotes de Fer","adm3_pcode":"HT0931-01","adm2_name":"Mole Saint Nicolas","adm1_name":"North-West"},"geometry":{"type":"Polygon","coordinates":[[[-73.27595,19.86424],[-73.30355,19.85772],[-73.3442,19.83708],[-73.35267,19.8385],[-73.36708,19.84597],[-73.38327,19.84149],[-73.40417,19.84371],[-73.4104,19.84095],[-73.41411,19.83465],[-73.42146,19.82898],[-73.42006,19.82377],[-73.41316,19.82044],[-73.40767,19.82364],[-73.38329,19.81819],[-73.37403,19.82016],[-73.36411,19.83537],[-73.3599,19.83355],[-73.36309,19.82551],[-73.36827,19.82096],[-73.36972,19.81178],[-73.37344,19.80839],[-73.37894,19.80906],[-73.38524,19.79936],[-73.40162,19.79676],[-73.41025,19.79102],[-73.41797,19.79154],[-73.42142,19.79664],[-73.42492,19.79676],[-73.44348,19.76796],[-73.45262,19.75974],[-73.45576,19.73917],[-73.45518,19.69736],[-73.45299,19.68739],[-73.44685,19.68001],[-73.44303,19.67755],[-73.43666,19.67938],[-73.42462,19.69301],[-73.41346,19.69678],[-73.40774,19.72682],[-73.40058,19.73842],[-73.39547,19.73994],[-73.38724,19.73176],[-73.37776,19.72837],[-73.37915,19.73764],[-73.37667,19.74547],[-73.3587,19.75191],[-73.34756,19.74951],[-73.31941,19.76107],[-73.3164,19.76856],[-73.30877,19.77228],[-73.31192,19.78377],[-73.30493,19.79719],[-73.30457,19.80239],[-73.30916,19.81167],[-73.30668,19.82322],[-73.30965,19.82468],[-73.3101,19.83059],[-73.30868,19.83454],[-73.29957,19.83304],[-73.29716,19.83485],[-73.27971,19.82758],[-73.2704,19.82679],[-73.26774,19.833],[-73.26876,19.83903],[-73.2654,19.84161],[-73.27172,19.84998],[-73.27595,19.86424]]]}},{"type":"Feature","properties":{"adm3_name":"1re Section de Desdunes","adm3_pcode":"HT0544-01","adm2_name":"Desdunes","adm1_name":"Artibonite"},"geometry":{"type":"Polygon","coordinates":[[[-72.73959,19.36593],[-72.74811,19.37535],[-72.75814,19.37563],[-72.76511,19.37187],[-72.76964,19.36415],[-72.77363,19.3458],[-72.76968,19.34019],[-72.76908,19.34296],[-72.76415,19.341],[-72.75995,19.34414],[-72.76106,19.32964],[-72.75569,19.32983],[-72.75826,19.32786],[-72.75483,19.32512],[-72.74795,19.32516],[-72.75008,19.32359],[-72.74765,19.32131],[-72.74483,19.32458],[-72.72842,19.32572],[-72.72498,19.32121],[-72.73238,19.31099],[-72.7194,19.30524],[-72.72787,19.30479],[-72.73376,19.3072],[-72.73086,19.30367],[-72.73213,19.297],[-72.72959,19.3011],[-72.72659,19.30153],[-72.72765,19.30352],[-72.72198,19.30291],[-72.71518,19.29683],[-72.71831,19.2883],[-72.70329,19.27847],[-72.69136,19.27694],[-72.67657,19.26581],[-72.66094,19.25862],[-72.6354,19.25698],[-72.63228,19.25978],[-72.624,19.25143],[-72.61801,19.27612],[-72.60545,19.26394],[-72.60123,19.26408],[-72.61153,19.30067],[-72.61674,19.29873],[-72.62347,19.30417],[-72.62732,19.30206],[-72.64475,19.30282],[-72.65,19.30973],[-72.6514,19.31646],[-72.65686,19.31642],[-72.66387,19.32535],[-72.68031,19.33496],[-72.69632,19.33942],[-72.7015,19.34475],[-72.70222,19.3509],[-72.71034,19.35564],[-72.71187,19.36039],[-72.71871,19.3602],[-72.7238,19.3684],[-72.72617,19.36904],[-72.7332,19.36293],[-72.73959,19.36593]]]}},{"type":"Feature","properties":{"adm3_name":"1re Section de Grande Plaine","adm3_pcode":"HT0352-01","adm2_name":"Port-Margot","adm1_name":"North"},"geometry":{"type":"Polygon","coordinates":[[[-72.51148,19.73845],[-72.51532,19.74381],[-72.51524,19.73144],[-72.50682,19.71798],[-72.51032,19.71439],[-72.50779,19.70261],[-72.50037,19.70369],[-72.49207,19.69666],[-72.48856,19.69646],[-72.48578,19.70046],[-72.48549,19.7087],[-72.47531,19.71671],[-72.47525,19.7239],[-72.48368,19.73511],[-72.49516,19.7348],[-72.51148,19.73845]]]}},{"type":"Feature","properties":{"adm3_name":"1re Section de la Victoire","adm3_pcode":"HT0345-01","adm2_name":"La Victoire","adm1_name":"North"},"geometry":{"type":"Polygon","coordinates":[[[-72.05222,19.36982],[-72.05486,19.37771],[-72.05859,19.37987],[-72.07045,19.37009],[-72.07931,19.36881],[-72.07936,19.35854],[-72.07507,19.35917],[-72.06472,19.35409],[-72.05328,19.3426],[-72.04874,19.3439],[-72.04515,19.34147],[-72.03639,19.34098],[-72.03464,19.33592],[-72.01777,19.33623],[-72.01037,19.33228],[-72.00733,19.32541],[-72.00381,19.32392],[-71.99195,19.33289],[-71.97752,19.3352],[-71.97855,19.34048],[-71.97334,19.33849],[-71.97072,19.3399],[-71.97026,19.3433],[-71.97453,19.35084],[-71.98591,19.36117],[-71.9857,19.36603],[-71.9895,19.36645],[-71.99782,19.36083],[-72.0047,19.35924],[-72.00749,19.36326],[-72.01363,19.36069],[-72.01443,19.36313],[-72.01652,19.35999],[-72.02309,19.36357],[-72.02934,19.36357],[-72.0355,19.35825],[-72.04258,19.35723],[-72.04895,19.36112],[-72.05222,19.36982]]]}},{"type":"Feature","properties":{"adm3_name":"1re Section de Savanette (Colombier)","adm3_pcode":"HT0633-01","adm2_name":"Savanette","adm1_name":"Centre"},"geometry":{"type":"Polygon","coordinates":[[[-71.9132,18.78246],[-71.91888,18.7838],[-71.92375,18.78037],[-71.93639,18.77956],[-71.93617,18.77401],[-71.93899,18.7725],[-71.94391,18.77506],[-71.95002,18.77301],[-71.94381,18.76603],[-71.9386,18.75287],[-71.94488,18.75319],[-71.95353,18.7619],[-71.96126,18.76357],[-71.98801,18.77912],[-71.99496,18.78013],[-71.99692,18.77181],[-71.99256,18.7659],[-71.97469,18.75553],[-71.97446,18.75123],[-71.97741,18.74998],[-71.97625,18.74683],[-71.9711,18.74684],[-71.96091,18.74093],[-71.92597,18.73896],[-71.92095,18.73139],[-71.91105,18.72966],[-71.90086,18.72208],[-71.88209,18.71809],[-71.87143,18.71855],[-71.86948,18.73315],[-71.87325,18.73729],[-71.87095,18.7425],[-71.87156,18.757],[-71.86715,18.76613],[-71.88213,18.76706],[-71.89901,18.7762],[-71.89837,18.78055],[-71.9132,18.78246]]]}},{"type":"Feature","properties":{"adm3_name":"1re Section Dejean","adm3_pcode":"HT0815-01","adm2_name":"Chambellan","adm1_name":"Grande'Anse"},"geometry":{"type":"Polygon","coordinates":[[[-74.2938,18.57608],[-74.29786,18.57877],[-74.31368,18.57445],[-74.31614,18.5664],[-74.3211,18.56721],[-74.32705,18.55894],[-74.32167,18.54998],[-74.32215,18.54439],[-74.31947,18.54341],[-74.32438,18.54064],[-74.32397,18.53491],[-74.32695,18.53353],[-74.32781,18.52975],[-74.33035,18.52811],[-74.33241,18.53051],[-74.33159,18.52293],[-74.33557,18.52095],[-74.33405,18.51064],[-74.33762,18.50703],[-74.32581,18.49715],[-74.31263,18.4936],[-74.30947,18.49751],[-74.30289,18.51799],[-74.29512,18.53211],[-74.29533,18.53877],[-74.29982,18.54178],[-74.29119,18.545],[-74.28689,18.54959],[-74.28842,18.56645],[-74.2938,18.57608]]]}},{"type":"Feature","properties":{"adm3_name":"1re Section Deluge","adm3_pcode":"HT0531-01","adm2_name":"Saint-Marc","adm1_name":"Artibonite"},"geometry":{"type":"Polygon","coordinates":[[[-72.71702,19.00534],[-72.7272,19.00331],[-72.73005,18.9961],[-72.73927,18.99216],[-72.73737,18.98334],[-72.72924,18.97256],[-72.72742,18.95331],[-72.71564,18.9497],[-72.70999,18.94234],[-72.70824,18.94813],[-72.69931,18.95854],[-72.68862,18.96708],[-72.68456,18.96747],[-72.68158,18.97306],[-72.67715,18.9725],[-72.67861,18.96859],[-72.67064,18.96858],[-72.66437,18.97217],[-72.65821,18.96738],[-72.64999,18.97228],[-72.63803,18.97088],[-72.63544,18.97604],[-72.63182,18.97296],[-72.62826,18.97717],[-72.62704,18.9727],[-72.62337,18.97295],[-72.62323,18.97082],[-72.61987,18.97117],[-72.61638,18.97642],[-72.60344,18.97533],[-72.60164,18.97209],[-72.59815,18.97156],[-72.59412,18.97384],[-72.58893,18.99132],[-72.58918,18.99648],[-72.59291,18.99821],[-72.60455,18.99488],[-72.63292,18.99475],[-72.63788,18.98907],[-72.67421,18.99735],[-72.69369,18.99843],[-72.7026,19.00325],[-72.71702,19.00534]]]}},{"type":"Feature","properties":{"adm3_name":"1re Section des Varreux","adm3_pcode":"HT0117-02","adm2_name":"Cite Soleil","adm1_name":"West"},"geometry":{"type":"Polygon","coordinates":[[[-72.30533,18.60603],[-72.3149,18.60575],[-72.3207,18.6027],[-72.31837,18.59255],[-72.30885,18.58187],[-72.29775,18.58625],[-72.28985,18.59302],[-72.29764,18.59914],[-72.30593,18.59966],[-72.30533,18.60603]]]}},{"type":"Feature","properties":{"adm3_name":"1re Section des Varreux","adm3_pcode":"HT0131-01","adm2_name":"Croix-Des-Bouquets","adm1_name":"West"},"geometry":{"type":"Polygon","coordinates":[[[-72.32376,18.68218],[-72.32697,18.68246],[-72.32154,18.67916],[-72.318,18.672],[-72.31699,18.66514],[-72.31904,18.65876],[-72.33123,18.65314],[-72.33882,18.64436],[-72.34715,18.62748],[-72.35389,18.62722],[-72.35828,18.62988],[-72.35514,18.62654],[-72.33586,18.62113],[-72.33516,18.61761],[-72.32675,18.61602],[-72.32745,18.61183],[-72.32482,18.61373],[-72.32077,18.61008],[-72.31526,18.61018],[-72.31411,18.60822],[-72.31612,18.60662],[-72.31294,18.60435],[-72.30681,18.60683],[-72.30298,18.6048],[-72.29984,18.60952],[-72.2959,18.60738],[-72.29504,18.60348],[-72.28892,18.60131],[-72.28987,18.59807],[-72.28482,18.59802],[-72.26713,18.62824],[-72.26585,18.63652],[-72.29932,18.66723],[-72.31032,18.67174],[-72.32376,18.68218]]]}},{"type":"Feature","properties":{"adm3_name":"1re Section Desormeau ou Bonbon","adm3_pcode":"HT0813-01","adm2_name":"Bonbon","adm1_name":"Grande'Anse"},"geometry":{"type":"Polygon","coordinates":[[[-74.21449,18.6739],[-74.24313,18.67002],[-74.24703,18.66517],[-74.25388,18.67089],[-74.26305,18.66864],[-74.25751,18.66184],[-74.25842,18.64209],[-74.25521,18.63703],[-74.2609,18.61328],[-74.25652,18.60729],[-74.25801,18.59264],[-74.24126,18.58891],[-74.22598,18.60069],[-74.22164,18.60746],[-74.19084,18.61837],[-74.19032,18.62323],[-74.19239,18.62408],[-74.20741,18.61935],[-74.22746,18.62624],[-74.22037,18.63191],[-74.2319,18.64581],[-74.23352,18.65456],[-74.23153,18.65759],[-74.21426,18.66339],[-74.21449,18.6739]]]}},{"type":"Feature","properties":{"adm3_name":"1re Section Dessources","adm3_pcode":"HT0121-01","adm2_name":"Leogane","adm1_name":"West"},"geometry":{"type":"Polygon","coordinates":[[[-72.61278,18.50088],[-72.62791,18.51132],[-72.65265,18.52202],[-72.65321,18.51404],[-72.67511,18.45911],[-72.69198,18.44081],[-72.69865,18.43739],[-72.70264,18.43803],[-72.70014,18.43266],[-72.68671,18.44321],[-72.6684,18.45107],[-72.6353,18.45116],[-72.63239,18.44701],[-72.62273,18.4498],[-72.6227,18.45803],[-72.61097,18.46368],[-72.61045,18.48102],[-72.60783,18.48222],[-72.60762,18.48524],[-72.61256,18.49068],[-72.60502,18.49411],[-72.60657,18.50047],[-72.61278,18.50088]]]}},{"type":"Feature","properties":{"adm3_name":"1re Section Doland","adm3_pcode":"HT0522-01","adm2_name":"Terre Neuve","adm1_name":"Artibonite"},"geometry":{"type":"Polygon","coordinates":[[[-72.74511,19.624],[-72.74948,19.62315],[-72.75417,19.62961],[-72.76618,19.62917],[-72.77067,19.62113],[-72.76608,19.61153],[-72.76146,19.60744],[-72.76439,19.60469],[-72.77142,19.60453],[-72.77286,19.59847],[-72.77766,19.59901],[-72.7828,19.59633],[-72.78623,19.59822],[-72.80024,19.59318],[-72.80839,19.59513],[-72.81289,19.60032],[-72.82558,19.6011],[-72.82946,19.5978],[-72.82048,19.59391],[-72.82104,19.59238],[-72.82587,19.5873],[-72.83243,19.58512],[-72.83312,19.58115],[-72.84544,19.57709],[-72.84317,19.57408],[-72.83935,19.5755],[-72.83633,19.57361],[-72.81877,19.54467],[-72.81341,19.54538],[-72.80418,19.54083],[-72.7987,19.54199],[-72.78873,19.53869],[-72.7781,19.52005],[-72.76586,19.51333],[-72.75063,19.52308],[-72.74088,19.52177],[-72.72994,19.53153],[-72.72817,19.53643],[-72.73062,19.54331],[-72.73839,19.54207],[-72.74582,19.551],[-72.74805,19.55899],[-72.73942,19.56113],[-72.73995,19.56753],[-72.74434,19.5753],[-72.7346,19.57244],[-72.71864,19.58555],[-72.72001,19.58966],[-72.72311,19.59011],[-72.72918,19.59653],[-72.72689,19.60235],[-72.71797,19.60337],[-72.71209,19.61225],[-72.71385,19.6164],[-72.72057,19.62022],[-72.73227,19.62034],[-72.74511,19.624]]]}},{"type":"Feature","properties":{"adm3_name":"1re Section Dumas","adm3_pcode":"HT0411-01","adm2_name":"Fort-Liberte","adm1_name":"North-East"},"geometry":{"type":"Polygon","coordinates":[[[-71.79269,19.69493],[-71.79086,19.70893],[-71.83583,19.71447],[-71.84419,19.71211],[-71.84286,19.70485],[-71.83992,19.70191],[-71.84237,19.69838],[-71.84095,19.68759],[-71.83176,19.68809],[-71.82944,19.68414],[-71.82393,19.6832],[-71.82307,19.68088],[-71.81878,19.6844],[-71.81006,19.67553],[-71.81088,19.67125],[-71.81711,19.67344],[-71.81822,19.67159],[-71.81046,19.66891],[-71.81184,19.66715],[-71.81706,19.66908],[-71.81874,19.6676],[-71.81909,19.66935],[-71.82028,19.66779],[-71.8178,19.66378],[-71.81588,19.66477],[-71.8161,19.66246],[-71.81969,19.66111],[-71.8191,19.65884],[-71.81554,19.65928],[-71.81893,19.65561],[-71.81618,19.65184],[-71.82202,19.64786],[-71.82474,19.64856],[-71.82257,19.65237],[-71.82773,19.65892],[-71.82588,19.66232],[-71.83825,19.6687],[-71.84171,19.67318],[-71.84087,19.67569],[-71.8467,19.66943],[-71.85118,19.66905],[-71.84834,19.66498],[-71.8463,19.64612],[-71.83982,19.64371],[-71.83978,19.63859],[-71.83361,19.62807],[-71.83367,19.62213],[-71.83789,19.60887],[-71.84282,19.60541],[-71.84205,19.60108],[-71.84925,19.59351],[-71.84826,19.58673],[-71.8543,19.58131],[-71.86464,19.57854],[-71.86619,19.57235],[-71.87211,19.57202],[-71.86544,19.56497],[-71.86909,19.56169],[-71.86878,19.5577],[-71.86438,19.56168],[-71.86257,19.55899],[-71.86798,19.55535],[-71.86372,19.54264],[-71.85204,19.54589],[-71.84163,19.54245],[-71.83576,19.54686],[-71.82762,19.54567],[-71.81981,19.55072],[-71.82067,19.55512],[-71.81576,19.55445],[-71.81621,19.55751],[-71.81352,19.55939],[-71.80982,19.55698],[-71.80914,19.56032],[-71.80646,19.56135],[-71.80535,19.56388],[-71.81002,19.56481],[-71.8094,19.56957],[-71.81734,19.57459],[-71.81836,19.58489],[-71.80456,19.59252],[-71.80587,19.60234],[-71.78919,19.62039],[-71.79632,19.63659],[-71.79027,19.64656],[-71.78531,19.64752],[-71.78391,19.65236],[-71.78836,19.65837],[-71.79762,19.65948],[-71.79269,19.69493]]]}},{"type":"Feature","properties":{"adm3_name":"1re Section Duquillon","adm3_pcode":"HT0831-01","adm2_name":"Corail","adm1_name":"Grande'Anse"},"geometry":{"type":"Polygon","coordinates":[[[-73.91375,18.57926],[-73.91651,18.57901],[-73.91811,18.57061],[-73.92104,18.56891],[-73.91805,18.56773],[-73.91692,18.56173],[-73.93272,18.55048],[-73.91945,18.55265],[-73.91088,18.54879],[-73.90704,18.54437],[-73.90644,18.54252],[-73.91321,18.53853],[-73.91713,18.53245],[-73.89806,18.51072],[-73.90135,18.49139],[-73.89701,18.48663],[-73.88919,18.49084],[-73.88137,18.48729],[-73.87199,18.4929],[-73.8697,18.50786],[-73.85505,18.52667],[-73.85531,18.53452],[-73.85119,18.542],[-73.85101,18.55021],[-73.8451,18.55877],[-73.83879,18.56248],[-73.83615,18.56912],[-73.83975,18.56713],[-73.84177,18.57208],[-73.84654,18.56988],[-73.84645,18.57262],[-73.85012,18.56617],[-73.85299,18.56692],[-73.8525,18.57262],[-73.85601,18.57251],[-73.85746,18.56899],[-73.86533,18.57191],[-73.86981,18.56952],[-73.87304,18.57235],[-73.87658,18.56975],[-73.88553,18.57038],[-73.88758,18.56797],[-73.90113,18.56915],[-73.90317,18.56641],[-73.90434,18.57691],[-73.90601,18.57739],[-73.90827,18.57268],[-73.91286,18.57466],[-73.91198,18.57834],[-73.91375,18.57926]]]}},{"type":"Feature","properties":{"adm3_name":"1re Section Fond Blanc","adm3_pcode":"HT0433-01","adm2_name":"Terrier Rouge","adm1_name":"North-East"},"geometry":{"type":"Polygon","coordinates":[[[-71.92049,19.72658],[-71.92486,19.72242],[-71.92478,19.71538],[-71.96902,19.70215],[-71.9581,19.68786],[-71.9614,19.67048],[-71.97265,19.6718],[-71.97602,19.66767],[-71.97883,19.66809],[-71.98236,19.65007],[-71.99138,19.63455],[-71.98529,19.62209],[-71.98571,19.61291],[-71.9824,19.61044],[-71.98115,19.60556],[-71.97712,19.60763],[-71.96508,19.60647],[-71.94789,19.60918],[-71.93279,19.60498],[-71.9225,19.60594],[-71.9123,19.60063],[-71.91094,19.6044],[-71.90656,19.60226],[-71.90384,19.60748],[-71.89415,19.61361],[-71.90118,19.62546],[-71.89815,19.63753],[-71.89227,19.64744],[-71.89401,19.65279],[-71.89265,19.67078],[-71.89771,19.66957],[-71.89094,19.677],[-71.88593,19.6776],[-71.88731,19.68153],[-71.88977,19.68208],[-71.89472,19.67804],[-71.89785,19.68038],[-71.90066,19.67862],[-71.90269,19.68001],[-71.90215,19.68511],[-71.90517,19.68735],[-71.89789,19.68613],[-71.89606,19.68288],[-71.89329,19.68714],[-71.8888,19.68436],[-71.88376,19.68598],[-71.88261,19.6828],[-71.88048,19.68452],[-71.87548,19.68168],[-71.87557,19.6796],[-71.87162,19.68056],[-71.87207,19.68426],[-71.86671,19.68573],[-71.86722,19.68808],[-71.86311,19.69108],[-71.85927,19.69031],[-71.85691,19.69258],[-71.85391,19.6899],[-71.84851,19.69485],[-71.84981,19.69697],[-71.8457,19.70766],[-71.85231,19.71691],[-71.86807,19.7162],[-71.88097,19.72008],[-71.89287,19.71959],[-71.90803,19.72624],[-71.92049,19.72658]]]}},{"type":"Feature","properties":{"adm3_name":"1re Section Fond des Lianes","adm3_pcode":"HT1012-01","adm2_name":"Petite Riviere de Nippes","adm1_name":"Nippes"},"geometry":{"type":"Polygon","coordinates":[[[-73.24574,18.47708],[-73.27387,18.4832],[-73.27354,18.45933],[-73.27837,18.45284],[-73.27613,18.44952],[-73.26302,18.44715],[-73.25792,18.44158],[-73.26249,18.41448],[-73.2586,18.40817],[-73.25801,18.41225],[-73.25105,18.41816],[-73.24937,18.42821],[-73.24409,18.42806],[-73.24247,18.43963],[-73.24703,18.45079],[-73.24053,18.46018],[-73.23982,18.4756],[-73.24574,18.47708]]]}},{"type":"Feature","properties":{"adm3_name":"1re Section Fonds-Verrettes","adm3_pcode":"HT0135-01","adm2_name":"Fonds-Verrettes","adm1_name":"West"},"geometry":{"type":"Polygon","coordinates":[[[-71.79535,18.37891],[-71.80566,18.38966],[-71.80336,18.39252],[-71.81733,18.39795],[-71.82984,18.39896],[-71.83679,18.41762],[-71.84405,18.42934],[-71.8807,18.44743],[-71.88251,18.44445],[-71.90328,18.44058],[-71.91783,18.42475],[-71.92805,18.42049],[-71.93197,18.41643],[-71.9329,18.40934],[-71.92896,18.39859],[-71.93834,18.3886],[-71.93915,18.38419],[-71.93293,18.37977],[-71.93241,18.37107],[-71.92698,18.35841],[-71.93542,18.34905],[-71.94531,18.35097],[-71.9485,18.34876],[-71.95494,18.3515],[-71.95992,18.34989],[-71.96531,18.35249],[-71.96921,18.33057],[-71.96309,18.32364],[-71.93359,18.30702],[-71.92697,18.31146],[-71.90111,18.31871],[-71.89384,18.3173],[-71.87164,18.32424],[-71.86284,18.3204],[-71.86341,18.31152],[-71.86699,18.30562],[-71.86461,18.29363],[-71.87023,18.28557],[-71.86787,18.28209],[-71.8701,18.27329],[-71.86072,18.27749],[-71.85538,18.27498],[-71.8461,18.27562],[-71.83798,18.2828],[-71.82841,18.2788],[-71.81991,18.27898],[-71.80624,18.28652],[-71.78869,18.28668],[-71.78584,18.28372],[-71.78031,18.28302],[-71.75045,18.2925],[-71.73949,18.29045],[-71.72496,18.29228],[-71.69526,18.34072],[-71.79535,18.37891]]]}},{"type":"Feature","properties":{"adm3_name":"1re Section Fonds Palmiste","adm3_pcode":"HT0713-01","adm2_name":"Chantal","adm1_name":"South"},"geometry":{"type":"Polygon","coordinates":[[[-73.93981,18.25974],[-73.95263,18.25398],[-73.95226,18.24905],[-73.94621,18.23917],[-73.93707,18.23669],[-73.93658,18.23288],[-73.93213,18.23014],[-73.92584,18.21759],[-73.92406,18.21837],[-73.90599,18.20651],[-73.8982,18.20714],[-73.88858,18.20024],[-73.88286,18.20751],[-73.87538,18.21188],[-73.8751,18.21673],[-73.88605,18.22339],[-73.89235,18.23427],[-73.89205,18.23743],[-73.89898,18.24312],[-73.91174,18.24955],[-73.92339,18.25111],[-73.92853,18.25621],[-73.93981,18.25974]]]}},{"type":"Feature","properties":{"adm3_name":"1re Section Foulon","adm3_pcode":"HT0432-01","adm2_name":"Sainte Suzanne","adm1_name":"North-East"},"geometry":{"type":"Polygon","coordinates":[[[-72.09388,19.62145],[-72.09443,19.62729],[-72.1061,19.63468],[-72.11016,19.63447],[-72.10835,19.62278],[-72.11347,19.61873],[-72.11247,19.61069],[-72.10575,19.60299],[-72.11383,19.59164],[-72.12117,19.58882],[-72.12214,19.58557],[-72.11839,19.57981],[-72.10637,19.58273],[-72.10643,19.58548],[-72.07803,19.58067],[-72.07643,19.58832],[-72.07396,19.58775],[-72.06887,19.59278],[-72.07854,19.59455],[-72.08321,19.598],[-72.09388,19.62145]]]}},{"type":"Feature","properties":{"adm3_name":"1re Section Galette Chambon","adm3_pcode":"HT0133-01","adm2_name":"Ganthier","adm1_name":"West"},"geometry":{"type":"Polygon","coordinates":[[[-72.08961,18.54085],[-72.11319,18.55431],[-72.14576,18.56265],[-72.15064,18.56325],[-72.14886,18.56002],[-72.15534,18.55235],[-72.1531,18.54154],[-72.14104,18.54061],[-72.14365,18.5326],[-72.14204,18.52491],[-72.13058,18.51941],[-72.13095,18.51358],[-72.12058,18.50508],[-72.11807,18.49832],[-72.11323,18.50612],[-72.10617,18.50536],[-72.09544,18.51025],[-72.1005,18.51688],[-72.09847,18.52147],[-72.09255,18.5291],[-72.08782,18.52907],[-72.08298,18.53382],[-72.08264,18.53702],[-72.08961,18.54085]]]}},{"type":"Feature","properties":{"adm3_name":"1re Section Garcin","adm3_pcode":"HT0431-01","adm2_name":"Trou du Nord","adm1_name":"North-East"},"geometry":{"type":"Polygon","coordinates":[[[-71.99061,19.63697],[-71.98339,19.64795],[-71.99453,19.65111],[-72.00708,19.63619],[-72.01144,19.6422],[-72.01642,19.63218],[-72.01523,19.63044],[-72.02439,19.62268],[-72.018,19.61509],[-72.01964,19.61471],[-72.01831,19.60976],[-72.01521,19.60977],[-72.01142,19.60417],[-72.00576,19.603],[-72.00816,19.59872],[-71.99385,19.61014],[-71.98571,19.61291],[-71.98529,19.62209],[-71.98735,19.6282],[-71.99111,19.63094],[-71.99061,19.63697]]]}},{"type":"Feature","properties":{"adm3_name":"1re Section Garde Champetre (Bas Limbe)","adm3_pcode":"HT0362-01","adm2_name":"Bas Limbe","adm1_name":"North"},"geometry":{"type":"Polygon","coordinates":[[[-72.41097,19.74117],[-72.42353,19.74009],[-72.42302,19.73365],[-72.42932,19.72972],[-72.43012,19.72483],[-72.4176,19.7146],[-72.4109,19.71328],[-72.40922,19.70786],[-72.39263,19.70719],[-72.39825,19.71285],[-72.39731,19.71564],[-72.3925,19.7181],[-72.38925,19.71666],[-72.3872,19.72289],[-72.38361,19.7255],[-72.37091,19.72355],[-72.37061,19.73737],[-72.37839,19.73562],[-72.38005,19.73904],[-72.38133,19.73541],[-72.3925,19.73277],[-72.40835,19.73541],[-72.41097,19.74117]]]}},{"type":"Feature","properties":{"adm3_name":"1re Section Gascogne","adm3_pcode":"HT0621-01","adm2_name":"Mirebalais","adm1_name":"Centre"},"geometry":{"type":"Polygon","coordinates":[[[-72.05687,18.80454],[-72.07204,18.81758],[-72.07356,18.81004],[-72.07869,18.80176],[-72.0896,18.79996],[-72.09121,18.7956],[-72.08846,18.79271],[-72.09074,18.78939],[-72.08784,18.78154],[-72.08374,18.77627],[-72.07845,18.77572],[-72.0768,18.76993],[-72.07132,18.76686],[-72.06971,18.7534],[-72.07355,18.73669],[-72.06814,18.72076],[-72.04423,18.71934],[-72.02759,18.72692],[-72.01708,18.72417],[-72.00944,18.73699],[-72.00593,18.73514],[-72.00531,18.73007],[-71.99189,18.73435],[-71.98854,18.73772],[-71.97786,18.73411],[-71.9711,18.74684],[-71.97625,18.74683],[-71.97741,18.74998],[-71.97446,18.75123],[-71.97469,18.75553],[-71.99525,18.76889],[-71.99692,18.77181],[-71.99496,18.78013],[-72.00496,18.78005],[-72.00561,18.78374],[-72.01417,18.78152],[-72.01604,18.77647],[-72.01744,18.77881],[-72.0202,18.77648],[-72.02187,18.78082],[-72.02468,18.78003],[-72.02283,18.78378],[-72.02761,18.78252],[-72.02995,18.78436],[-72.03489,18.79339],[-72.05097,18.79397],[-72.05687,18.80454]]]}},{"type":"Feature","properties":{"adm3_name":"1re Section Gerin ou Mouton","adm3_pcode":"HT1031-01","adm2_name":"Baraderes","adm1_name":"Nippes"},"geometry":{"type":"Polygon","coordinates":[[[-73.57717,18.50692],[-73.57779,18.5099],[-73.57912,18.50956],[-73.57844,18.50445],[-73.58338,18.50547],[-73.58772,18.50148],[-73.59262,18.50409],[-73.59772,18.50087],[-73.59888,18.50367],[-73.608,18.5012],[-73.60794,18.50361],[-73.61118,18.50053],[-73.61142,18.50322],[-73.61465,18.50087],[-73.61815,18.5026],[-73.62237,18.49948],[-73.62315,18.50409],[-73.62732,18.50471],[-73.6258,18.5016],[-73.62964,18.50241],[-73.63025,18.50466],[-73.6349,18.50453],[-73.63627,18.4968],[-73.63455,18.4923],[-73.6375,18.49029],[-73.64065,18.47996],[-73.64341,18.46036],[-73.64507,18.44141],[-73.64313,18.43912],[-73.61889,18.45414],[-73.6,18.45455],[-73.58675,18.45871],[-73.58739,18.46594],[-73.5936,18.46938],[-73.59559,18.47492],[-73.59258,18.48202],[-73.57765,18.4921],[-73.57484,18.50149],[-73.57066,18.50524],[-73.57717,18.50692]]]}},{"type":"Feature","properties":{"adm3_name":"1re Section Gobert ou Colline Gobert","adm3_pcode":"HT0371-01","adm2_name":"Plaisance","adm1_name":"North"},"geometry":{"type":"Polygon","coordinates":[[[-72.51209,19.66313],[-72.51592,19.66116],[-72.51737,19.65687],[-72.51548,19.65311],[-72.52495,19.63929],[-72.52504,19.63466],[-72.52176,19.62118],[-72.51516,19.62196],[-72.51087,19.61609],[-72.51148,19.60935],[-72.50547,19.6286],[-72.49492,19.62574],[-72.49592,19.62327],[-72.49329,19.62057],[-72.4851,19.62609],[-72.49494,19.64384],[-72.49666,19.65939],[-72.51209,19.66313]]]}},{"type":"Feature","properties":{"adm3_name":"1re Section Grand-Boucan","adm3_pcode":"HT1032-01","adm2_name":"Grand-Boucan","adm1_name":"Nippes"},"geometry":{"type":"Polygon","coordinates":[[[-73.56737,18.58722],[-73.57776,18.58931],[-73.61719,18.58544],[-73.6349,18.58188],[-73.65618,18.57244],[-73.67528,18.57546],[-73.67396,18.56787],[-73.67676,18.56486],[-73.66621,18.55715],[-73.66171,18.55987],[-73.66612,18.55312],[-73.64436,18.55437],[-73.64534,18.55943],[-73.64356,18.56043],[-73.64404,18.55837],[-73.64167,18.55753],[-73.63069,18.55919],[-73.61882,18.55648],[-73.61707,18.55402],[-73.61314,18.55588],[-73.60695,18.55269],[-73.59311,18.55247],[-73.57747,18.56137],[-73.56367,18.58132],[-73.56737,18.58722]]]}},{"type":"Feature","properties":{"adm3_name":"1re Section Grand Fonds","adm3_pcode":"HT0732-01","adm2_name":"Saint Louis du Sud","adm1_name":"South"},"geometry":{"type":"Polygon","coordinates":[[[-73.45035,18.33295],[-73.46183,18.33278],[-73.47145,18.31934],[-73.47901,18.31467],[-73.48009,18.31063],[-73.48986,18.31006],[-73.49267,18.30059],[-73.50436,18.29731],[-73.51089,18.29183],[-73.51568,18.29175],[-73.51828,18.28548],[-73.49597,18.28009],[-73.48512,18.28053],[-73.47844,18.28395],[-73.46617,18.283],[-73.45819,18.29308],[-73.46241,18.30143],[-73.4592,18.3077],[-73.46386,18.31091],[-73.45435,18.31482],[-73.45378,18.32888],[-73.45035,18.33295]]]}},{"type":"Feature","properties":{"adm3_name":"1re Section Grand Gilles","adm3_pcode":"HT0331-01","adm2_name":"Grande Riviere Du Nord","adm1_name":"North"},"geometry":{"type":"Polygon","coordinates":[[[-72.1674,19.58648],[-72.16099,19.59821],[-72.15332,19.60084],[-72.1633,19.62212],[-72.16707,19.62396],[-72.17368,19.62064],[-72.1826,19.60984],[-72.21707,19.58921],[-72.22514,19.58163],[-72.22106,19.57884],[-72.21817,19.56872],[-72.21385,19.56615],[-72.20456,19.57693],[-72.1819,19.57999],[-72.17452,19.58582],[-72.17134,19.58182],[-72.1674,19.58648]]]}},{"type":"Feature","properties":{"adm3_name":"1re Section Grande Plaine","adm3_pcode":"HT0132-01","adm2_name":"Thomazeau","adm1_name":"West"},"geometry":{"type":"Polygon","coordinates":[[[-72.11337,18.69502],[-72.11642,18.69654],[-72.11552,18.70361],[-72.12291,18.70373],[-72.12721,18.7064],[-72.14722,18.69468],[-72.15561,18.69745],[-72.15881,18.68917],[-72.15715,18.67663],[-72.16867,18.67808],[-72.1708,18.68181],[-72.1803,18.67184],[-72.18067,18.66424],[-72.20432,18.64041],[-72.19364,18.63518],[-72.18597,18.60907],[-72.17302,18.61273],[-72.17188,18.61054],[-72.16454,18.61023],[-72.16151,18.62792],[-72.14634,18.62671],[-72.10903,18.63361],[-72.10465,18.63646],[-72.10586,18.62425],[-72.1038,18.61701],[-72.09334,18.6153],[-72.08756,18.61887],[-72.07114,18.62014],[-72.06997,18.61217],[-72.06065,18.61232],[-72.04744,18.60418],[-72.04796,18.59437],[-72.03847,18.58915],[-71.99591,18.61728],[-72.00042,18.61759],[-72.00825,18.62511],[-72.00086,18.62766],[-72.0026,18.63202],[-72.00022,18.63526],[-72.01142,18.64095],[-72.01394,18.64655],[-72.01803,18.64611],[-72.02865,18.65812],[-72.03482,18.65916],[-72.03944,18.66404],[-72.04515,18.66236],[-72.04669,18.66527],[-72.05733,18.66958],[-72.05745,18.68089],[-72.07699,18.68166],[-72.0864,18.6784],[-72.09565,18.68337],[-72.09512,18.68551],[-72.10291,18.68452],[-72.1067,18.68966],[-72.10669,18.69451],[-72.11337,18.69502]]]}},{"type":"Feature","properties":{"adm3_name":"1re Section Grandoit","adm3_pcode":"HT0821-01","adm2_name":"Anse d'Hainault","adm1_name":"Grande'Anse"},"geometry":{"type":"Polygon","coordinates":[[[-74.40683,18.49891],[-74.4202,18.50186],[-74.42454,18.49847],[-74.42809,18.49995],[-74.43513,18.49703],[-74.45192,18.50031],[-74.45582,18.49912],[-74.46286,18.49079],[-74.45418,18.48766],[-74.45377,18.48274],[-74.44169,18.48266],[-74.43456,18.47568],[-74.42899,18.47801],[-74.42557,18.48412],[-74.4183,18.47955],[-74.41232,18.48076],[-74.40611,18.47625],[-74.39694,18.48199],[-74.39927,18.48737],[-74.39351,18.49236],[-74.40683,18.49891]]]}},{"type":"Feature","properties":{"adm3_name":"1re Section Gris Gris","adm3_pcode":"HT0222-01","adm2_name":"Cotes de Fer","adm1_name":"South-East"},"geometry":{"type":"Polygon","coordinates":[[[-72.93021,18.25392],[-72.95223,18.25074],[-72.95641,18.24556],[-72.96275,18.24385],[-72.96469,18.23545],[-72.97717,18.22939],[-72.97943,18.22309],[-72.98751,18.21507],[-72.98877,18.20332],[-72.99616,18.19541],[-72.9956,18.17686],[-72.96596,18.17048],[-72.96055,18.16711],[-72.94717,18.16781],[-72.94595,18.1659],[-72.93289,18.16482],[-72.93031,18.16723],[-72.92514,18.17809],[-72.92618,18.18271],[-72.92073,18.18806],[-72.91978,18.19226],[-72.91582,18.19409],[-72.91601,18.20035],[-72.9093,18.20946],[-72.90844,18.21487],[-72.91192,18.2252],[-72.90815,18.22661],[-72.90266,18.22475],[-72.89108,18.23543],[-72.89872,18.24275],[-72.90655,18.24422],[-72.91226,18.24086],[-72.91837,18.24277],[-72.93021,18.25392]]]}},{"type":"Feature","properties":{"adm3_name":"1re Section Haut des Perches","adm3_pcode":"HT0413-01","adm2_name":"Perches","adm1_name":"North-East"},"geometry":{"type":"Polygon","coordinates":[[[-71.90539,19.51362],[-71.91255,19.51932],[-71.92579,19.52155],[-71.94976,19.50515],[-71.96751,19.50454],[-71.9644,19.49932],[-71.95083,19.49481],[-71.93787,19.47963],[-71.92674,19.49265],[-71.92114,19.49398],[-71.91869,19.49866],[-71.91105,19.49969],[-71.90805,19.49682],[-71.89515,19.50037],[-71.89429,19.51408],[-71.90539,19.51362]]]}},{"type":"Feature","properties":{"adm3_name":"1re Section Haut Limbe ou Acul Jeannot","adm3_pcode":"HT0361-01","adm2_name":"Limbe","adm1_name":"North"},"geometry":{"type":"Polygon","coordinates":[[[-72.36363,19.71796],[-72.37091,19.72355],[-72.38361,19.7255],[-72.3872,19.72289],[-72.38925,19.71666],[-72.3925,19.7181],[-72.39852,19.71372],[-72.39165,19.70384],[-72.39686,19.69867],[-72.39392,19.694],[-72.39553,19.6829],[-72.38541,19.6777],[-72.37889,19.68022],[-72.37518,19.67384],[-72.36098,19.66599],[-72.3422,19.68565],[-72.3412,19.68977],[-72.34733,19.69956],[-72.35295,19.70366],[-72.35426,19.70912],[-72.3616,19.71248],[-72.36363,19.71796]]]}},{"type":"Feature","properties":{"adm3_name":"1re Section Haut Maribahoux","adm3_pcode":"HT0421-01","adm2_name":"Ouanaminthe","adm1_name":"North-East"},"geometry":{"type":"Polygon","coordinates":[[[-71.7963,19.58378],[-71.80389,19.59279],[-71.81784,19.58594],[-71.81682,19.57368],[-71.8094,19.56957],[-71.80938,19.56406],[-71.80535,19.56388],[-71.80982,19.55698],[-71.81352,19.55939],[-71.81621,19.55751],[-71.81576,19.55445],[-71.82067,19.55512],[-71.81972,19.55098],[-71.8226,19.54998],[-71.82203,19.54574],[-71.82461,19.54276],[-71.82072,19.54031],[-71.81516,19.54055],[-71.80762,19.5363],[-71.8009,19.53848],[-71.79618,19.53455],[-71.78764,19.53576],[-71.78119,19.53013],[-71.77611,19.53507],[-71.77167,19.5317],[-71.7535,19.53182],[-71.75479,19.52667],[-71.75252,19.52374],[-71.74975,19.52526],[-71.74166,19.52142],[-71.73851,19.52263],[-71.72963,19.53478],[-71.71852,19.53685],[-71.71257,19.54204],[-71.71196,19.54906],[-71.71976,19.56212],[-71.74316,19.58478],[-71.74347,19.58859],[-71.76848,19.58751],[-71.77077,19.58395],[-71.77283,19.58597],[-71.78192,19.58609],[-71.78518,19.58149],[-71.7861,19.58365],[-71.79586,19.58161],[-71.7963,19.58378]]]}},{"type":"Feature","properties":{"adm3_name":"1re Section Île a Vache","adm3_pcode":"HT0716-01","adm2_name":"Ile a Vache","adm1_name":"South"},"geometry":{"type":"Polygon","coordinates":[[[-73.70372,18.1093],[-73.70588,18.10968],[-73.70821,18.10535],[-73.70781,18.1007],[-73.70188,18.0952],[-73.70545,18.09273],[-73.6873,18.0831],[-73.68759,18.07765],[-73.67621,18.06585],[-73.67471,18.0597],[-73.6584,18.05801],[-73.65081,18.0609],[-73.58554,18.05624],[-73.57613,18.06108],[-73.57144,18.06804],[-73.57242,18.07294],[-73.57709,18.07637],[-73.58264,18.08728],[-73.60003,18.09958],[-73.61067,18.09899],[-73.62242,18.08939],[-73.63996,18.08296],[-73.66164,18.08898],[-73.6716,18.09959],[-73.67649,18.09627],[-73.68037,18.10365],[-73.68255,18.1009],[-73.68086,18.09948],[-73.68382,18.09831],[-73.68287,18.09972],[-73.68735,18.10313],[-73.6854,18.10561],[-73.6919,18.1075],[-73.694,18.10432],[-73.69156,18.10307],[-73.69742,18.10261],[-73.69964,18.10916],[-73.70372,18.1093]]]}},{"type":"Feature","properties":{"adm3_name":"1re Section Juanaria","adm3_pcode":"HT0611-01","adm2_name":"Hinche","adm1_name":"Centre"},"geometry":{"type":"Polygon","coordinates":[[[-72.00548,19.14938],[-72.01594,19.15079],[-72.02275,19.14702],[-72.02424,19.16144],[-72.02562,19.16293],[-72.0351,19.15698],[-72.03958,19.1567],[-72.03796,19.16528],[-72.04121,19.16751],[-72.04389,19.16667],[-72.04759,19.15809],[-72.05183,19.15822],[-72.05429,19.16197],[-72.06156,19.15762],[-72.06557,19.16143],[-72.0658,19.16886],[-72.06888,19.16394],[-72.07897,19.16229],[-72.0803,19.16333],[-72.07637,19.1672],[-72.07638,19.17233],[-72.0833,19.174],[-72.08204,19.17127],[-72.08498,19.16827],[-72.08927,19.17065],[-72.0953,19.16067],[-72.10635,19.15257],[-72.10684,19.14458],[-72.12227,19.13294],[-72.1252,19.11876],[-72.13539,19.10366],[-72.13892,19.10246],[-72.15089,19.11025],[-72.15972,19.10487],[-72.16863,19.10321],[-72.17585,19.08807],[-72.179,19.08559],[-72.18519,19.08861],[-72.18794,19.0869],[-72.19053,19.0721],[-72.16649,19.04727],[-72.16226,19.03965],[-72.14153,19.02264],[-72.13704,19.01599],[-72.13156,19.02367],[-72.11663,19.02983],[-72.11309,19.03341],[-72.1048,19.0328],[-72.09503,19.0454],[-72.08904,19.06032],[-72.0836,19.06143],[-72.08105,19.05314],[-72.07724,19.05297],[-72.07019,19.05742],[-72.06388,19.05471],[-72.05878,19.05546],[-72.03965,19.06514],[-72.03998,19.07577],[-72.02866,19.08317],[-72.02836,19.08973],[-72.01946,19.10055],[-72.01887,19.10898],[-72.01418,19.11372],[-72.00934,19.11351],[-72.00115,19.11951],[-71.99342,19.12063],[-71.99174,19.1236],[-71.99919,19.12862],[-72.00166,19.13666],[-71.99933,19.14283],[-72.00548,19.14938]]]}},{"type":"Feature","properties":{"adm3_name":"1re Section l'Arbre","adm3_pcode":"HT0523-01","adm2_name":"Anse Rouge","adm1_name":"Artibonite"},"geometry":{"type":"Polygon","coordinates":[[[-73.01573,19.73183],[-73.02673,19.73291],[-73.0328,19.738],[-73.04694,19.74187],[-73.05719,19.74069],[-73.07004,19.73128],[-73.07348,19.73301],[-73.08006,19.73123],[-73.08707,19.71445],[-73.10563,19.70256],[-73.10173,19.69954],[-73.10377,19.69637],[-73.11598,19.70306],[-73.1206,19.70207],[-73.12223,19.69241],[-73.11771,19.68734],[-73.11838,19.67636],[-73.13625,19.64045],[-73.12819,19.63344],[-73.12205,19.63194],[-73.11741,19.63787],[-73.10271,19.64216],[-73.06253,19.63344],[-73.05338,19.63032],[-73.03703,19.61704],[-73.02315,19.60954],[-73.01407,19.60922],[-73.01581,19.60637],[-73.01333,19.6057],[-73.00292,19.60468],[-72.99961,19.61094],[-72.99396,19.61376],[-72.99142,19.61172],[-72.99823,19.60203],[-72.99147,19.59586],[-72.98799,19.60227],[-72.97369,19.61073],[-72.96589,19.62018],[-72.96104,19.61936],[-72.95507,19.62801],[-72.9321,19.63286],[-72.92731,19.63141],[-72.90425,19.64424],[-72.90269,19.64615],[-72.9042,19.65177],[-72.8973,19.66276],[-72.88825,19.66951],[-72.87689,19.67267],[-72.87869,19.67966],[-72.8762,19.68262],[-72.87124,19.68199],[-72.85534,19.69006],[-72.85148,19.6963],[-72.85043,19.70164],[-72.85815,19.7129],[-72.87739,19.70909],[-72.89489,19.71037],[-72.89715,19.714],[-72.92492,19.71765],[-72.92442,19.72595],[-72.92744,19.72927],[-72.93756,19.72579],[-72.95302,19.72481],[-72.9672,19.7284],[-72.97852,19.72246],[-72.99219,19.72238],[-73.01573,19.73183]]]}},{"type":"Feature","properties":{"adm3_name":"1re Section l'Asile ou Nan Paul","adm3_pcode":"HT1023-03","adm2_name":"L'Asile","adm1_name":"Nippes"},"geometry":{"type":"Polygon","coordinates":[[[-73.42598,18.45059],[-73.4302,18.4524],[-73.45072,18.44627],[-73.44209,18.43466],[-73.44548,18.43169],[-73.4472,18.4162],[-73.44916,18.41475],[-73.44437,18.39703],[-73.44616,18.39334],[-73.4508,18.39154],[-73.45227,18.38577],[-73.45938,18.38081],[-73.46311,18.37947],[-73.46935,18.38383],[-73.4723,18.38922],[-73.47847,18.38768],[-73.48431,18.3802],[-73.48872,18.37842],[-73.49062,18.38147],[-73.49945,18.38216],[-73.50146,18.38424],[-73.51337,18.38378],[-73.51812,18.38793],[-73.52523,18.38581],[-73.53574,18.38721],[-73.53863,18.38462],[-73.54178,18.37365],[-73.52345,18.3725],[-73.52096,18.37807],[-73.51503,18.37858],[-73.49624,18.3726],[-73.4733,18.37372],[-73.46875,18.37829],[-73.45877,18.37206],[-73.44864,18.38043],[-73.41295,18.37501],[-73.40532,18.37981],[-73.392,18.36734],[-73.38955,18.36672],[-73.38552,18.37082],[-73.3832,18.36396],[-73.37587,18.36329],[-73.36674,18.36771],[-73.38073,18.3883],[-73.38372,18.39843],[-73.38521,18.39461],[-73.3877,18.39672],[-73.38783,18.40214],[-73.39215,18.40232],[-73.39309,18.40573],[-73.39473,18.40401],[-73.40125,18.40891],[-73.40301,18.40636],[-73.40885,18.40828],[-73.40395,18.41121],[-73.40881,18.41184],[-73.40918,18.41416],[-73.40383,18.41906],[-73.41214,18.42457],[-73.41316,18.42931],[-73.40891,18.43596],[-73.4004,18.43987],[-73.39942,18.44469],[-73.40244,18.44679],[-73.41715,18.44531],[-73.42298,18.45078],[-73.42598,18.45059]]]}},{"type":"Feature","properties":{"adm3_name":"1re Section La Croix Perisse","adm3_pcode":"HT0513-01","adm2_name":"L'Estere","adm1_name":"Artibonite"},"geometry":{"type":"Polygon","coordinates":[[[-72.58192,19.3915],[-72.59623,19.39952],[-72.59293,19.39132],[-72.594,19.3786],[-72.58514,19.36387],[-72.58219,19.34255],[-72.58965,19.33404],[-72.59083,19.32936],[-72.60236,19.31839],[-72.61011,19.3015],[-72.6104,19.29916],[-72.60691,19.30513],[-72.59959,19.30609],[-72.59366,19.31149],[-72.58274,19.30404],[-72.56485,19.30242],[-72.56005,19.31316],[-72.54645,19.31766],[-72.54081,19.31187],[-72.53805,19.31244],[-72.53389,19.31523],[-72.53008,19.32592],[-72.5268,19.32861],[-72.52221,19.33126],[-72.5106,19.33244],[-72.51053,19.33672],[-72.53997,19.35831],[-72.54904,19.38932],[-72.55786,19.38873],[-72.56424,19.3949],[-72.58192,19.3915]]]}},{"type":"Feature","properties":{"adm3_name":"1re Section La Plate","adm3_pcode":"HT0913-01","adm2_name":"Bassin Bleu","adm1_name":"North-West"},"geometry":{"type":"Polygon","coordinates":[[[-72.74727,19.86602],[-72.75428,19.86567],[-72.75496,19.86354],[-72.77173,19.86502],[-72.77448,19.86082],[-72.77648,19.84294],[-72.77988,19.83964],[-72.78005,19.83343],[-72.80483,19.82397],[-72.80643,19.81064],[-72.80092,19.80603],[-72.8088,19.80088],[-72.81014,19.79678],[-72.79949,19.78837],[-72.80716,19.77921],[-72.80555,19.77496],[-72.80059,19.77184],[-72.79078,19.76741],[-72.76412,19.78875],[-72.7592,19.78858],[-72.74856,19.78305],[-72.74261,19.7836],[-72.73946,19.78607],[-72.73933,19.79075],[-72.72896,19.79949],[-72.72459,19.8096],[-72.73019,19.8124],[-72.73402,19.82816],[-72.73855,19.8326],[-72.73822,19.83711],[-72.73492,19.84055],[-72.73633,19.84348],[-72.73238,19.84619],[-72.73553,19.85129],[-72.73735,19.84996],[-72.74531,19.854],[-72.74821,19.86098],[-72.74727,19.86602]]]}},{"type":"Feature","properties":{"adm3_name":"1re Section la Source","adm3_pcode":"HT0152-02","adm2_name":"Pointe a Raquette","adm1_name":"West"},"geometry":{"type":"Polygon","coordinates":[[[-73.25156,18.93289],[-73.26279,18.93384],[-73.27468,18.92639],[-73.2885,18.92722],[-73.2914,18.93005],[-73.29818,18.93088],[-73.30381,18.92557],[-73.30337,18.92209],[-73.3003,18.92101],[-73.30162,18.91952],[-73.29977,18.91993],[-73.30092,18.91338],[-73.29705,18.90707],[-73.26558,18.88647],[-73.23835,18.85011],[-73.22849,18.84861],[-73.21751,18.83524],[-73.20492,18.83456],[-73.19863,18.84754],[-73.20807,18.84822],[-73.20543,18.8532],[-73.21176,18.86002],[-73.21233,18.86864],[-73.21554,18.87217],[-73.21538,18.87957],[-73.21089,18.88098],[-73.20448,18.87883],[-73.20093,18.88867],[-73.19059,18.89196],[-73.18977,18.89594],[-73.18676,18.89767],[-73.18722,18.90373],[-73.17543,18.91229],[-73.19725,18.92151],[-73.199,18.9196],[-73.20419,18.92085],[-73.21705,18.91788],[-73.22981,18.92054],[-73.23497,18.92773],[-73.25105,18.92964],[-73.25156,18.93289]]]}},{"type":"Feature","properties":{"adm3_name":"1re Section La Vallee de Jacmel ou Muzac","adm3_pcode":"HT0214-01","adm2_name":"La Vallee","adm1_name":"South-East"},"geometry":{"type":"Polygon","coordinates":[[[-72.6453,18.29936],[-72.65425,18.29227],[-72.6584,18.29562],[-72.66278,18.294],[-72.6658,18.29736],[-72.68019,18.29201],[-72.69066,18.29589],[-72.69636,18.28972],[-72.69586,18.28532],[-72.70267,18.28014],[-72.70186,18.27206],[-72.69936,18.26974],[-72.70457,18.26897],[-72.70402,18.26309],[-72.69378,18.26234],[-72.68495,18.25715],[-72.68128,18.24423],[-72.66386,18.24032],[-72.65605,18.23554],[-72.65104,18.23674],[-72.64712,18.24657],[-72.64222,18.2467],[-72.63761,18.26031],[-72.62866,18.26231],[-72.60694,18.25958],[-72.60935,18.26797],[-72.62157,18.26389],[-72.6266,18.27049],[-72.63165,18.26858],[-72.6387,18.27111],[-72.64143,18.28343],[-72.63549,18.28501],[-72.63457,18.28975],[-72.63023,18.29594],[-72.62891,18.29641],[-72.62874,18.2968],[-72.62873,18.29684],[-72.6453,18.29936]]]}},{"type":"Feature","properties":{"adm3_name":"1re Section Lacoma","adm3_pcode":"HT0934-01","adm2_name":"Jean Rabel","adm1_name":"North-West"},"geometry":{"type":"Polygon","coordinates":[[[-73.02126,19.92178],[-73.03098,19.92157],[-73.03184,19.91923],[-73.02647,19.91563],[-73.02858,19.90936],[-73.03397,19.9095],[-73.0343,19.91221],[-73.04519,19.91908],[-73.06329,19.9192],[-73.05944,19.91081],[-73.05915,19.90385],[-73.07612,19.88175],[-73.08125,19.8697],[-73.08841,19.87143],[-73.09127,19.86099],[-73.08741,19.8463],[-73.09152,19.8356],[-73.08992,19.81139],[-73.09145,19.80211],[-73.08848,19.78971],[-73.08423,19.78394],[-73.0818,19.76926],[-73.07002,19.75963],[-73.0698,19.74958],[-73.06548,19.73634],[-73.05719,19.74069],[-73.04694,19.74187],[-73.0328,19.738],[-73.02673,19.73291],[-73.01089,19.7309],[-73.02171,19.74893],[-73.02256,19.75573],[-73.03208,19.76195],[-73.03364,19.77418],[-73.02353,19.78369],[-73.02062,19.79178],[-73.02236,19.79554],[-73.02029,19.81361],[-73.0217,19.82411],[-73.02484,19.82963],[-73.01989,19.83764],[-73.01406,19.83705],[-73.01268,19.84828],[-73.00468,19.85444],[-73.00351,19.867],[-73.00702,19.87285],[-72.99978,19.88071],[-73.00248,19.90086],[-72.99955,19.90617],[-73.00045,19.91722],[-73.02126,19.92178]]]}},{"type":"Feature","properties":{"adm3_name":"1re Section Lazarre","adm3_pcode":"HT0723-01","adm2_name":"Arniquet","adm1_name":"South"},"geometry":{"type":"Polygon","coordinates":[[[-73.91378,18.18349],[-73.92819,18.19254],[-73.94055,18.1954],[-73.94586,18.18868],[-73.94857,18.17558],[-73.94659,18.16217],[-73.93714,18.16893],[-73.93698,18.17545],[-73.93436,18.18061],[-73.9303,18.18247],[-73.9246,18.18114],[-73.9137,18.17229],[-73.90043,18.16893],[-73.89633,18.17039],[-73.91378,18.18349]]]}},{"type":"Feature","properties":{"adm3_name":"1re Section Levy Mersan","adm3_pcode":"HT0714-01","adm2_name":"Camp-Perrin","adm1_name":"South"},"geometry":{"type":"Polygon","coordinates":[[[-73.81156,18.28237],[-73.81569,18.28829],[-73.82007,18.28725],[-73.82299,18.2895],[-73.82784,18.29709],[-73.83282,18.32467],[-73.8282,18.32779],[-73.82769,18.33212],[-73.84081,18.32913],[-73.84678,18.33103],[-73.86139,18.32552],[-73.86643,18.32724],[-73.86893,18.32555],[-73.86652,18.29225],[-73.84248,18.26549],[-73.81759,18.27357],[-73.81701,18.27779],[-73.81213,18.27938],[-73.81156,18.28237]]]}},{"type":"Feature","properties":{"adm3_name":"1re Section Liancourt","adm3_pcode":"HT0532-01","adm2_name":"Verrettes","adm1_name":"Artibonite"},"geometry":{"type":"Polygon","coordinates":[[[-72.59594,19.14935],[-72.59999,19.15863],[-72.60823,19.15634],[-72.60455,19.15113],[-72.60781,19.14942],[-72.6082,19.13555],[-72.56958,19.11656],[-72.55461,19.10634],[-72.55282,19.10144],[-72.52939,19.10752],[-72.51879,19.12097],[-72.51409,19.12291],[-72.51681,19.12995],[-72.51987,19.13193],[-72.51899,19.13632],[-72.51403,19.13871],[-72.51878,19.14385],[-72.51613,19.14827],[-72.5122,19.14806],[-72.51493,19.15393],[-72.52112,19.15445],[-72.53251,19.14815],[-72.53932,19.14066],[-72.55259,19.14901],[-72.55911,19.14443],[-72.56319,19.14607],[-72.56558,19.14093],[-72.57368,19.13927],[-72.57946,19.14225],[-72.57962,19.14969],[-72.58254,19.15287],[-72.588,19.14841],[-72.59594,19.14935]]]}},{"type":"Feature","properties":{"adm3_name":"1re Section Macean","adm3_pcode":"HT0731-01","adm2_name":"Aquin","adm1_name":"South"},"geometry":{"type":"Polygon","coordinates":[[[-73.28444,18.31972],[-73.28731,18.31665],[-73.3066,18.30911],[-73.32425,18.30767],[-73.38839,18.28359],[-73.39007,18.28043],[-73.38617,18.27041],[-73.382,18.26811],[-73.38303,18.27311],[-73.37805,18.26784],[-73.37474,18.26833],[-73.37148,18.26442],[-73.36964,18.26552],[-73.37054,18.26254],[-73.36801,18.26256],[-73.3667,18.25877],[-73.35561,18.25672],[-73.35228,18.25452],[-73.35332,18.25174],[-73.35077,18.2531],[-73.35656,18.24821],[-73.35739,18.24185],[-73.3617,18.24181],[-73.36579,18.23829],[-73.37047,18.2233],[-73.37001,18.21752],[-73.3583,18.21681],[-73.35474,18.22431],[-73.34871,18.22412],[-73.34787,18.22015],[-73.34333,18.21933],[-73.34121,18.22162],[-73.33169,18.22081],[-73.32891,18.22326],[-73.31928,18.22463],[-73.30751,18.23043],[-73.31159,18.23966],[-73.30524,18.2467],[-73.29019,18.23915],[-73.28386,18.24291],[-73.28722,18.24876],[-73.27803,18.25035],[-73.28196,18.26317],[-73.27454,18.27387],[-73.26793,18.27627],[-73.27572,18.28347],[-73.27143,18.28582],[-73.27491,18.30806],[-73.27081,18.31618],[-73.2808,18.31708],[-73.28444,18.31972]]]}},{"type":"Feature","properties":{"adm3_name":"1re Section Maniche","adm3_pcode":"HT0715-01","adm2_name":"Maniche","adm1_name":"South"},"geometry":{"type":"Polygon","coordinates":[[[-73.6925,18.34972],[-73.69993,18.35099],[-73.70212,18.34776],[-73.70815,18.35126],[-73.72257,18.34512],[-73.72702,18.34525],[-73.72654,18.3491],[-73.72892,18.34782],[-73.73369,18.35142],[-73.73766,18.34863],[-73.74937,18.35039],[-73.76465,18.34701],[-73.77055,18.35062],[-73.77746,18.35102],[-73.79253,18.3461],[-73.79108,18.34249],[-73.7937,18.33955],[-73.78862,18.33503],[-73.79002,18.32757],[-73.77401,18.31476],[-73.76309,18.325],[-73.75109,18.33059],[-73.74709,18.33078],[-73.74098,18.32322],[-73.73896,18.3236],[-73.73963,18.33022],[-73.73641,18.33177],[-73.73412,18.33167],[-73.73251,18.32435],[-73.72975,18.32436],[-73.72931,18.32078],[-73.72272,18.316],[-73.71252,18.32009],[-73.70809,18.31522],[-73.69888,18.31822],[-73.68914,18.31383],[-73.68847,18.31947],[-73.69527,18.32493],[-73.69983,18.3376],[-73.6925,18.34972]]]}},{"type":"Feature","properties":{"adm3_name":"1re Section Margot","adm3_pcode":"HT0351-01","adm2_name":"Borgne","adm1_name":"North"},"geometry":{"type":"Polygon","coordinates":[[[-72.58268,19.85143],[-72.58936,19.85119],[-72.59552,19.83994],[-72.59321,19.83259],[-72.58342,19.82056],[-72.5766,19.81796],[-72.57456,19.81356],[-72.5677,19.81179],[-72.56495,19.80373],[-72.55415,19.8016],[-72.55598,19.79668],[-72.55119,19.79695],[-72.54316,19.78636],[-72.52899,19.77713],[-72.51011,19.78471],[-72.50885,19.79252],[-72.53022,19.81357],[-72.53091,19.82579],[-72.52563,19.83204],[-72.5256,19.83926],[-72.53455,19.8372],[-72.53724,19.83858],[-72.54429,19.8344],[-72.55302,19.8348],[-72.56503,19.83876],[-72.58268,19.85143]]]}},{"type":"Feature","properties":{"adm3_name":"1re Section Martineau","adm3_pcode":"HT0533-01","adm2_name":"La Chapelle","adm1_name":"Artibonite"},"geometry":{"type":"Polygon","coordinates":[[[-72.29095,18.92164],[-72.31817,18.93713],[-72.32851,18.92129],[-72.33987,18.913],[-72.34887,18.91629],[-72.35773,18.9126],[-72.36395,18.90239],[-72.36503,18.89394],[-72.38154,18.87931],[-72.36469,18.86587],[-72.35627,18.87023],[-72.32503,18.86284],[-72.31545,18.85807],[-72.30089,18.86382],[-72.28925,18.86376],[-72.27884,18.86014],[-72.2646,18.86202],[-72.25683,18.85725],[-72.25334,18.85805],[-72.24684,18.87176],[-72.24808,18.8808],[-72.24363,18.89972],[-72.24967,18.90901],[-72.24086,18.91663],[-72.246,18.91997],[-72.25994,18.91691],[-72.26679,18.92159],[-72.27167,18.91434],[-72.27971,18.91817],[-72.28406,18.92353],[-72.28867,18.91996],[-72.29095,18.92164]]]}},{"type":"Feature","properties":{"adm3_name":"1re Section Matador (Jorgue)","adm3_pcode":"HT0823-01","adm2_name":"Les Irois","adm1_name":"Grande'Anse"},"geometry":{"type":"Polygon","coordinates":[[[-74.34948,18.42769],[-74.36193,18.43603],[-74.36591,18.44415],[-74.38108,18.45215],[-74.3901,18.44687],[-74.39765,18.43877],[-74.39505,18.43171],[-74.39734,18.42705],[-74.40816,18.43649],[-74.40929,18.44171],[-74.42869,18.43643],[-74.43529,18.43854],[-74.44278,18.42985],[-74.44189,18.42371],[-74.44674,18.42501],[-74.44744,18.42155],[-74.4501,18.42259],[-74.45068,18.4201],[-74.46548,18.41842],[-74.4727,18.42006],[-74.47608,18.41619],[-74.4804,18.41553],[-74.46433,18.41317],[-74.4526,18.40311],[-74.44068,18.41752],[-74.43509,18.4176],[-74.43303,18.42053],[-74.43019,18.41733],[-74.4194,18.4204],[-74.41166,18.41864],[-74.40624,18.42221],[-74.40122,18.41066],[-74.39043,18.4146],[-74.38277,18.40177],[-74.36896,18.39543],[-74.36072,18.39484],[-74.35695,18.3907],[-74.34768,18.38729],[-74.34103,18.37897],[-74.34264,18.36423],[-74.34006,18.36195],[-74.32918,18.36097],[-74.32453,18.36447],[-74.30861,18.36703],[-74.29609,18.37901],[-74.29474,18.38549],[-74.29615,18.39181],[-74.29392,18.39474],[-74.30185,18.40775],[-74.30246,18.41592],[-74.32126,18.41828],[-74.33249,18.41599],[-74.33429,18.41867],[-74.3442,18.41962],[-74.34948,18.42769]]]}},{"type":"Feature","properties":{"adm3_name":"1re Section Matelgate","adm3_pcode":"HT0642-01","adm2_name":"Thomassique","adm1_name":"Centre"},"geometry":{"type":"Polygon","coordinates":[[[-71.80156,19.13171],[-71.81146,19.13248],[-71.81184,19.13413],[-71.80182,19.14485],[-71.80305,19.1468],[-71.80802,19.15171],[-71.82765,19.15888],[-71.85324,19.18873],[-71.85724,19.19023],[-71.86558,19.18672],[-71.86042,19.17859],[-71.8615,19.16944],[-71.85461,19.15753],[-71.86704,19.14028],[-71.87395,19.1364],[-71.88168,19.12051],[-71.88266,19.11371],[-71.88841,19.10631],[-71.91256,19.09885],[-71.91902,19.09478],[-71.91882,19.08746],[-71.91516,19.08695],[-71.91566,19.08361],[-71.90973,19.08012],[-71.9137,19.0702],[-71.90829,19.06898],[-71.90477,19.06427],[-71.91094,19.05515],[-71.90068,19.055],[-71.89816,19.04991],[-71.90565,19.04694],[-71.90046,19.03798],[-71.89709,19.03563],[-71.89316,19.03624],[-71.89095,19.0395],[-71.88789,19.03279],[-71.88277,19.03599],[-71.87785,19.03536],[-71.87647,19.02678],[-71.87276,19.02816],[-71.87094,19.0347],[-71.86495,19.0349],[-71.86482,19.02407],[-71.86035,19.0262],[-71.85641,19.0219],[-71.85747,19.01751],[-71.86671,19.0132],[-71.86636,19.00698],[-71.87049,19.00544],[-71.87071,19.00259],[-71.86803,19.00157],[-71.87232,18.99561],[-71.87101,18.99387],[-71.86621,18.99464],[-71.86966,18.99098],[-71.86902,18.98797],[-71.87505,18.98585],[-71.87419,18.98354],[-71.86289,18.98181],[-71.85934,18.98537],[-71.85203,18.99655],[-71.84977,19.01769],[-71.84325,19.02849],[-71.8427,19.03482],[-71.83132,19.04911],[-71.83166,19.06712],[-71.83534,19.07362],[-71.83942,19.078],[-71.84435,19.07446],[-71.8469,19.07628],[-71.84293,19.08304],[-71.83713,19.08689],[-71.83746,19.0908],[-71.83523,19.09252],[-71.83834,19.09726],[-71.83677,19.10208],[-71.82619,19.10868],[-71.8228,19.10689],[-71.79682,19.12574],[-71.78944,19.12518],[-71.78551,19.1293],[-71.80156,19.13171]]]}},{"type":"Feature","properties":{"adm3_name":"1re Section Montagne Noire","adm3_pcode":"HT0114-01","adm2_name":"Petion-Ville","adm1_name":"West"},"geometry":{"type":"Polygon","coordinates":[[[-72.30689,18.49019],[-72.3111,18.49006],[-72.31398,18.48635],[-72.32436,18.48186],[-72.32734,18.4728],[-72.32795,18.45621],[-72.33872,18.45588],[-72.33607,18.45269],[-72.32081,18.44487],[-72.31577,18.44706],[-72.31022,18.44609],[-72.30735,18.44952],[-72.29644,18.47566],[-72.30164,18.47766],[-72.30371,18.48221],[-72.29821,18.48644],[-72.30689,18.49019]]]}},{"type":"Feature","properties":{"adm3_name":"1re Section Morne a Bateau","adm3_pcode":"HT0116-01","adm2_name":"Gressier","adm1_name":"West"},"geometry":{"type":"Polygon","coordinates":[[[-72.45661,18.54683],[-72.47313,18.54864],[-72.48057,18.54501],[-72.49514,18.54691],[-72.50429,18.54566],[-72.49962,18.53888],[-72.49606,18.52305],[-72.48785,18.51986],[-72.48465,18.51433],[-72.48002,18.51656],[-72.47159,18.51502],[-72.46399,18.50507],[-72.46126,18.50722],[-72.46496,18.51892],[-72.45872,18.51712],[-72.45671,18.52677],[-72.45859,18.53966],[-72.45661,18.54683]]]}},{"type":"Feature","properties":{"adm3_name":"1re Section Morne Chandelle","adm3_pcode":"HT0113-01","adm2_name":"Carrefour","adm1_name":"West"},"geometry":{"type":"Polygon","coordinates":[[[-72.43362,18.50684],[-72.44668,18.5127],[-72.45192,18.50629],[-72.45085,18.50088],[-72.43988,18.49519],[-72.43713,18.47949],[-72.43262,18.4775],[-72.42738,18.48758],[-72.42819,18.49192],[-72.43422,18.49864],[-72.43362,18.50684]]]}},{"type":"Feature","properties":{"adm3_name":"1re Section Morne Rouge","adm3_pcode":"HT0322-01","adm2_name":"Plaine du Nord","adm1_name":"North"},"geometry":{"type":"Polygon","coordinates":[[[-72.30637,19.76173],[-72.31377,19.76554],[-72.31493,19.77027],[-72.31885,19.77008],[-72.32003,19.76773],[-72.31434,19.76029],[-72.31101,19.74794],[-72.31717,19.74924],[-72.31975,19.74549],[-72.31795,19.74333],[-72.30958,19.74323],[-72.30839,19.73736],[-72.31384,19.73563],[-72.31151,19.73277],[-72.31253,19.72631],[-72.3103,19.71665],[-72.30395,19.71183],[-72.30365,19.70693],[-72.30126,19.70732],[-72.29319,19.69572],[-72.26888,19.70456],[-72.26235,19.6983],[-72.25217,19.69947],[-72.24899,19.71473],[-72.25214,19.71917],[-72.24777,19.72209],[-72.24509,19.72893],[-72.24804,19.72966],[-72.25103,19.74004],[-72.26877,19.74116],[-72.26724,19.74506],[-72.25669,19.74745],[-72.25759,19.75874],[-72.26557,19.76372],[-72.27073,19.76173],[-72.27136,19.76407],[-72.27543,19.763],[-72.28488,19.76842],[-72.28882,19.76399],[-72.29488,19.76559],[-72.30226,19.76089],[-72.30637,19.76173]]]}},{"type":"Feature","properties":{"adm3_name":"1re Section Nouvelle Touraine","adm3_pcode":"HT0115-01","adm2_name":"Kenscoff","adm1_name":"West"},"geometry":{"type":"Polygon","coordinates":[[[-72.325,18.3967],[-72.34348,18.3952],[-72.35089,18.39104],[-72.35628,18.37972],[-72.3671,18.37806],[-72.3697,18.36645],[-72.36689,18.35719],[-72.36388,18.35521],[-72.36477,18.35298],[-72.35255,18.34891],[-72.33956,18.34812],[-72.32682,18.34105],[-72.2893,18.34201],[-72.28064,18.35438],[-72.28828,18.36253],[-72.28232,18.37289],[-72.28678,18.38682],[-72.29543,18.38858],[-72.30864,18.38451],[-72.31204,18.38954],[-72.31567,18.3885],[-72.32247,18.39142],[-72.325,18.3967]]]}},{"type":"Feature","properties":{"adm3_name":"1re Section Palma","adm3_pcode":"HT0151-01","adm2_name":"Anse a Galets","adm1_name":"West"},"geometry":{"type":"Polygon","coordinates":[[[-72.81616,18.79232],[-72.8224,18.80419],[-72.84559,18.82637],[-72.85206,18.82891],[-72.85305,18.83057],[-72.84767,18.83122],[-72.8462,18.83366],[-72.86298,18.83541],[-72.86946,18.82145],[-72.87645,18.81396],[-72.88144,18.80119],[-72.88923,18.8006],[-72.895,18.79072],[-72.92311,18.77798],[-72.93032,18.77064],[-72.94575,18.76656],[-72.94966,18.75923],[-72.96571,18.75225],[-72.96855,18.74146],[-72.92178,18.73981],[-72.91699,18.73608],[-72.91133,18.74859],[-72.90238,18.7532],[-72.89586,18.76026],[-72.87722,18.76249],[-72.86989,18.76572],[-72.86083,18.76506],[-72.85966,18.76984],[-72.85207,18.77292],[-72.84835,18.78011],[-72.82861,18.7877],[-72.82457,18.78716],[-72.81616,18.79232]]]}},{"type":"Feature","properties":{"adm3_name":"1re Section Paricot","adm3_pcode":"HT0742-01","adm2_name":"Port-a-Piment","adm1_name":"South"},"geometry":{"type":"Polygon","coordinates":[[[-74.02351,18.29047],[-74.01875,18.29119],[-74.01797,18.30148],[-74.03717,18.29722],[-74.04625,18.29249],[-74.046,18.28918],[-74.05336,18.28654],[-74.05324,18.28887],[-74.06047,18.29258],[-74.06715,18.28877],[-74.0724,18.28079],[-74.07478,18.28146],[-74.07734,18.27274],[-74.08813,18.27024],[-74.08951,18.26287],[-74.09397,18.26509],[-74.10247,18.26091],[-74.10623,18.25133],[-74.09211,18.24803],[-74.08475,18.23545],[-74.07661,18.23294],[-74.07333,18.24069],[-74.06615,18.24666],[-74.06237,18.25359],[-74.06197,18.26055],[-74.05871,18.26526],[-74.05575,18.26565],[-74.04974,18.27865],[-74.04602,18.28261],[-74.04069,18.28083],[-74.02351,18.29047]]]}},{"type":"Feature","properties":{"adm3_name":"1re Section Perches-de-Bonnet","adm3_pcode":"HT0323-01","adm2_name":"Milot","adm1_name":"North"},"geometry":{"type":"Polygon","coordinates":[[[-72.22613,19.66727],[-72.23258,19.67822],[-72.23341,19.66876],[-72.24013,19.6616],[-72.24365,19.6544],[-72.24275,19.65162],[-72.24537,19.65077],[-72.24494,19.64254],[-72.24987,19.63942],[-72.25032,19.63272],[-72.24565,19.62157],[-72.24753,19.62027],[-72.24623,19.61469],[-72.23616,19.60649],[-72.23082,19.60799],[-72.21747,19.61979],[-72.21375,19.62023],[-72.20993,19.62817],[-72.19755,19.62675],[-72.19515,19.64657],[-72.18869,19.64773],[-72.18717,19.6545],[-72.19511,19.66184],[-72.22332,19.66052],[-72.22613,19.66727]]]}},{"type":"Feature","properties":{"adm3_name":"1re Section Petit Fond","adm3_pcode":"HT0631-01","adm2_name":"Lascahobas","adm1_name":"Centre"},"geometry":{"type":"Polygon","coordinates":[[[-71.93897,18.85118],[-71.94006,18.85973],[-71.94456,18.85794],[-71.96098,18.87294],[-71.9653,18.87017],[-71.97422,18.87712],[-71.97914,18.87745],[-71.98076,18.87967],[-71.97697,18.88284],[-71.97913,18.90051],[-71.99203,18.9061],[-71.99896,18.90123],[-72.00762,18.90332],[-72.00819,18.89913],[-72.01461,18.89759],[-72.01771,18.89401],[-72.01689,18.89158],[-72.02124,18.88991],[-72.02243,18.88065],[-72.02927,18.88962],[-72.02841,18.89372],[-72.03392,18.89248],[-72.04009,18.89955],[-72.04555,18.89733],[-72.05697,18.90261],[-72.06225,18.89898],[-72.06499,18.90134],[-72.06472,18.89308],[-72.05944,18.89163],[-72.04058,18.87307],[-72.03642,18.86071],[-72.02871,18.85204],[-72.02482,18.84269],[-72.00265,18.82791],[-71.99557,18.82605],[-71.98192,18.81275],[-71.97651,18.81296],[-71.96659,18.82173],[-71.94931,18.82881],[-71.94571,18.83419],[-71.94707,18.84093],[-71.94298,18.84312],[-71.94176,18.84758],[-71.93812,18.84688],[-71.93613,18.84889],[-71.93897,18.85118]]]}},{"type":"Feature","properties":{"adm3_name":"1re Section Petite Montagne","adm3_pcode":"HT0623-01","adm2_name":"Boucan Carre","adm1_name":"Centre"},"geometry":{"type":"Polygon","coordinates":[[[-72.22176,19.08344],[-72.2297,19.06084],[-72.2401,19.04981],[-72.24138,19.0435],[-72.23852,19.03682],[-72.24837,19.02921],[-72.2445,19.01048],[-72.23784,19.00205],[-72.23699,18.99311],[-72.24098,18.98514],[-72.2367,18.96692],[-72.23077,18.96221],[-72.22126,18.9738],[-72.20895,18.97293],[-72.20277,18.96729],[-72.19878,18.96734],[-72.19224,18.97234],[-72.1861,18.99033],[-72.17237,18.98987],[-72.16512,18.98678],[-72.16011,18.98919],[-72.15537,18.98836],[-72.14092,18.97684],[-72.13878,18.98096],[-72.14297,18.98514],[-72.14379,18.98999],[-72.14935,18.9961],[-72.15728,18.99985],[-72.1496,19.01032],[-72.13949,19.0119],[-72.13704,19.01599],[-72.13927,19.02001],[-72.16226,19.03965],[-72.16649,19.04727],[-72.19053,19.0721],[-72.18884,19.07769],[-72.19142,19.08067],[-72.20093,19.07823],[-72.20493,19.08104],[-72.21437,19.08015],[-72.22176,19.08344]]]}},{"type":"Feature","properties":{"adm3_name":"1re Section Plaine Celeste","adm3_pcode":"HT0134-01","adm2_name":"Cornillon / Grand Bois","adm1_name":"West"},"geometry":{"type":"Polygon","coordinates":[[[-71.98928,18.70645],[-71.9976,18.71085],[-71.99886,18.71445],[-72.00144,18.70873],[-71.99874,18.70552],[-72.00112,18.70296],[-72.00763,18.70597],[-72.00675,18.71129],[-72.00901,18.71418],[-72.01477,18.71237],[-72.03629,18.69746],[-72.04065,18.69178],[-72.05475,18.68679],[-72.05745,18.68089],[-72.05733,18.66958],[-72.04669,18.66527],[-72.04515,18.66236],[-72.03944,18.66404],[-72.03482,18.65916],[-72.02865,18.65812],[-72.01803,18.64611],[-72.01394,18.64655],[-72.01142,18.64095],[-72.00022,18.63526],[-72.0026,18.63202],[-72.00086,18.62766],[-71.99783,18.6312],[-71.98239,18.63633],[-71.97568,18.64771],[-71.96639,18.65676],[-71.9638,18.65473],[-71.95374,18.66558],[-71.95399,18.66754],[-71.96028,18.66982],[-71.9579,18.67331],[-71.96336,18.68016],[-71.96417,18.68783],[-71.97181,18.69032],[-71.97763,18.69971],[-71.98355,18.70429],[-71.98735,18.70278],[-71.98928,18.70645]]]}},{"type":"Feature","properties":{"adm3_name":"1re Section Plaisance du Sud (ou ti François)","adm3_pcode":"HT1025-01","adm2_name":"Plaisance du Sud","adm1_name":"Nippes"},"geometry":{"type":"Polygon","coordinates":[[[-73.64313,18.43912],[-73.6491,18.44887],[-73.65446,18.45086],[-73.66605,18.46211],[-73.6724,18.46073],[-73.6656,18.44923],[-73.66816,18.43334],[-73.65561,18.42666],[-73.64429,18.43033],[-73.63889,18.42496],[-73.63154,18.42201],[-73.6261,18.42567],[-73.60965,18.42713],[-73.60166,18.42044],[-73.59154,18.41885],[-73.57799,18.42053],[-73.58189,18.42636],[-73.58989,18.43132],[-73.59157,18.43466],[-73.58892,18.44146],[-73.59716,18.44566],[-73.59244,18.45653],[-73.61889,18.45414],[-73.64313,18.43912]]]}},{"type":"Feature","properties":{"adm3_name":"1re Section Platana","adm3_pcode":"HT0551-01","adm2_name":"Saint-Michel de l'Attalaye","adm1_name":"Artibonite"},"geometry":{"type":"Polygon","coordinates":[[[-72.39943,19.40967],[-72.41355,19.41644],[-72.41083,19.40879],[-72.41223,19.40756],[-72.42608,19.40572],[-72.42516,19.39858],[-72.43687,19.39724],[-72.44718,19.40467],[-72.45954,19.40714],[-72.45225,19.39543],[-72.46477,19.39056],[-72.42873,19.36103],[-72.42164,19.3532],[-72.41354,19.33824],[-72.41212,19.34206],[-72.40989,19.34117],[-72.40428,19.33119],[-72.39551,19.32257],[-72.38804,19.31662],[-72.37704,19.31341],[-72.37444,19.3049],[-72.36922,19.29829],[-72.36324,19.30322],[-72.36854,19.30646],[-72.36795,19.30937],[-72.35722,19.31819],[-72.36151,19.31911],[-72.36478,19.32296],[-72.35504,19.33267],[-72.35977,19.33981],[-72.35029,19.33849],[-72.34012,19.3402],[-72.33524,19.33218],[-72.33296,19.33304],[-72.3325,19.33673],[-72.33552,19.34063],[-72.33164,19.34822],[-72.33825,19.36356],[-72.34081,19.36343],[-72.33289,19.37097],[-72.33337,19.37312],[-72.34745,19.37813],[-72.34919,19.38207],[-72.37822,19.37888],[-72.38368,19.38413],[-72.39943,19.40967]]]}},{"type":"Feature","properties":{"adm3_name":"1re Section Plate Forme","adm3_pcode":"HT0933-01","adm2_name":"Bombardopolis","adm1_name":"North-West"},"geometry":{"type":"Polygon","coordinates":[[[-73.28877,19.75073],[-73.2996,19.76339],[-73.31257,19.74849],[-73.33435,19.73004],[-73.34053,19.7164],[-73.34346,19.70096],[-73.34203,19.69116],[-73.34958,19.65754],[-73.3578,19.64641],[-73.36519,19.64226],[-73.37201,19.64202],[-73.37387,19.6317],[-73.36739,19.6248],[-73.3639,19.62316],[-73.35635,19.62626],[-73.34156,19.62427],[-73.33524,19.62705],[-73.32126,19.62426],[-73.30545,19.62904],[-73.29562,19.62897],[-73.29163,19.65597],[-73.29337,19.66967],[-73.28461,19.6808],[-73.27921,19.70653],[-73.27186,19.71937],[-73.26999,19.72957],[-73.28228,19.73889],[-73.28133,19.74474],[-73.28877,19.75073]]]}},{"type":"Feature","properties":{"adm3_name":"1re Section Pointe des Oiseaux","adm3_pcode":"HT0912-01","adm2_name":"La Tortue","adm1_name":"North-West"},"geometry":{"type":"Polygon","coordinates":[[[-72.76444,20.01561],[-72.74777,20.00909],[-72.71024,20.00325],[-72.69511,19.99775],[-72.65918,19.99693],[-72.64529,19.99235],[-72.62012,19.99683],[-72.63075,20.01266],[-72.64063,20.02223],[-72.66615,20.03896],[-72.74499,20.06502],[-72.74963,20.06003],[-72.74887,20.03245],[-72.75071,20.0255],[-72.76444,20.01561]]]}},{"type":"Feature","properties":{"adm3_name":"1re Section Pont Tamarin","adm3_pcode":"HT0511-01","adm2_name":"Gonaives","adm1_name":"Artibonite"},"geometry":{"type":"Polygon","coordinates":[[[-72.64109,19.48782],[-72.64071,19.49512],[-72.67799,19.46503],[-72.69465,19.46026],[-72.69706,19.4589],[-72.69629,19.45555],[-72.70331,19.45513],[-72.69701,19.4519],[-72.69726,19.44335],[-72.70047,19.44158],[-72.70041,19.42786],[-72.69449,19.42553],[-72.689,19.41949],[-72.68933,19.4167],[-72.68214,19.41203],[-72.68524,19.40316],[-72.67395,19.39238],[-72.65594,19.40333],[-72.65131,19.40279],[-72.64413,19.39661],[-72.63938,19.39713],[-72.63534,19.39311],[-72.62877,19.39214],[-72.61998,19.40474],[-72.61541,19.40203],[-72.60629,19.40481],[-72.5982,19.4008],[-72.59284,19.40472],[-72.59008,19.42227],[-72.59523,19.42621],[-72.58898,19.42984],[-72.58892,19.44477],[-72.59177,19.45553],[-72.60379,19.47198],[-72.62715,19.49034],[-72.64109,19.48782]]]}},{"type":"Feature","properties":{"adm3_name":"1re Section Poteneau","adm3_pcode":"HT0543-01","adm2_name":"Grande Saline","adm1_name":"Artibonite"},"geometry":{"type":"Polygon","coordinates":[[[-72.72869,19.28373],[-72.73267,19.28875],[-72.73153,19.29293],[-72.73486,19.29397],[-72.73933,19.29036],[-72.7408,19.28236],[-72.74719,19.27796],[-72.7735,19.28432],[-72.77338,19.27642],[-72.7705,19.27988],[-72.76668,19.27291],[-72.76991,19.26685],[-72.77405,19.26895],[-72.77491,19.24612],[-72.77952,19.23769],[-72.77545,19.2398],[-72.77076,19.24839],[-72.76099,19.25061],[-72.75622,19.24796],[-72.76086,19.25561],[-72.75968,19.25679],[-72.75464,19.25567],[-72.75257,19.24894],[-72.75036,19.25376],[-72.74789,19.25148],[-72.74909,19.25772],[-72.74636,19.26142],[-72.74594,19.25667],[-72.73993,19.25758],[-72.73659,19.25399],[-72.73063,19.259],[-72.72636,19.24777],[-72.72096,19.25006],[-72.72065,19.24416],[-72.71651,19.24809],[-72.709,19.24157],[-72.70688,19.24422],[-72.7123,19.24562],[-72.7129,19.24825],[-72.7064,19.24875],[-72.70382,19.25514],[-72.69759,19.25812],[-72.69318,19.25505],[-72.6965,19.24853],[-72.69066,19.24332],[-72.68921,19.25441],[-72.68587,19.2578],[-72.68393,19.24975],[-72.67095,19.24677],[-72.66838,19.24191],[-72.66305,19.24064],[-72.6681,19.23954],[-72.6714,19.2265],[-72.66667,19.22192],[-72.66025,19.22434],[-72.65941,19.22087],[-72.65388,19.22812],[-72.64684,19.22885],[-72.64255,19.22521],[-72.64244,19.22038],[-72.63865,19.22897],[-72.6348,19.23064],[-72.63545,19.22468],[-72.63111,19.22363],[-72.62817,19.2417],[-72.624,19.25143],[-72.63228,19.25978],[-72.6354,19.25698],[-72.66094,19.25862],[-72.67657,19.26581],[-72.69136,19.27694],[-72.70329,19.27847],[-72.71831,19.2883],[-72.7249,19.28304],[-72.72869,19.28373]]]}},{"type":"Feature","properties":{"adm3_name":"1re Section Randel","adm3_pcode":"HT0751-01","adm2_name":"Chardonnieres","adm1_name":"South"},"geometry":{"type":"Polygon","coordinates":[[[-74.0769,18.40557],[-74.08588,18.40692],[-74.08284,18.39218],[-74.08673,18.37122],[-74.09891,18.36188],[-74.10885,18.34383],[-74.11799,18.33519],[-74.1165,18.32795],[-74.10441,18.32356],[-74.1052,18.31777],[-74.109,18.31489],[-74.1056,18.30348],[-74.09114,18.31643],[-74.08445,18.32696],[-74.07708,18.32341],[-74.06832,18.3267],[-74.06222,18.32255],[-74.05609,18.32398],[-74.05153,18.32867],[-74.04135,18.33058],[-74.04649,18.33867],[-74.04348,18.3487],[-74.0486,18.35587],[-74.04853,18.36064],[-74.032,18.36468],[-74.04107,18.37519],[-74.03554,18.38748],[-74.04707,18.38947],[-74.06098,18.40341],[-74.0769,18.40557]]]}},{"type":"Feature","properties":{"adm3_name":"1re Section Rang","adm3_pcode":"HT0614-01","adm2_name":"Cerca Carvajal","adm1_name":"Centre"},"geometry":{"type":"Polygon","coordinates":[[[-71.98404,19.33367],[-71.99195,19.33289],[-72.00381,19.32392],[-72.00867,19.32742],[-72.02217,19.3245],[-72.02271,19.31504],[-72.03096,19.30741],[-72.02462,19.29854],[-72.01724,19.29863],[-72.01572,19.29117],[-71.9998,19.27407],[-72.00275,19.27013],[-71.97942,19.25505],[-71.97312,19.24666],[-71.97633,19.22559],[-71.97153,19.22455],[-71.97283,19.21956],[-71.96194,19.20568],[-71.95751,19.20658],[-71.95695,19.20135],[-71.95312,19.19788],[-71.94788,19.19824],[-71.93846,19.18866],[-71.92847,19.18547],[-71.91821,19.18615],[-71.90487,19.19337],[-71.90017,19.19873],[-71.88987,19.19987],[-71.88345,19.20763],[-71.87786,19.20833],[-71.88472,19.22205],[-71.86072,19.24495],[-71.85459,19.26123],[-71.85392,19.2699],[-71.86561,19.27991],[-71.87946,19.27467],[-71.88765,19.27675],[-71.90076,19.27545],[-71.9028,19.28429],[-71.90927,19.28873],[-71.90696,19.29412],[-71.91389,19.30082],[-71.91406,19.30557],[-71.94184,19.30824],[-71.9602,19.31278],[-71.98404,19.33367]]]}},{"type":"Feature","properties":{"adm3_name":"1re Section Ravine Normande","adm3_pcode":"HT0213-01","adm2_name":"Cayes-Jacmel","adm1_name":"South-East"},"geometry":{"type":"Polygon","coordinates":[[[-72.39501,18.23007],[-72.39965,18.25312],[-72.40817,18.26146],[-72.42985,18.26043],[-72.44115,18.26262],[-72.44286,18.2607],[-72.43661,18.25631],[-72.44125,18.25422],[-72.44358,18.24266],[-72.43594,18.24406],[-72.4339,18.22729],[-72.42312,18.22487],[-72.39501,18.23007]]]}},{"type":"Feature","properties":{"adm3_name":"1re Section Raymond","adm3_pcode":"HT1022-01","adm2_name":"Petit Trou de Nippes","adm1_name":"Nippes"},"geometry":{"type":"Polygon","coordinates":[[[-73.45277,18.52741],[-73.45745,18.52869],[-73.47101,18.52255],[-73.48226,18.52583],[-73.5115,18.52841],[-73.5004,18.51851],[-73.5033,18.5001],[-73.50044,18.47249],[-73.50318,18.45905],[-73.50129,18.45333],[-73.49093,18.44947],[-73.48945,18.44579],[-73.4761,18.44562],[-73.47062,18.44967],[-73.46506,18.45012],[-73.45072,18.44627],[-73.43184,18.4509],[-73.42887,18.4545],[-73.43495,18.46755],[-73.43397,18.4798],[-73.44667,18.49085],[-73.44976,18.49691],[-73.44317,18.51057],[-73.44637,18.52202],[-73.44299,18.52467],[-73.45277,18.52741]]]}},{"type":"Feature","properties":{"adm3_name":"1re Section Renthe Mathe","adm3_pcode":"HT0632-01","adm2_name":"Belladere","adm1_name":"Centre"},"geometry":{"type":"Polygon","coordinates":[[[-71.73751,18.87797],[-71.73662,18.88519],[-71.73916,18.89145],[-71.76034,18.90592],[-71.76818,18.90697],[-71.77432,18.92482],[-71.78767,18.92524],[-71.79132,18.92768],[-71.79926,18.91901],[-71.80138,18.91288],[-71.81027,18.90548],[-71.81807,18.90363],[-71.81927,18.89768],[-71.8165,18.89438],[-71.81356,18.8709],[-71.82828,18.87031],[-71.82712,18.84769],[-71.8204,18.84225],[-71.81615,18.84244],[-71.81028,18.8366],[-71.808,18.82847],[-71.79243,18.82247],[-71.78436,18.80152],[-71.78806,18.79629],[-71.79325,18.79781],[-71.80098,18.79078],[-71.80043,18.78461],[-71.79079,18.77822],[-71.7824,18.76362],[-71.77809,18.76645],[-71.77031,18.7654],[-71.76769,18.76775],[-71.75993,18.76512],[-71.75738,18.77253],[-71.72878,18.77233],[-71.72204,18.80434],[-71.72083,18.83284],[-71.72555,18.83941],[-71.72659,18.85494],[-71.72519,18.87555],[-71.72215,18.87871],[-71.72303,18.88082],[-71.72662,18.87696],[-71.73751,18.87797]]]}},{"type":"Feature","properties":{"adm3_name":"1re Section Riviere des Negres","adm3_pcode":"HT0921-01","adm2_name":"Saint-Louis du Nord","adm1_name":"North-West"},"geometry":{"type":"Polygon","coordinates":[[[-72.7482,19.94215],[-72.75385,19.94255],[-72.75591,19.93777],[-72.75409,19.93759],[-72.7608,19.926],[-72.76048,19.92039],[-72.77129,19.90813],[-72.7723,19.90075],[-72.76717,19.90028],[-72.76654,19.89429],[-72.76392,19.89457],[-72.76304,19.89108],[-72.74984,19.88486],[-72.74844,19.89214],[-72.73995,19.90314],[-72.73935,19.90808],[-72.74398,19.91735],[-72.73714,19.93002],[-72.73898,19.93866],[-72.7482,19.94215]]]}},{"type":"Feature","properties":{"adm3_name":"1re Section Salagnac","adm3_pcode":"HT1014-01","adm2_name":"Paillant","adm1_name":"Nippes"},"geometry":{"type":"Polygon","coordinates":[[[-73.1859,18.43789],[-73.19378,18.44297],[-73.197,18.43615],[-73.19665,18.43154],[-73.18717,18.42601],[-73.19054,18.41916],[-73.19414,18.41943],[-73.19658,18.4242],[-73.20579,18.42586],[-73.21912,18.42526],[-73.22118,18.42342],[-73.21822,18.42037],[-73.22067,18.4188],[-73.22821,18.42357],[-73.23862,18.42017],[-73.24808,18.42874],[-73.25178,18.41661],[-73.25465,18.41654],[-73.25991,18.40707],[-73.25351,18.40428],[-73.2269,18.40357],[-73.2223,18.39761],[-73.21534,18.39842],[-73.21245,18.39506],[-73.20076,18.39661],[-73.18923,18.38795],[-73.18555,18.39009],[-73.17732,18.38741],[-73.17077,18.38728],[-73.16893,18.38752],[-73.16686,18.38805],[-73.16878,18.38756],[-73.17015,18.39443],[-73.17849,18.3974],[-73.18109,18.40536],[-73.17202,18.40345],[-73.16518,18.40897],[-73.16074,18.40933],[-73.15317,18.41774],[-73.1454,18.4181],[-73.14411,18.4244],[-73.13857,18.428],[-73.15151,18.43693],[-73.1859,18.43789]]]}},{"type":"Feature","properties":{"adm3_name":"1re Section Sans Souci","adm3_pcode":"HT0443-01","adm2_name":"Mombin Crochu","adm1_name":"North-East"},"geometry":{"type":"Polygon","coordinates":[[[-72.00201,19.41383],[-72.01068,19.41781],[-72.02284,19.41177],[-72.00762,19.39972],[-71.99476,19.38032],[-71.98894,19.3686],[-71.99014,19.36616],[-71.9857,19.36603],[-71.98591,19.36117],[-71.97453,19.35084],[-71.97026,19.3433],[-71.97171,19.33875],[-71.97855,19.34048],[-71.97752,19.3352],[-71.98225,19.33326],[-71.9602,19.31278],[-71.92697,19.30704],[-71.92832,19.31113],[-71.92067,19.3156],[-71.90897,19.32924],[-71.90513,19.34065],[-71.90536,19.34532],[-71.90836,19.34882],[-71.92332,19.35704],[-71.92443,19.36622],[-71.92865,19.37415],[-71.92864,19.38807],[-71.93464,19.39257],[-71.95147,19.38766],[-71.95587,19.39004],[-71.96172,19.40022],[-71.97484,19.40872],[-71.98347,19.40869],[-71.98816,19.40415],[-71.99213,19.4098],[-72.00201,19.41383]]]}},{"type":"Feature","properties":{"adm3_name":"1re Section Savane Carree","adm3_pcode":"HT0512-01","adm2_name":"Ennery","adm1_name":"Artibonite"},"geometry":{"type":"Polygon","coordinates":[[[-72.36347,19.47707],[-72.3731,19.46361],[-72.37514,19.46317],[-72.3798,19.47022],[-72.38713,19.46658],[-72.39299,19.46711],[-72.40216,19.46164],[-72.41987,19.46483],[-72.4295,19.46023],[-72.43349,19.46376],[-72.43948,19.46322],[-72.44486,19.46728],[-72.45534,19.46189],[-72.4601,19.46574],[-72.45868,19.4701],[-72.46211,19.47209],[-72.46625,19.45821],[-72.47665,19.45307],[-72.47923,19.44886],[-72.49075,19.44519],[-72.49336,19.43897],[-72.48159,19.42875],[-72.47804,19.42893],[-72.47034,19.42415],[-72.45954,19.40714],[-72.44718,19.40467],[-72.43687,19.39724],[-72.42516,19.39858],[-72.42688,19.40517],[-72.41083,19.40879],[-72.41392,19.41582],[-72.41231,19.41852],[-72.40628,19.4223],[-72.38979,19.42631],[-72.38766,19.44462],[-72.37917,19.44075],[-72.37806,19.44316],[-72.38171,19.44802],[-72.38197,19.45313],[-72.37809,19.45746],[-72.36613,19.46042],[-72.35767,19.47327],[-72.35753,19.477],[-72.36347,19.47707]]]}},{"type":"Feature","properties":{"adm3_name":"1re Section Savane Grande","adm3_pcode":"HT0612-01","adm2_name":"Maissade","adm1_name":"Centre"},"geometry":{"type":"Polygon","coordinates":[[[-72.22636,19.21962],[-72.22903,19.2274],[-72.23272,19.22875],[-72.2331,19.23472],[-72.24139,19.23572],[-72.24168,19.2322],[-72.24886,19.23154],[-72.25618,19.22746],[-72.26157,19.21871],[-72.26576,19.21608],[-72.25752,19.20673],[-72.26432,19.19166],[-72.26089,19.18769],[-72.2603,19.17672],[-72.25441,19.16696],[-72.25507,19.16112],[-72.2425,19.15615],[-72.2196,19.13095],[-72.20715,19.12948],[-72.19761,19.12072],[-72.18854,19.11692],[-72.16237,19.1154],[-72.1614,19.12434],[-72.15955,19.12515],[-72.16057,19.13027],[-72.15823,19.13079],[-72.15227,19.14602],[-72.15169,19.15471],[-72.15469,19.16039],[-72.14876,19.16715],[-72.15082,19.17055],[-72.14862,19.17863],[-72.14668,19.17972],[-72.14309,19.17338],[-72.13381,19.17362],[-72.13,19.17079],[-72.12475,19.17343],[-72.12415,19.17646],[-72.11992,19.17645],[-72.11974,19.17145],[-72.11551,19.17921],[-72.12602,19.18134],[-72.13086,19.19196],[-72.13506,19.19442],[-72.14461,19.19342],[-72.14573,19.1984],[-72.15249,19.1955],[-72.15267,19.19921],[-72.1598,19.19858],[-72.16868,19.20434],[-72.17292,19.19934],[-72.17794,19.20156],[-72.18571,19.19745],[-72.18642,19.2003],[-72.19235,19.19979],[-72.19406,19.20171],[-72.19335,19.20769],[-72.19739,19.20389],[-72.20213,19.21052],[-72.20051,19.21512],[-72.20875,19.21711],[-72.21137,19.21538],[-72.21317,19.22058],[-72.21473,19.21911],[-72.22196,19.22306],[-72.22636,19.21962]]]}},{"type":"Feature","properties":{"adm3_name":"1re Section Savanette","adm3_pcode":"HT0423-01","adm2_name":"Mont-Organise","adm1_name":"North-East"},"geometry":{"type":"Polygon","coordinates":[[[-71.75836,19.40332],[-71.78014,19.41883],[-71.78683,19.40651],[-71.78384,19.4052],[-71.78551,19.39489],[-71.78359,19.39202],[-71.79601,19.38274],[-71.80704,19.38075],[-71.81905,19.37028],[-71.81897,19.36632],[-71.81472,19.3652],[-71.81332,19.35787],[-71.81135,19.35894],[-71.80829,19.35612],[-71.80588,19.3464],[-71.79849,19.33491],[-71.78583,19.3318],[-71.77225,19.33862],[-71.75266,19.33975],[-71.74826,19.35364],[-71.73162,19.36074],[-71.72446,19.36666],[-71.71819,19.36292],[-71.7141,19.37174],[-71.70333,19.36488],[-71.7013,19.35964],[-71.69373,19.36042],[-71.69212,19.36319],[-71.69399,19.36873],[-71.69103,19.37188],[-71.6946,19.3824],[-71.71044,19.38402],[-71.71959,19.38832],[-71.72621,19.38697],[-71.74187,19.39949],[-71.74913,19.40043],[-71.75247,19.40379],[-71.75836,19.40332]]]}},{"type":"Feature","properties":{"adm3_name":"1re Section Savannette","adm3_pcode":"HT0344-01","adm2_name":"Pignon","adm1_name":"North"},"geometry":{"type":"Polygon","coordinates":[[[-72.11062,19.40361],[-72.11368,19.40242],[-72.11754,19.38984],[-72.12737,19.38468],[-72.13747,19.38732],[-72.14363,19.38285],[-72.14409,19.37341],[-72.14651,19.37085],[-72.14549,19.36481],[-72.15474,19.35232],[-72.15171,19.34733],[-72.1379,19.34695],[-72.13557,19.34312],[-72.12948,19.3404],[-72.12948,19.33404],[-72.12373,19.33123],[-72.11945,19.33301],[-72.11182,19.32952],[-72.10798,19.33177],[-72.09958,19.32929],[-72.0892,19.333],[-72.08653,19.32801],[-72.08171,19.32818],[-72.07602,19.32434],[-72.06825,19.32464],[-72.05646,19.31572],[-72.05226,19.3069],[-72.04689,19.30204],[-72.03035,19.30763],[-72.02209,19.31626],[-72.02217,19.3245],[-72.00867,19.32742],[-72.01037,19.33228],[-72.01777,19.33623],[-72.03464,19.33592],[-72.03639,19.34098],[-72.04515,19.34147],[-72.04874,19.3439],[-72.05378,19.34279],[-72.06472,19.35409],[-72.07507,19.35917],[-72.07936,19.35854],[-72.09982,19.37232],[-72.10223,19.38861],[-72.1058,19.39071],[-72.10429,19.39382],[-72.10695,19.39439],[-72.10523,19.40188],[-72.11062,19.40361]]]}},{"type":"Feature","properties":{"adm3_name":"1re Section St Martin","adm3_pcode":"HT0112-01","adm2_name":"Delmas","adm1_name":"West"},"geometry":{"type":"Polygon","coordinates":[[[-72.29046,18.57089],[-72.30477,18.57492],[-72.31213,18.58066],[-72.33789,18.56194],[-72.33362,18.55869],[-72.33749,18.55436],[-72.32772,18.55092],[-72.31786,18.55174],[-72.31656,18.54385],[-72.30837,18.53948],[-72.29761,18.53882],[-72.29607,18.53743],[-72.29737,18.53009],[-72.28759,18.52833],[-72.28283,18.52245],[-72.27901,18.53325],[-72.26701,18.54152],[-72.2656,18.54587],[-72.26286,18.54474],[-72.26166,18.54891],[-72.25731,18.54977],[-72.25662,18.55451],[-72.29046,18.57089]]]}},{"type":"Feature","properties":{"adm3_name":"1re Section Tapion","adm3_pcode":"HT0722-01","adm2_name":"Saint Jean du Sud","adm1_name":"South"},"geometry":{"type":"Polygon","coordinates":[[[-73.84226,18.1156],[-73.854,18.12229],[-73.85272,18.10874],[-73.8557,18.10297],[-73.86117,18.0991],[-73.86126,18.0957],[-73.86987,18.09169],[-73.87246,18.08413],[-73.88047,18.07504],[-73.88195,18.06536],[-73.87856,18.06204],[-73.87741,18.05647],[-73.87003,18.05874],[-73.86534,18.05213],[-73.8608,18.05319],[-73.85736,18.0511],[-73.85004,18.05668],[-73.84796,18.06695],[-73.83953,18.06859],[-73.83271,18.07485],[-73.81536,18.07542],[-73.81239,18.07799],[-73.82052,18.08759],[-73.82952,18.0919],[-73.84022,18.10218],[-73.84396,18.1089],[-73.84226,18.1156]]]}},{"type":"Feature","properties":{"adm3_name":"1re Section Tete-a-Boeuf","adm3_pcode":"HT0123-01","adm2_name":"Grand-Goave","adm1_name":"West"},"geometry":{"type":"Polygon","coordinates":[[[-72.83122,18.4433],[-72.83374,18.44328],[-72.83353,18.43952],[-72.82721,18.42801],[-72.81876,18.4227],[-72.81505,18.41695],[-72.81423,18.39755],[-72.8163,18.39282],[-72.8142,18.38916],[-72.79724,18.38554],[-72.79305,18.38033],[-72.77938,18.37251],[-72.75566,18.36482],[-72.7475,18.36594],[-72.74211,18.37756],[-72.74903,18.3878],[-72.75255,18.38861],[-72.75129,18.39614],[-72.76456,18.4146],[-72.76014,18.43234],[-72.78281,18.43281],[-72.79143,18.43017],[-72.81418,18.44233],[-72.83122,18.4433]]]}},{"type":"Feature","properties":{"adm3_name":"1re Section Thiotte","adm3_pcode":"HT0233-01","adm2_name":"Thiotte","adm1_name":"South-East"},"geometry":{"type":"Polygon","coordinates":[[[-71.78199,18.28091],[-71.78031,18.28302],[-71.78584,18.28372],[-71.78869,18.28668],[-71.79718,18.28705],[-71.80624,18.28652],[-71.81991,18.27898],[-71.82841,18.2788],[-71.83798,18.2828],[-71.8461,18.27562],[-71.85383,18.2758],[-71.85506,18.26501],[-71.88773,18.23717],[-71.87283,18.23555],[-71.87009,18.22693],[-71.8575,18.22411],[-71.8567,18.22167],[-71.84906,18.22156],[-71.84072,18.21582],[-71.83081,18.21756],[-71.8276,18.21515],[-71.82677,18.22004],[-71.82366,18.22111],[-71.81494,18.21858],[-71.81851,18.22486],[-71.81028,18.22705],[-71.8025,18.23462],[-71.80014,18.24302],[-71.79154,18.25168],[-71.78199,18.28091]]]}},{"type":"Feature","properties":{"adm3_name":"1re Section Trois Palmistes","adm3_pcode":"HT0441-01","adm2_name":"Vallieres","adm1_name":"North-East"},"geometry":{"type":"Polygon","coordinates":[[[-71.91214,19.45998],[-71.93488,19.47629],[-71.95083,19.49481],[-71.96034,19.49849],[-71.9577,19.49499],[-71.9582,19.48859],[-71.95256,19.48186],[-71.95543,19.47868],[-71.95607,19.46394],[-71.96022,19.45532],[-71.9545,19.4505],[-71.95446,19.44562],[-71.9649,19.44072],[-71.95406,19.4231],[-71.9714,19.40764],[-71.97137,19.40469],[-71.96172,19.40022],[-71.95587,19.39004],[-71.95147,19.38766],[-71.93464,19.39257],[-71.92864,19.38807],[-71.92865,19.37415],[-71.92443,19.36622],[-71.92304,19.35657],[-71.92022,19.36019],[-71.92154,19.36429],[-71.91662,19.36712],[-71.91333,19.37438],[-71.90315,19.38003],[-71.8962,19.3887],[-71.88888,19.38822],[-71.88407,19.39211],[-71.87432,19.39451],[-71.88453,19.40227],[-71.88505,19.4052],[-71.87732,19.41765],[-71.88038,19.42348],[-71.87996,19.43285],[-71.87634,19.43639],[-71.87335,19.42896],[-71.86683,19.42683],[-71.8732,19.43636],[-71.87471,19.44405],[-71.89077,19.46045],[-71.89384,19.46226],[-71.89924,19.45996],[-71.91214,19.45998]]]}},{"type":"Feature","properties":{"adm3_name":"1re Section Turgeau","adm3_pcode":"HT0111-01","adm2_name":"Port-au-Prince","adm1_name":"West"},"geometry":{"type":"Polygon","coordinates":[[[-72.34839,18.5655],[-72.3478,18.56109],[-72.3521,18.55693],[-72.34768,18.55562],[-72.35038,18.54979],[-72.34922,18.54418],[-72.35649,18.53933],[-72.34655,18.53634],[-72.34726,18.52446],[-72.33224,18.52721],[-72.32298,18.51078],[-72.31527,18.5076],[-72.30726,18.51786],[-72.30715,18.52508],[-72.3014,18.52748],[-72.30195,18.53024],[-72.29703,18.53044],[-72.29612,18.53752],[-72.30837,18.53948],[-72.31567,18.54321],[-72.31786,18.55174],[-72.3348,18.5529],[-72.33749,18.55438],[-72.33362,18.55869],[-72.34839,18.5655]]]}},{"type":"Feature","properties":{"adm3_name":"1re Section Verone","adm3_pcode":"HT0752-01","adm2_name":"Les Anglais","adm1_name":"South"},"geometry":{"type":"Polygon","coordinates":[[[-74.1577,18.32974],[-74.16172,18.33265],[-74.17265,18.32865],[-74.18472,18.33119],[-74.19477,18.32879],[-74.20413,18.32128],[-74.20425,18.31155],[-74.20735,18.30869],[-74.20456,18.30535],[-74.21088,18.29792],[-74.19169,18.29784],[-74.19323,18.2999],[-74.17385,18.30728],[-74.17168,18.30418],[-74.1391,18.30166],[-74.1355,18.30278],[-74.13467,18.30985],[-74.12487,18.31632],[-74.1314,18.32327],[-74.13204,18.32708],[-74.14525,18.32877],[-74.14769,18.33126],[-74.1577,18.32974]]]}},{"type":"Feature","properties":{"adm3_name":"1re Section Villars","adm3_pcode":"HT0541-01","adm2_name":"Dessalines","adm1_name":"Artibonite"},"geometry":{"type":"Polygon","coordinates":[[[-72.54965,19.21249],[-72.54897,19.21845],[-72.56394,19.22864],[-72.56624,19.23447],[-72.58451,19.23617],[-72.58674,19.2296],[-72.58362,19.22125],[-72.58669,19.21804],[-72.58543,19.21208],[-72.59013,19.20793],[-72.59906,19.20459],[-72.60177,19.21261],[-72.60677,19.21402],[-72.6033,19.21095],[-72.60581,19.20877],[-72.61034,19.20976],[-72.61387,19.2161],[-72.61704,19.2148],[-72.61488,19.20583],[-72.61059,19.20674],[-72.60807,19.20373],[-72.60228,19.2037],[-72.6006,19.20152],[-72.60738,19.19913],[-72.60456,19.19163],[-72.61068,19.18482],[-72.6155,19.19254],[-72.61999,19.19205],[-72.62267,19.19669],[-72.62417,19.18865],[-72.61705,19.18834],[-72.61475,19.18437],[-72.61958,19.18056],[-72.62451,19.1823],[-72.62653,19.17338],[-72.62534,19.17146],[-72.6195,19.17132],[-72.61699,19.16561],[-72.61957,19.16503],[-72.62252,19.16923],[-72.62615,19.17007],[-72.62888,19.16527],[-72.62098,19.15757],[-72.61675,19.15731],[-72.60781,19.14942],[-72.60551,19.14981],[-72.60465,19.15267],[-72.60823,19.15634],[-72.59999,19.15863],[-72.60018,19.16712],[-72.55253,19.18714],[-72.54965,19.21249]]]}},{"type":"Feature","properties":{"adm3_name":"2e Section Acaj ou Brûle No 1","adm3_pcode":"HT0641-02","adm2_name":"Cerca La Source","adm1_name":"Centre"},"geometry":{"type":"Polygon","coordinates":[[[-71.76558,19.26101],[-71.76724,19.26544],[-71.76367,19.27278],[-71.76535,19.27591],[-71.77226,19.26747],[-71.77611,19.26723],[-71.77349,19.26118],[-71.77474,19.25943],[-71.7843,19.26189],[-71.79867,19.26064],[-71.80918,19.26484],[-71.82847,19.2642],[-71.84631,19.26654],[-71.85392,19.2699],[-71.85459,19.26123],[-71.86072,19.24495],[-71.88472,19.22205],[-71.88497,19.21948],[-71.87759,19.2103],[-71.87786,19.20833],[-71.88345,19.20763],[-71.8865,19.20228],[-71.87493,19.18788],[-71.87004,19.18903],[-71.86558,19.18672],[-71.85724,19.19023],[-71.85324,19.18873],[-71.82765,19.15888],[-71.80802,19.15171],[-71.80305,19.1468],[-71.79435,19.15694],[-71.78864,19.15655],[-71.77946,19.16605],[-71.78277,19.17893],[-71.76948,19.19113],[-71.76948,19.19688],[-71.76399,19.19637],[-71.75478,19.20854],[-71.74875,19.20791],[-71.74543,19.21249],[-71.75145,19.22094],[-71.75841,19.22472],[-71.76457,19.24738],[-71.76558,19.26101]]]}},{"type":"Feature","properties":{"adm3_name":"2e Section Acul des Pins","adm3_pcode":"HT0421-02","adm2_name":"Ouanaminthe","adm1_name":"North-East"},"geometry":{"type":"Polygon","coordinates":[[[-71.7796,19.53026],[-71.78764,19.53576],[-71.79618,19.53455],[-71.8009,19.53848],[-71.80762,19.5363],[-71.81516,19.54055],[-71.82072,19.54031],[-71.82384,19.53149],[-71.83338,19.52515],[-71.83664,19.51698],[-71.83603,19.50995],[-71.83842,19.50696],[-71.836,19.49135],[-71.83828,19.48604],[-71.83712,19.48256],[-71.82825,19.4782],[-71.82811,19.47565],[-71.84659,19.45041],[-71.84569,19.44555],[-71.83942,19.43958],[-71.83229,19.44275],[-71.8217,19.43844],[-71.81918,19.44084],[-71.80805,19.44173],[-71.80755,19.45614],[-71.80137,19.4692],[-71.80421,19.47471],[-71.79758,19.47893],[-71.80365,19.48585],[-71.80123,19.48968],[-71.79652,19.48911],[-71.80003,19.49165],[-71.79954,19.49451],[-71.79432,19.49732],[-71.79711,19.50107],[-71.79408,19.50154],[-71.79808,19.50663],[-71.79267,19.50769],[-71.79612,19.50982],[-71.79447,19.51438],[-71.78825,19.51775],[-71.7796,19.53026]]]}},{"type":"Feature","properties":{"adm3_name":"2e Section Anse a Drick","adm3_pcode":"HT0723-02","adm2_name":"Arniquet","adm1_name":"South"},"geometry":{"type":"Polygon","coordinates":[[[-73.90607,18.17016],[-73.9137,18.17229],[-73.9246,18.18114],[-73.9303,18.18247],[-73.93436,18.18061],[-73.93698,18.17545],[-73.93714,18.16893],[-73.94659,18.16217],[-73.9488,18.15204],[-73.94695,18.13309],[-73.95,18.13179],[-73.94283,18.11872],[-73.94224,18.11468],[-73.94443,18.11219],[-73.94296,18.10867],[-73.93404,18.11335],[-73.92962,18.1129],[-73.92606,18.10861],[-73.91844,18.10963],[-73.91614,18.1154],[-73.90466,18.12488],[-73.91019,18.13973],[-73.90215,18.14982],[-73.87978,18.16106],[-73.88366,18.16635],[-73.89633,18.17039],[-73.90607,18.17016]]]}},{"type":"Feature","properties":{"adm3_name":"2e Section Anse aux Pins","adm3_pcode":"HT1025-02","adm2_name":"Plaisance du Sud","adm1_name":"Nippes"},"geometry":{"type":"Polygon","coordinates":[[[-73.51001,18.4275],[-73.50987,18.43464],[-73.51274,18.4362],[-73.51118,18.43799],[-73.51363,18.44431],[-73.52302,18.46411],[-73.5252,18.46485],[-73.55485,18.4678],[-73.57958,18.46505],[-73.58667,18.46284],[-73.58675,18.45871],[-73.59244,18.45653],[-73.59641,18.45106],[-73.59716,18.44566],[-73.58818,18.43949],[-73.59157,18.43466],[-73.58989,18.43132],[-73.57917,18.4236],[-73.57749,18.41812],[-73.56407,18.42454],[-73.55475,18.42303],[-73.55097,18.42659],[-73.545,18.42491],[-73.54094,18.42641],[-73.53198,18.42165],[-73.51097,18.42076],[-73.50846,18.42585],[-73.51001,18.4275]]]}},{"type":"Feature","properties":{"adm3_name":"2e Section Aux Cadets","adm3_pcode":"HT0114-02","adm2_name":"Petion-Ville","adm1_name":"West"},"geometry":{"type":"Polygon","coordinates":[[[-72.19802,18.4992],[-72.20165,18.4968],[-72.21056,18.49655],[-72.2179,18.49202],[-72.2281,18.48121],[-72.22883,18.47736],[-72.22589,18.47679],[-72.22769,18.47087],[-72.23006,18.46544],[-72.23567,18.4639],[-72.23614,18.46093],[-72.22611,18.45357],[-72.22465,18.45062],[-72.22633,18.44803],[-72.2305,18.44903],[-72.23066,18.4425],[-72.2268,18.44235],[-72.21884,18.42983],[-72.21296,18.42826],[-72.21186,18.42025],[-72.2045,18.42501],[-72.20196,18.42167],[-72.17827,18.41765],[-72.17246,18.42406],[-72.1727,18.42951],[-72.16493,18.42976],[-72.16677,18.43373],[-72.17092,18.43206],[-72.17384,18.4352],[-72.17862,18.4301],[-72.17951,18.43474],[-72.17376,18.43897],[-72.17628,18.44288],[-72.17547,18.44625],[-72.15958,18.45225],[-72.15936,18.4688],[-72.16823,18.4687],[-72.16607,18.47364],[-72.17112,18.47461],[-72.1687,18.47684],[-72.17351,18.48231],[-72.17761,18.48044],[-72.17562,18.48335],[-72.17901,18.48546],[-72.18344,18.47994],[-72.18376,18.48341],[-72.18793,18.48365],[-72.19298,18.4956],[-72.19802,18.4992]]]}},{"type":"Feature","properties":{"adm3_name":"2e Section Baie Dumesle","adm3_pcode":"HT0732-02","adm2_name":"Saint Louis du Sud","adm1_name":"South"},"geometry":{"type":"Polygon","coordinates":[[[-73.54829,18.27748],[-73.57248,18.27689],[-73.57715,18.27392],[-73.58549,18.27589],[-73.59238,18.26501],[-73.58954,18.25776],[-73.59328,18.2523],[-73.60285,18.24747],[-73.59992,18.24326],[-73.60332,18.24026],[-73.60847,18.24168],[-73.60818,18.23608],[-73.61266,18.23724],[-73.61109,18.2357],[-73.61625,18.23239],[-73.61374,18.22992],[-73.61598,18.22904],[-73.6151,18.22304],[-73.61984,18.21958],[-73.61962,18.21691],[-73.61055,18.21285],[-73.60168,18.21227],[-73.59544,18.21459],[-73.58673,18.22018],[-73.58499,18.22382],[-73.5891,18.23299],[-73.58585,18.2359],[-73.58751,18.23311],[-73.58096,18.22865],[-73.57883,18.21743],[-73.57263,18.21544],[-73.56543,18.21756],[-73.56548,18.22068],[-73.56059,18.22239],[-73.55886,18.2275],[-73.57532,18.24968],[-73.57177,18.25536],[-73.56323,18.25959],[-73.55768,18.25683],[-73.55619,18.26024],[-73.54585,18.2608],[-73.5425,18.26451],[-73.54257,18.26884],[-73.54415,18.27456],[-73.54829,18.27748]]]}},{"type":"Feature","properties":{"adm3_name":"2e Section Bailly ou Bailla","adm3_pcode":"HT0332-02","adm2_name":"Bahon","adm1_name":"North"},"geometry":{"type":"Polygon","coordinates":[[[-72.10214,19.44243],[-72.09795,19.44969],[-72.10119,19.4572],[-72.10714,19.46078],[-72.10805,19.4641],[-72.11317,19.46547],[-72.117,19.47596],[-72.12871,19.4908],[-72.13109,19.49127],[-72.14322,19.47912],[-72.14975,19.47633],[-72.15974,19.46432],[-72.14303,19.43162],[-72.13881,19.42973],[-72.13419,19.42159],[-72.13161,19.41038],[-72.13385,19.39754],[-72.12744,19.38929],[-72.12737,19.38468],[-72.11754,19.38984],[-72.11482,19.39408],[-72.11368,19.40242],[-72.11116,19.40491],[-72.11483,19.40881],[-72.11044,19.41185],[-72.11086,19.41671],[-72.10796,19.41949],[-72.11045,19.42175],[-72.10538,19.4245],[-72.10898,19.43054],[-72.10854,19.43475],[-72.10559,19.44215],[-72.10214,19.44243]]]}},{"type":"Feature","properties":{"adm3_name":"2e Section Balais","adm3_pcode":"HT0742-02","adm2_name":"Port-a-Piment","adm1_name":"South"},"geometry":{"type":"Polygon","coordinates":[[[-74.0355,18.32444],[-74.04135,18.33058],[-74.05153,18.32867],[-74.05609,18.32398],[-74.06222,18.32255],[-74.06832,18.3267],[-74.07708,18.32341],[-74.08445,18.32696],[-74.08718,18.32449],[-74.09114,18.31643],[-74.1056,18.30348],[-74.10067,18.29632],[-74.10215,18.29021],[-74.09653,18.28143],[-74.09397,18.26509],[-74.08951,18.26287],[-74.08813,18.27024],[-74.07734,18.27274],[-74.07478,18.28146],[-74.0724,18.28079],[-74.06715,18.28877],[-74.06047,18.29258],[-74.05324,18.28887],[-74.05336,18.28654],[-74.046,18.28918],[-74.04625,18.29249],[-74.03717,18.29722],[-74.01797,18.30148],[-74.01579,18.3066],[-74.01736,18.30869],[-74.0355,18.32444]]]}},{"type":"Feature","properties":{"adm3_name":"2e Section Balan","adm3_pcode":"HT0133-02","adm2_name":"Ganthier","adm1_name":"West"},"geometry":{"type":"Polygon","coordinates":[[[-72.07112,18.62004],[-72.08756,18.61887],[-72.09334,18.6153],[-72.09351,18.61088],[-72.0833,18.61252],[-72.08183,18.60495],[-72.08955,18.59698],[-72.08582,18.59067],[-72.09077,18.58165],[-72.08943,18.57598],[-72.09314,18.56292],[-72.10298,18.56862],[-72.10773,18.56673],[-72.11075,18.56932],[-72.11568,18.56878],[-72.11888,18.57195],[-72.12735,18.5733],[-72.1294,18.58553],[-72.1381,18.58652],[-72.14041,18.58585],[-72.14337,18.56739],[-72.15069,18.56689],[-72.15064,18.56325],[-72.11319,18.55431],[-72.08264,18.53702],[-72.07042,18.53258],[-72.05491,18.5331],[-72.03565,18.52608],[-72.02752,18.53194],[-72.02039,18.5437],[-72.01606,18.53699],[-72.00985,18.53492],[-72.00059,18.54346],[-71.9992,18.54147],[-71.98947,18.54277],[-71.95515,18.57918],[-71.96515,18.60352],[-71.97558,18.60546],[-71.98634,18.619],[-71.99591,18.61728],[-72.03847,18.58915],[-72.04796,18.59437],[-72.04744,18.60418],[-72.06065,18.61232],[-72.06997,18.61217],[-72.07112,18.62004]]]}},{"type":"Feature","properties":{"adm3_name":"2e Section Balisiers","adm3_pcode":"HT0812-02","adm2_name":"Abricots","adm1_name":"Grande'Anse"},"geometry":{"type":"Polygon","coordinates":[[[-74.28148,18.64824],[-74.28793,18.65247],[-74.29106,18.65988],[-74.29682,18.66192],[-74.3075,18.65944],[-74.30545,18.65287],[-74.30935,18.64963],[-74.31768,18.65467],[-74.31685,18.65074],[-74.30818,18.64634],[-74.30544,18.64038],[-74.30839,18.63157],[-74.31279,18.62889],[-74.31307,18.61891],[-74.31831,18.61268],[-74.31724,18.60519],[-74.31115,18.59224],[-74.30564,18.5877],[-74.30619,18.58057],[-74.30228,18.5777],[-74.29602,18.57854],[-74.28842,18.56645],[-74.27383,18.59016],[-74.27579,18.59873],[-74.28506,18.61309],[-74.2791,18.61776],[-74.28574,18.6285],[-74.28813,18.64394],[-74.28148,18.64824]]]}},{"type":"Feature","properties":{"adm3_name":"2e Section Baquet","adm3_pcode":"HT1024-02","adm2_name":"Arnaud","adm1_name":"Nippes"},"geometry":{"type":"Polygon","coordinates":[[[-73.35672,18.45042],[-73.36316,18.45363],[-73.363,18.46044],[-73.35993,18.46608],[-73.36056,18.4739],[-73.3755,18.46625],[-73.37957,18.46132],[-73.37943,18.45058],[-73.36688,18.44488],[-73.367,18.44227],[-73.36969,18.44178],[-73.37035,18.43199],[-73.37748,18.42755],[-73.3752,18.42449],[-73.36388,18.4203],[-73.36704,18.41775],[-73.36454,18.41313],[-73.3653,18.40896],[-73.3604,18.41035],[-73.36099,18.41364],[-73.35802,18.41462],[-73.35,18.40874],[-73.3436,18.41026],[-73.34241,18.41425],[-73.33857,18.4111],[-73.32606,18.41114],[-73.32068,18.42233],[-73.33435,18.42505],[-73.34824,18.43403],[-73.34089,18.43745],[-73.34094,18.43936],[-73.34902,18.44856],[-73.35261,18.44782],[-73.35672,18.45042]]]}},{"type":"Feature","properties":{"adm3_name":"2e Section Bas Coursin II","adm3_pcode":"HT0542-02","adm2_name":"Petite Riviere de l'Artibonite","adm1_name":"Artibonite"},"geometry":{"type":"Polygon","coordinates":[[[-72.49355,19.17707],[-72.50858,19.16892],[-72.51093,19.1566],[-72.51493,19.15393],[-72.5122,19.14806],[-72.51613,19.14827],[-72.51861,19.14489],[-72.51403,19.13871],[-72.51899,19.13632],[-72.51956,19.1308],[-72.51554,19.12997],[-72.51362,19.13304],[-72.5064,19.13559],[-72.50731,19.13173],[-72.50437,19.12873],[-72.50451,19.12503],[-72.49637,19.11951],[-72.48956,19.12917],[-72.48674,19.13026],[-72.48171,19.12725],[-72.47951,19.14097],[-72.46207,19.13388],[-72.4579,19.12881],[-72.44262,19.13148],[-72.45139,19.14101],[-72.44588,19.15466],[-72.45229,19.16899],[-72.45695,19.17288],[-72.47157,19.1763],[-72.49355,19.17707]]]}},{"type":"Feature","properties":{"adm3_name":"2e Section Bas de l'Acul (Basse Plaine)","adm3_pcode":"HT0321-02","adm2_name":"Acul du Nord","adm1_name":"North"},"geometry":{"type":"Polygon","coordinates":[[[-72.30365,19.70693],[-72.30361,19.71134],[-72.31129,19.71977],[-72.31022,19.71053],[-72.31285,19.70781],[-72.32349,19.70844],[-72.33369,19.71699],[-72.35295,19.70366],[-72.34146,19.69112],[-72.34222,19.67966],[-72.33867,19.67515],[-72.33172,19.67364],[-72.33153,19.67048],[-72.32515,19.66314],[-72.3227,19.65222],[-72.32437,19.64854],[-72.31143,19.64194],[-72.30032,19.65066],[-72.29309,19.65168],[-72.28886,19.6553],[-72.28584,19.66264],[-72.28546,19.67379],[-72.27859,19.68937],[-72.28557,19.69914],[-72.29319,19.69572],[-72.30126,19.70732],[-72.30365,19.70693]]]}},{"type":"Feature","properties":{"adm3_name":"2e Section Bas des Perches","adm3_pcode":"HT0413-02","adm2_name":"Perches","adm1_name":"North-East"},"geometry":{"type":"Polygon","coordinates":[[[-71.93535,19.54999],[-71.94684,19.55066],[-71.95195,19.54814],[-71.95393,19.5422],[-71.95895,19.53941],[-71.96925,19.54111],[-71.97732,19.53944],[-71.97606,19.53338],[-71.96391,19.52294],[-71.96972,19.51466],[-71.96751,19.50454],[-71.94976,19.50515],[-71.92579,19.52155],[-71.91255,19.51932],[-71.90325,19.51289],[-71.89171,19.51609],[-71.89094,19.52274],[-71.8945,19.52627],[-71.89478,19.53412],[-71.89681,19.53093],[-71.90784,19.52847],[-71.93535,19.54999]]]}},{"type":"Feature","properties":{"adm3_name":"2e Section Bas Petit Borgne","adm3_pcode":"HT0352-02","adm2_name":"Port-Margot","adm1_name":"North"},"geometry":{"type":"Polygon","coordinates":[[[-72.44017,19.77113],[-72.44412,19.77099],[-72.45667,19.76272],[-72.4652,19.76233],[-72.46684,19.75821],[-72.45202,19.75634],[-72.44487,19.74955],[-72.44121,19.75495],[-72.435,19.75391],[-72.42353,19.74009],[-72.41626,19.7416],[-72.41642,19.74371],[-72.42352,19.74463],[-72.42428,19.74849],[-72.41866,19.75735],[-72.4184,19.76559],[-72.41436,19.76823],[-72.44017,19.77113]]]}},{"type":"Feature","properties":{"adm3_name":"2e Section Basse Plaine","adm3_pcode":"HT0322-02","adm2_name":"Plaine du Nord","adm1_name":"North"},"geometry":{"type":"Polygon","coordinates":[[[-72.2465,19.71019],[-72.24916,19.71402],[-72.25217,19.69947],[-72.25604,19.69762],[-72.26499,19.69916],[-72.26888,19.70456],[-72.28557,19.69914],[-72.27859,19.68937],[-72.28546,19.67379],[-72.28584,19.66264],[-72.28886,19.6553],[-72.29664,19.65065],[-72.29507,19.6486],[-72.29758,19.64546],[-72.28913,19.64659],[-72.28485,19.65044],[-72.27557,19.64975],[-72.27656,19.64799],[-72.2731,19.64698],[-72.27297,19.64272],[-72.27812,19.63782],[-72.27778,19.6306],[-72.27486,19.62633],[-72.26424,19.63217],[-72.26204,19.63981],[-72.25634,19.64742],[-72.25696,19.65236],[-72.25092,19.66735],[-72.24528,19.67013],[-72.23587,19.66998],[-72.23296,19.67417],[-72.23267,19.68497],[-72.24044,19.69097],[-72.24263,19.69644],[-72.23647,19.71209],[-72.2443,19.70821],[-72.2465,19.71019]]]}},{"type":"Feature","properties":{"adm3_name":"2e Section Bassin","adm3_pcode":"HT0511-02","adm2_name":"Gonaives","adm1_name":"Artibonite"},"geometry":{"type":"Polygon","coordinates":[[[-72.70761,19.60614],[-72.71333,19.6111],[-72.71797,19.60337],[-72.7277,19.60102],[-72.72842,19.59475],[-72.71876,19.58787],[-72.72164,19.5813],[-72.7346,19.57244],[-72.74434,19.5753],[-72.73995,19.56753],[-72.73942,19.56113],[-72.74805,19.55899],[-72.74582,19.551],[-72.73839,19.54207],[-72.73062,19.54331],[-72.72857,19.53956],[-72.72994,19.53153],[-72.7335,19.5277],[-72.74088,19.52177],[-72.75063,19.52308],[-72.76586,19.51333],[-72.7781,19.52005],[-72.7829,19.52816],[-72.78545,19.52149],[-72.79075,19.51869],[-72.79321,19.511],[-72.80509,19.50114],[-72.78284,19.47646],[-72.7704,19.45358],[-72.76187,19.45243],[-72.75397,19.44641],[-72.74466,19.44485],[-72.73184,19.44738],[-72.7323,19.45226],[-72.72401,19.45783],[-72.71835,19.45532],[-72.72155,19.45305],[-72.72191,19.45577],[-72.72234,19.45232],[-72.71749,19.45249],[-72.71435,19.4494],[-72.70921,19.4541],[-72.71264,19.4529],[-72.71387,19.45473],[-72.67983,19.46411],[-72.66785,19.47274],[-72.65445,19.48594],[-72.64898,19.5137],[-72.6445,19.52346],[-72.64072,19.52604],[-72.63155,19.54947],[-72.63236,19.55556],[-72.64492,19.56993],[-72.64709,19.582],[-72.65635,19.60155],[-72.67218,19.60054],[-72.68226,19.59667],[-72.6872,19.60601],[-72.7026,19.60373],[-72.70761,19.60614]]]}},{"type":"Feature","properties":{"adm3_name":"2e Section Bassin Caiman","adm3_pcode":"HT0342-02","adm2_name":"Dondon","adm1_name":"North"},"geometry":{"type":"Polygon","coordinates":[[[-72.2198,19.52478],[-72.23828,19.53225],[-72.23795,19.52627],[-72.25147,19.5202],[-72.25599,19.51208],[-72.2549,19.50861],[-72.25746,19.50006],[-72.25635,19.48654],[-72.25073,19.47717],[-72.24095,19.489],[-72.23148,19.48887],[-72.22324,19.48509],[-72.21611,19.48961],[-72.21084,19.51111],[-72.21432,19.52042],[-72.2198,19.52478]]]}},{"type":"Feature","properties":{"adm3_name":"2e Section Bassin ou Billier","adm3_pcode":"HT0552-02","adm2_name":"Marmelade","adm1_name":"Artibonite"},"geometry":{"type":"Polygon","coordinates":[[[-72.3643,19.59074],[-72.37455,19.59024],[-72.37858,19.58544],[-72.38119,19.58553],[-72.39056,19.573],[-72.39019,19.56612],[-72.3932,19.56217],[-72.40015,19.56398],[-72.40396,19.56931],[-72.40838,19.56772],[-72.40934,19.57091],[-72.41183,19.57135],[-72.42313,19.56529],[-72.42488,19.56025],[-72.41507,19.54508],[-72.41962,19.5363],[-72.4156,19.53568],[-72.41253,19.52813],[-72.40159,19.52568],[-72.40071,19.52194],[-72.39055,19.5137],[-72.38136,19.5168],[-72.36894,19.51528],[-72.36514,19.52455],[-72.35788,19.5303],[-72.36495,19.54968],[-72.36809,19.55301],[-72.36488,19.56536],[-72.3666,19.5661],[-72.36472,19.57507],[-72.36636,19.57654],[-72.35922,19.58179],[-72.3591,19.5856],[-72.3643,19.59074]]]}},{"type":"Feature","properties":{"adm3_name":"2e Section Baudin","adm3_pcode":"HT0372-02","adm2_name":"Pilate","adm1_name":"North"},"geometry":{"type":"Polygon","coordinates":[[[-72.52232,19.65691],[-72.53132,19.6604],[-72.53531,19.66452],[-72.53951,19.65725],[-72.53523,19.65276],[-72.54514,19.64728],[-72.54966,19.63781],[-72.56662,19.62917],[-72.54599,19.60356],[-72.53132,19.61667],[-72.52176,19.62118],[-72.52495,19.63929],[-72.51548,19.65311],[-72.52232,19.65691]]]}},{"type":"Feature","properties":{"adm3_name":"2e Section Bayaha","adm3_pcode":"HT0411-02","adm2_name":"Fort-Liberte","adm1_name":"North-East"},"geometry":{"type":"Polygon","coordinates":[[[-71.8883,19.66874],[-71.88876,19.67199],[-71.89265,19.67078],[-71.89401,19.65279],[-71.89227,19.64744],[-71.90079,19.63034],[-71.90118,19.62546],[-71.89415,19.61361],[-71.90512,19.60625],[-71.9064,19.60104],[-71.89551,19.58617],[-71.89467,19.5826],[-71.89973,19.57615],[-71.89902,19.57415],[-71.89118,19.56967],[-71.88065,19.55477],[-71.86745,19.55335],[-71.86798,19.55535],[-71.86257,19.55899],[-71.86438,19.56168],[-71.86878,19.5577],[-71.86909,19.56169],[-71.86544,19.56497],[-71.87211,19.57202],[-71.86619,19.57235],[-71.86464,19.57854],[-71.8543,19.58131],[-71.84826,19.58673],[-71.84925,19.59351],[-71.84205,19.60108],[-71.84096,19.60839],[-71.83789,19.60887],[-71.83361,19.62807],[-71.83978,19.63859],[-71.84074,19.64525],[-71.8463,19.64612],[-71.84834,19.66498],[-71.85118,19.66905],[-71.85358,19.66828],[-71.85709,19.67126],[-71.86035,19.66856],[-71.86505,19.66961],[-71.86578,19.66635],[-71.87244,19.66467],[-71.87696,19.66064],[-71.8883,19.66874]]]}},{"type":"Feature","properties":{"adm3_name":"2e Section Belair","adm3_pcode":"HT0823-02","adm2_name":"Les Irois","adm1_name":"Grande'Anse"},"geometry":{"type":"Polygon","coordinates":[[[-74.4047,18.4204],[-74.40833,18.42211],[-74.41166,18.41864],[-74.4194,18.4204],[-74.43019,18.41733],[-74.43303,18.42053],[-74.43509,18.4176],[-74.44068,18.41752],[-74.4526,18.40311],[-74.44867,18.39481],[-74.42612,18.40312],[-74.42411,18.40195],[-74.42188,18.3941],[-74.41255,18.38894],[-74.4148,18.3872],[-74.41427,18.38097],[-74.39441,18.37751],[-74.38631,18.36129],[-74.37032,18.36024],[-74.3655,18.36268],[-74.35577,18.36019],[-74.34154,18.36465],[-74.34036,18.37654],[-74.34768,18.38729],[-74.35695,18.3907],[-74.36072,18.39484],[-74.36896,18.39543],[-74.38277,18.40177],[-74.39043,18.4146],[-74.40122,18.41066],[-74.4047,18.4204]]]}},{"type":"Feature","properties":{"adm3_name":"2e Section Belanger","adm3_pcode":"HT0532-02","adm2_name":"Verrettes","adm1_name":"Artibonite"},"geometry":{"type":"Polygon","coordinates":[[[-72.50635,19.13456],[-72.50778,19.13572],[-72.51681,19.12995],[-72.51409,19.12291],[-72.51879,19.12097],[-72.52939,19.10752],[-72.54613,19.10434],[-72.55651,19.09719],[-72.55689,19.08626],[-72.54735,19.07918],[-72.54756,19.07726],[-72.55369,19.07538],[-72.55324,19.07039],[-72.55622,19.06912],[-72.55594,19.06642],[-72.53614,19.06694],[-72.52722,19.06346],[-72.52669,19.05977],[-72.52027,19.05958],[-72.51778,19.05317],[-72.52185,19.05196],[-72.52342,19.04762],[-72.49583,19.05008],[-72.47931,19.04846],[-72.46714,19.05503],[-72.45966,19.05446],[-72.44822,19.06365],[-72.45226,19.0704],[-72.44982,19.08298],[-72.46302,19.08316],[-72.46432,19.076],[-72.46839,19.07231],[-72.47307,19.07575],[-72.46846,19.08117],[-72.47021,19.08424],[-72.47745,19.08297],[-72.47697,19.07832],[-72.47932,19.0771],[-72.48275,19.08342],[-72.48139,19.09094],[-72.48913,19.09321],[-72.48608,19.09715],[-72.47948,19.09232],[-72.47326,19.09352],[-72.47452,19.0983],[-72.4797,19.10142],[-72.47509,19.1081],[-72.47647,19.11681],[-72.48175,19.12014],[-72.49145,19.11981],[-72.49203,19.12246],[-72.48802,19.12649],[-72.49311,19.12503],[-72.49448,19.12008],[-72.49889,19.12063],[-72.50451,19.12503],[-72.50635,19.13456]]]}},{"type":"Feature","properties":{"adm3_name":"2e Section Belle Riviere","adm3_pcode":"HT1011-02","adm2_name":"Miragoane","adm1_name":"Nippes"},"geometry":{"type":"Polygon","coordinates":[[[-73.02302,18.37927],[-73.01901,18.38311],[-73.02361,18.3875],[-73.0297,18.38901],[-73.03588,18.39775],[-73.04536,18.38992],[-73.05422,18.37767],[-73.08784,18.3793],[-73.09605,18.3817],[-73.10122,18.37559],[-73.10469,18.36155],[-73.09679,18.34498],[-73.08054,18.33471],[-73.08001,18.3294],[-73.07236,18.32727],[-73.07346,18.32986],[-73.07068,18.33102],[-73.06959,18.32715],[-73.07201,18.3228],[-73.06831,18.32292],[-73.06698,18.31564],[-73.05588,18.3006],[-73.0532,18.30304],[-73.04993,18.29966],[-73.04693,18.30246],[-73.04614,18.30116],[-73.03709,18.30911],[-73.03777,18.31593],[-73.03335,18.32057],[-73.04276,18.33455],[-73.03193,18.34851],[-73.02958,18.35924],[-73.02555,18.3622],[-73.02557,18.37467],[-73.02302,18.37927]]]}},{"type":"Feature","properties":{"adm3_name":"2e Section Bellevue","adm3_pcode":"HT0731-02","adm2_name":"Aquin","adm1_name":"South"},"geometry":{"type":"Polygon","coordinates":[[[-73.34197,18.3485],[-73.34659,18.35216],[-73.35065,18.34536],[-73.35717,18.34241],[-73.36299,18.34525],[-73.38132,18.34677],[-73.37791,18.33772],[-73.37215,18.33063],[-73.3556,18.31585],[-73.35717,18.30944],[-73.36217,18.30682],[-73.35992,18.30274],[-73.36691,18.29697],[-73.36813,18.29047],[-73.32425,18.30767],[-73.3066,18.30911],[-73.2969,18.31271],[-73.28731,18.31665],[-73.27927,18.32693],[-73.28286,18.32908],[-73.28231,18.3391],[-73.29838,18.34858],[-73.30104,18.34763],[-73.30311,18.34104],[-73.31636,18.34701],[-73.32184,18.34629],[-73.32708,18.34877],[-73.33759,18.3459],[-73.34197,18.3485]]]}},{"type":"Feature","properties":{"adm3_name":"2e Section Berault","adm3_pcode":"HT0712-02","adm2_name":"Torbeck","adm1_name":"South"},"geometry":{"type":"Polygon","coordinates":[[[-73.84392,18.25161],[-73.8472,18.25543],[-73.86419,18.24297],[-73.87644,18.24015],[-73.88825,18.22659],[-73.88401,18.22116],[-73.87989,18.22101],[-73.8751,18.21673],[-73.87538,18.21188],[-73.88146,18.20458],[-73.87822,18.20068],[-73.87932,18.19602],[-73.87707,18.19148],[-73.89309,18.17508],[-73.90147,18.17524],[-73.89447,18.16825],[-73.88366,18.16635],[-73.87796,18.15754],[-73.80947,18.21023],[-73.84392,18.25161]]]}},{"type":"Feature","properties":{"adm3_name":"2e Section Bezin II","adm3_pcode":"HT1014-02","adm2_name":"Paillant","adm1_name":"Nippes"},"geometry":{"type":"Polygon","coordinates":[[[-73.11048,18.4479],[-73.13496,18.44619],[-73.13615,18.44362],[-73.13284,18.44058],[-73.13688,18.4381],[-73.1377,18.43397],[-73.14248,18.43261],[-73.13857,18.42747],[-73.14411,18.4244],[-73.1454,18.4181],[-73.15317,18.41774],[-73.15529,18.41327],[-73.17202,18.40345],[-73.18109,18.40536],[-73.17849,18.3974],[-73.17015,18.39443],[-73.16878,18.38756],[-73.15905,18.39136],[-73.14927,18.38459],[-73.13779,18.38807],[-73.12938,18.3859],[-73.12171,18.38848],[-73.11647,18.40453],[-73.11173,18.41083],[-73.112,18.41573],[-73.11495,18.41903],[-73.11026,18.42313],[-73.11386,18.42773],[-73.10302,18.43609],[-73.10836,18.43965],[-73.11048,18.4479]]]}},{"type":"Feature","properties":{"adm3_name":"2e Section Bois Blanc","adm3_pcode":"HT0432-02","adm2_name":"Sainte Suzanne","adm1_name":"North-East"},"geometry":{"type":"Polygon","coordinates":[[[-72.10091,19.58349],[-72.10643,19.58548],[-72.10637,19.58273],[-72.11839,19.57981],[-72.12003,19.57494],[-72.11529,19.57525],[-72.111,19.5674],[-72.11407,19.5588],[-72.10808,19.55942],[-72.10282,19.55191],[-72.10434,19.54941],[-72.10132,19.54853],[-72.10106,19.54278],[-72.09492,19.53949],[-72.07788,19.5422],[-72.0747,19.54576],[-72.07852,19.54862],[-72.07774,19.55298],[-72.08416,19.5577],[-72.08332,19.56278],[-72.08737,19.57043],[-72.08936,19.58296],[-72.10091,19.58349]]]}},{"type":"Feature","properties":{"adm3_name":"2e Section Bois d'Orme","adm3_pcode":"HT0234-02","adm2_name":"Anse-a-Pitre","adm1_name":"South-East"},"geometry":{"type":"Polygon","coordinates":[[[-71.7468,18.2927],[-71.78031,18.28302],[-71.79154,18.25168],[-71.80014,18.24302],[-71.80585,18.22996],[-71.81851,18.22486],[-71.81494,18.21858],[-71.82677,18.22004],[-71.8276,18.21515],[-71.82263,18.20613],[-71.81156,18.20364],[-71.80791,18.20013],[-71.80061,18.18252],[-71.78752,18.17706],[-71.78653,18.18636],[-71.78143,18.19313],[-71.77227,18.19791],[-71.77441,18.20407],[-71.76985,18.21227],[-71.76909,18.21985],[-71.76336,18.22153],[-71.76169,18.22595],[-71.75767,18.22692],[-71.75741,18.23987],[-71.72496,18.29228],[-71.73949,18.29045],[-71.7468,18.2927]]]}},{"type":"Feature","properties":{"adm3_name":"2e Section Bois de Lance","adm3_pcode":"HT0313-02","adm2_name":"Limonade","adm1_name":"North"},"geometry":{"type":"Polygon","coordinates":[[[-72.14279,19.66646],[-72.14921,19.66879],[-72.15512,19.66431],[-72.15772,19.65709],[-72.16807,19.64978],[-72.16635,19.64653],[-72.17465,19.6383],[-72.17682,19.63267],[-72.16868,19.62913],[-72.16707,19.62396],[-72.1633,19.62212],[-72.15129,19.59876],[-72.14718,19.5987],[-72.14529,19.59534],[-72.13837,19.59713],[-72.13276,19.5895],[-72.11879,19.58927],[-72.11383,19.59164],[-72.10575,19.60299],[-72.11247,19.61069],[-72.11347,19.61873],[-72.10835,19.62278],[-72.11016,19.63447],[-72.11905,19.63986],[-72.12699,19.65051],[-72.12865,19.66395],[-72.13122,19.66626],[-72.14279,19.66646]]]}},{"type":"Feature","properties":{"adm3_name":"2e Section Bois de Lance","adm3_pcode":"HT0343-02","adm2_name":"Ranquitte","adm1_name":"North"},"geometry":{"type":"Polygon","coordinates":[[[-72.09705,19.44764],[-72.0989,19.44922],[-72.10341,19.44129],[-72.10243,19.43651],[-72.09572,19.43355],[-72.08295,19.41769],[-72.08309,19.41413],[-72.07615,19.41387],[-72.0731,19.40149],[-72.06906,19.39533],[-72.06214,19.3931],[-72.0531,19.38525],[-72.04298,19.39279],[-72.02655,19.39861],[-72.01943,19.39788],[-72.01365,19.40296],[-72.0218,19.41016],[-72.02073,19.41429],[-72.02282,19.41423],[-72.02355,19.41736],[-72.0312,19.41986],[-72.03398,19.42568],[-72.03763,19.42656],[-72.03777,19.43225],[-72.04408,19.43233],[-72.0475,19.43889],[-72.05071,19.43732],[-72.06536,19.44525],[-72.06917,19.44071],[-72.0644,19.43707],[-72.06707,19.43473],[-72.07287,19.43492],[-72.07904,19.43712],[-72.07941,19.44325],[-72.08221,19.44004],[-72.09172,19.44888],[-72.09705,19.44764]]]}},{"type":"Feature","properties":{"adm3_name":"2e Section Bois Laurence","adm3_pcode":"HT0443-02","adm2_name":"Mombin Crochu","adm1_name":"North-East"},"geometry":{"type":"Polygon","coordinates":[[[-71.87028,19.38997],[-71.87432,19.39451],[-71.88407,19.39211],[-71.88888,19.38822],[-71.89586,19.38896],[-71.90315,19.38003],[-71.91333,19.37438],[-71.91662,19.36712],[-71.92154,19.36429],[-71.92022,19.36019],[-71.92304,19.35657],[-71.90836,19.34882],[-71.90536,19.34532],[-71.90513,19.34065],[-71.90897,19.32924],[-71.92067,19.3156],[-71.92832,19.31113],[-71.92697,19.30704],[-71.91406,19.30557],[-71.91389,19.30082],[-71.90696,19.29412],[-71.90927,19.28873],[-71.9028,19.28429],[-71.90076,19.27545],[-71.88765,19.27675],[-71.87946,19.27467],[-71.86561,19.27991],[-71.85392,19.2699],[-71.84631,19.26654],[-71.82847,19.2642],[-71.80918,19.26484],[-71.79867,19.26064],[-71.7843,19.26189],[-71.77474,19.25943],[-71.77349,19.26118],[-71.77611,19.26723],[-71.77226,19.26747],[-71.76535,19.27591],[-71.78301,19.28497],[-71.78115,19.28814],[-71.7865,19.2902],[-71.79686,19.30949],[-71.8022,19.31159],[-71.80548,19.30932],[-71.80811,19.31225],[-71.80682,19.31662],[-71.81407,19.32754],[-71.83561,19.34374],[-71.83188,19.34624],[-71.83749,19.35673],[-71.84862,19.3581],[-71.84925,19.36162],[-71.8545,19.36423],[-71.85792,19.37698],[-71.86271,19.38409],[-71.87472,19.3853],[-71.86964,19.38824],[-71.87028,19.38997]]]}},{"type":"Feature","properties":{"adm3_name":"2e Section Bois Neuf","adm3_pcode":"HT0522-02","adm2_name":"Terre Neuve","adm1_name":"Artibonite"},"geometry":{"type":"Polygon","coordinates":[[[-72.85817,19.66046],[-72.86779,19.65821],[-72.87443,19.64671],[-72.87985,19.64443],[-72.88319,19.64681],[-72.89075,19.64474],[-72.88025,19.63826],[-72.88198,19.63409],[-72.87802,19.63573],[-72.87628,19.63144],[-72.85691,19.61921],[-72.83836,19.6007],[-72.82946,19.5978],[-72.82558,19.6011],[-72.81289,19.60032],[-72.80839,19.59513],[-72.80024,19.59318],[-72.78623,19.59822],[-72.7828,19.59633],[-72.77766,19.59901],[-72.77286,19.59847],[-72.77142,19.60453],[-72.76439,19.60469],[-72.76146,19.60744],[-72.76608,19.61153],[-72.77067,19.62113],[-72.76618,19.62917],[-72.79428,19.62747],[-72.8002,19.63747],[-72.83363,19.65039],[-72.85344,19.65547],[-72.85817,19.66046]]]}},{"type":"Feature","properties":{"adm3_name":"2e Section Bois Neuf","adm3_pcode":"HT0531-02","adm2_name":"Saint-Marc","adm1_name":"Artibonite"},"geometry":{"type":"Polygon","coordinates":[[[-72.69563,19.09475],[-72.69841,19.09656],[-72.69652,19.0998],[-72.70581,19.10249],[-72.71306,19.09582],[-72.72978,19.08828],[-72.75068,19.08833],[-72.75782,19.0926],[-72.7648,19.09313],[-72.78064,19.09051],[-72.80603,19.08037],[-72.81782,19.07189],[-72.82368,19.05805],[-72.82163,19.04555],[-72.81085,19.03081],[-72.79618,19.0278],[-72.76308,19.01405],[-72.75861,19.00729],[-72.73927,18.99216],[-72.73005,18.9961],[-72.7272,19.00331],[-72.71702,19.00534],[-72.7026,19.00325],[-72.69369,18.99843],[-72.67031,18.99593],[-72.65785,19.00352],[-72.65368,19.01047],[-72.64296,19.01594],[-72.6455,19.03511],[-72.65041,19.04038],[-72.6727,19.03822],[-72.67657,19.0548],[-72.68773,19.06636],[-72.70102,19.07478],[-72.6932,19.08081],[-72.6896,19.08921],[-72.69242,19.0959],[-72.69563,19.09475]]]}},{"type":"Feature","properties":{"adm3_name":"2e Section Bois Poux","adm3_pcode":"HT0423-02","adm2_name":"Mont-Organise","adm1_name":"North-East"},"geometry":{"type":"Polygon","coordinates":[[[-71.82265,19.43909],[-71.83229,19.44275],[-71.83765,19.44123],[-71.84381,19.43546],[-71.84119,19.43149],[-71.84169,19.42678],[-71.84583,19.42764],[-71.85319,19.42413],[-71.85343,19.42122],[-71.85823,19.41936],[-71.85964,19.41241],[-71.85473,19.40611],[-71.85122,19.4073],[-71.84493,19.40042],[-71.84032,19.40021],[-71.83161,19.38941],[-71.8318,19.38531],[-71.82663,19.38365],[-71.82703,19.37715],[-71.81918,19.36831],[-71.80704,19.38075],[-71.79601,19.38274],[-71.78359,19.39202],[-71.78551,19.39489],[-71.78384,19.4052],[-71.78683,19.40651],[-71.78014,19.41883],[-71.79853,19.44023],[-71.80657,19.44187],[-71.82265,19.43909]]]}},{"type":"Feature","properties":{"adm3_name":"2e Section Bongars","adm3_pcode":"HT0115-02","adm2_name":"Kenscoff","adm1_name":"West"},"geometry":{"type":"Polygon","coordinates":[[[-72.32415,18.44621],[-72.34237,18.45855],[-72.34635,18.45867],[-72.34953,18.45375],[-72.35566,18.45242],[-72.35782,18.44635],[-72.36412,18.44214],[-72.3674,18.4428],[-72.37375,18.43876],[-72.38634,18.43902],[-72.39042,18.43522],[-72.3887,18.43486],[-72.39048,18.42957],[-72.38726,18.42825],[-72.39037,18.42385],[-72.39023,18.41932],[-72.38606,18.41965],[-72.38782,18.41621],[-72.38334,18.41237],[-72.3714,18.40862],[-72.36823,18.40096],[-72.35993,18.39803],[-72.34976,18.40046],[-72.34622,18.39859],[-72.3463,18.3936],[-72.33062,18.39742],[-72.32578,18.40431],[-72.32774,18.40946],[-72.32525,18.41562],[-72.31006,18.42969],[-72.3087,18.43399],[-72.31059,18.43845],[-72.30469,18.44409],[-72.31237,18.44705],[-72.32081,18.44487],[-72.32415,18.44621]]]}},{"type":"Feature","properties":{"adm3_name":"2e Section Bonnet a l'Eveque","adm3_pcode":"HT0323-02","adm2_name":"Milot","adm1_name":"North"},"geometry":{"type":"Polygon","coordinates":[[[-72.18952,19.62007],[-72.1888,19.62269],[-72.19681,19.62329],[-72.19755,19.62675],[-72.20993,19.62817],[-72.21375,19.62023],[-72.21747,19.61979],[-72.23418,19.60618],[-72.23095,19.60258],[-72.23599,19.58388],[-72.24066,19.58055],[-72.24123,19.57622],[-72.24734,19.5721],[-72.24405,19.57051],[-72.23428,19.57499],[-72.21707,19.58921],[-72.20443,19.59624],[-72.20704,19.60391],[-72.19937,19.60701],[-72.20032,19.61272],[-72.18952,19.62007]]]}},{"type":"Feature","properties":{"adm3_name":"2e Section Bossous","adm3_pcode":"HT0533-02","adm2_name":"La Chapelle","adm1_name":"Artibonite"},"geometry":{"type":"Polygon","coordinates":[[[-72.35839,18.97014],[-72.36595,18.97795],[-72.36615,18.98468],[-72.37354,18.98229],[-72.38018,18.96824],[-72.38919,18.95943],[-72.3939,18.94736],[-72.41576,18.93766],[-72.41754,18.92356],[-72.42809,18.91482],[-72.42343,18.91173],[-72.42038,18.91268],[-72.41482,18.90363],[-72.40394,18.90187],[-72.39685,18.89432],[-72.39222,18.89323],[-72.38154,18.87931],[-72.36503,18.89394],[-72.36395,18.90239],[-72.35773,18.9126],[-72.34887,18.91629],[-72.33987,18.913],[-72.33,18.91967],[-72.31645,18.93783],[-72.32565,18.94237],[-72.34078,18.9575],[-72.33833,18.97012],[-72.34292,18.97309],[-72.34127,18.97559],[-72.34372,18.97623],[-72.34592,18.97032],[-72.34942,18.96797],[-72.35144,18.96921],[-72.35139,18.9749],[-72.35418,18.97574],[-72.35563,18.97126],[-72.35839,18.97014]]]}},{"type":"Feature","properties":{"adm3_name":"2e Section Boucan","adm3_pcode":"HT0815-02","adm2_name":"Chambellan","adm1_name":"Grande'Anse"},"geometry":{"type":"Polygon","coordinates":[[[-74.32167,18.54998],[-74.32733,18.55768],[-74.32367,18.56319],[-74.32685,18.56486],[-74.32716,18.56804],[-74.33174,18.56956],[-74.33511,18.55951],[-74.32918,18.54836],[-74.3361,18.54815],[-74.33998,18.5445],[-74.3383,18.54942],[-74.34606,18.54548],[-74.35224,18.54642],[-74.35375,18.54368],[-74.36388,18.54582],[-74.36798,18.53854],[-74.37192,18.53639],[-74.36972,18.53413],[-74.37333,18.52949],[-74.36729,18.52154],[-74.36939,18.51598],[-74.3748,18.51104],[-74.36819,18.50584],[-74.37351,18.50088],[-74.37319,18.49638],[-74.36898,18.49077],[-74.37222,18.48882],[-74.35624,18.47828],[-74.3593,18.47038],[-74.35857,18.46351],[-74.35111,18.46551],[-74.34591,18.46335],[-74.34274,18.46554],[-74.33434,18.45939],[-74.32704,18.4626],[-74.32416,18.46004],[-74.31093,18.46162],[-74.31283,18.46759],[-74.31146,18.47298],[-74.31525,18.47881],[-74.31157,18.48629],[-74.31263,18.4936],[-74.32857,18.49834],[-74.33762,18.50703],[-74.33405,18.51064],[-74.33557,18.52095],[-74.33159,18.52293],[-74.33241,18.53051],[-74.33035,18.52811],[-74.32781,18.52975],[-74.32695,18.53353],[-74.32397,18.53491],[-74.32438,18.54064],[-74.31947,18.54341],[-74.32215,18.54439],[-74.32167,18.54998]]]}},{"type":"Feature","properties":{"adm3_name":"2e Section Boucan Carre","adm3_pcode":"HT0623-02","adm2_name":"Boucan Carre","adm1_name":"Centre"},"geometry":{"type":"Polygon","coordinates":[[[-72.18179,18.99071],[-72.1861,18.99033],[-72.19224,18.97234],[-72.19878,18.96734],[-72.20277,18.96729],[-72.20895,18.97293],[-72.21572,18.97372],[-72.22126,18.9738],[-72.22553,18.96928],[-72.23077,18.96221],[-72.22496,18.95641],[-72.22685,18.94833],[-72.23678,18.93994],[-72.23755,18.93246],[-72.24278,18.92455],[-72.24393,18.91821],[-72.24086,18.91663],[-72.24987,18.90773],[-72.2408,18.90494],[-72.23266,18.89845],[-72.2244,18.89773],[-72.22357,18.88959],[-72.21813,18.89155],[-72.21306,18.88834],[-72.19834,18.88804],[-72.20044,18.8796],[-72.1857,18.8767],[-72.18435,18.86923],[-72.17898,18.8635],[-72.16438,18.86327],[-72.16301,18.85233],[-72.15837,18.85234],[-72.15709,18.84625],[-72.15239,18.84493],[-72.14241,18.84914],[-72.14094,18.85952],[-72.13658,18.86187],[-72.14088,18.86824],[-72.1376,18.87354],[-72.13727,18.87984],[-72.14041,18.88346],[-72.13545,18.89288],[-72.13983,18.91205],[-72.13453,18.93135],[-72.14241,18.95245],[-72.14563,18.95542],[-72.14299,18.95998],[-72.14613,18.96818],[-72.14092,18.97684],[-72.15537,18.98836],[-72.16011,18.98919],[-72.16512,18.98678],[-72.18179,18.99071]]]}},{"type":"Feature","properties":{"adm3_name":"2e Section Boucan Michel","adm3_pcode":"HT0351-02","adm2_name":"Borgne","adm1_name":"North"},"geometry":{"type":"Polygon","coordinates":[[[-72.50755,19.77885],[-72.51011,19.78471],[-72.52899,19.77713],[-72.54056,19.78427],[-72.54395,19.78135],[-72.54965,19.78291],[-72.56521,19.77911],[-72.56754,19.76728],[-72.56924,19.76519],[-72.5745,19.76593],[-72.57762,19.75965],[-72.57861,19.75418],[-72.57151,19.74682],[-72.57393,19.74294],[-72.5717,19.73943],[-72.56548,19.73906],[-72.55763,19.73442],[-72.55353,19.73642],[-72.5494,19.73299],[-72.53336,19.73324],[-72.53236,19.73703],[-72.52897,19.73882],[-72.5183,19.73864],[-72.51286,19.75149],[-72.51418,19.75913],[-72.50996,19.76433],[-72.5018,19.76404],[-72.50896,19.76809],[-72.50755,19.77885]]]}},{"type":"Feature","properties":{"adm3_name":"2e Section Boucassin","adm3_pcode":"HT0142-02","adm2_name":"Cabaret","adm1_name":"West"},"geometry":{"type":"Polygon","coordinates":[[[-72.4555,18.77014],[-72.45731,18.77344],[-72.47345,18.77899],[-72.47993,18.78577],[-72.48217,18.77152],[-72.48688,18.76776],[-72.47724,18.7603],[-72.4714,18.76031],[-72.46301,18.75499],[-72.46094,18.74804],[-72.45779,18.74735],[-72.45885,18.73361],[-72.45172,18.72932],[-72.43518,18.75124],[-72.43884,18.75575],[-72.43432,18.76463],[-72.42938,18.76807],[-72.43741,18.77071],[-72.44083,18.76941],[-72.44851,18.77384],[-72.45229,18.77256],[-72.45373,18.76917],[-72.4555,18.77014]]]}},{"type":"Feature","properties":{"adm3_name":"2e Section Boudon","adm3_pcode":"HT0821-02","adm2_name":"Anse d'Hainault","adm1_name":"Grande'Anse"},"geometry":{"type":"Polygon","coordinates":[[[-74.3638,18.4845],[-74.37222,18.48882],[-74.36898,18.49077],[-74.37319,18.49638],[-74.37351,18.50088],[-74.36819,18.50584],[-74.3748,18.51104],[-74.38065,18.5095],[-74.39616,18.49707],[-74.39351,18.49236],[-74.39955,18.4854],[-74.39694,18.48199],[-74.39449,18.48375],[-74.3942,18.4791],[-74.38959,18.47998],[-74.39009,18.47446],[-74.38483,18.47047],[-74.3808,18.46246],[-74.38661,18.45786],[-74.3848,18.45019],[-74.37958,18.45179],[-74.36591,18.44415],[-74.36193,18.43603],[-74.35103,18.42976],[-74.3442,18.41962],[-74.33429,18.41867],[-74.32753,18.42777],[-74.31402,18.42875],[-74.31511,18.43895],[-74.30801,18.446],[-74.30519,18.45976],[-74.31093,18.46162],[-74.32416,18.46004],[-74.32704,18.4626],[-74.33434,18.45939],[-74.34274,18.46554],[-74.34591,18.46335],[-74.35111,18.46551],[-74.35857,18.46351],[-74.3593,18.47038],[-74.35624,18.47828],[-74.3638,18.4845]]]}},{"type":"Feature","properties":{"adm3_name":"2e Section Camathe","adm3_pcode":"HT0551-02","adm2_name":"Saint-Michel de l'Attalaye","adm1_name":"Artibonite"},"geometry":{"type":"Polygon","coordinates":[[[-72.34882,19.48808],[-72.35338,19.4898],[-72.35462,19.48346],[-72.35796,19.48318],[-72.35767,19.47327],[-72.36413,19.46249],[-72.36922,19.45893],[-72.37809,19.45746],[-72.38197,19.45313],[-72.38171,19.44802],[-72.37806,19.44316],[-72.37917,19.44075],[-72.38766,19.44462],[-72.38979,19.42631],[-72.40628,19.4223],[-72.41355,19.41644],[-72.39943,19.40967],[-72.38368,19.38413],[-72.37822,19.37888],[-72.36493,19.38175],[-72.35234,19.38127],[-72.34671,19.38466],[-72.34673,19.38853],[-72.35187,19.39365],[-72.35556,19.40432],[-72.3529,19.4136],[-72.3507,19.41407],[-72.35877,19.41873],[-72.36455,19.43101],[-72.35854,19.44164],[-72.34351,19.43884],[-72.3367,19.44252],[-72.33569,19.44755],[-72.32942,19.45554],[-72.32902,19.46529],[-72.32225,19.47683],[-72.32071,19.48456],[-72.33007,19.48376],[-72.33378,19.48859],[-72.34289,19.48655],[-72.34882,19.48808]]]}},{"type":"Feature","properties":{"adm3_name":"2e Section Carreau Datty","adm3_pcode":"HT0913-02","adm2_name":"Bassin Bleu","adm1_name":"North-West"},"geometry":{"type":"Polygon","coordinates":[[[-72.83437,19.83762],[-72.83428,19.84229],[-72.88506,19.84763],[-72.88606,19.83767],[-72.92886,19.8108],[-72.92901,19.80707],[-72.92335,19.79712],[-72.91864,19.7994],[-72.91197,19.79373],[-72.87643,19.7801],[-72.83529,19.73196],[-72.82846,19.73154],[-72.81129,19.73886],[-72.8096,19.75379],[-72.79078,19.76741],[-72.80555,19.77496],[-72.80716,19.77921],[-72.79949,19.78837],[-72.81014,19.79678],[-72.8088,19.80088],[-72.80092,19.80603],[-72.80643,19.81064],[-72.80483,19.82397],[-72.81752,19.81763],[-72.83685,19.82133],[-72.8439,19.81999],[-72.84852,19.82969],[-72.84569,19.83322],[-72.84047,19.83284],[-72.83437,19.83762]]]}},{"type":"Feature","properties":{"adm3_name":"2e Section Chabotte","adm3_pcode":"HT0361-02","adm2_name":"Limbe","adm1_name":"North"},"geometry":{"type":"Polygon","coordinates":[[[-72.40562,19.69794],[-72.41624,19.6989],[-72.43213,19.68626],[-72.4441,19.68639],[-72.45502,19.6811],[-72.4605,19.67713],[-72.45798,19.67081],[-72.4614,19.66288],[-72.45219,19.66477],[-72.43007,19.65961],[-72.42013,19.66518],[-72.41155,19.65943],[-72.39922,19.65766],[-72.38883,19.66451],[-72.38895,19.66741],[-72.39032,19.67015],[-72.39662,19.67258],[-72.39453,19.69641],[-72.39686,19.69867],[-72.40562,19.69794]]]}},{"type":"Feature","properties":{"adm3_name":"2e Section Champagne","adm3_pcode":"HT0371-02","adm2_name":"Plaisance","adm1_name":"North"},"geometry":{"type":"Polygon","coordinates":[[[-72.46035,19.66884],[-72.45787,19.67429],[-72.4605,19.67713],[-72.46565,19.67289],[-72.46881,19.66508],[-72.47877,19.66219],[-72.46708,19.64398],[-72.46682,19.64077],[-72.4756,19.63253],[-72.47257,19.62017],[-72.46148,19.61346],[-72.46004,19.60449],[-72.453,19.60291],[-72.45264,19.60667],[-72.4495,19.60645],[-72.45192,19.61081],[-72.44826,19.61678],[-72.4537,19.62402],[-72.45125,19.62894],[-72.45122,19.64293],[-72.4614,19.66288],[-72.46035,19.66884]]]}},{"type":"Feature","properties":{"adm3_name":"2e Section Champlois","adm3_pcode":"HT0714-02","adm2_name":"Camp-Perrin","adm1_name":"South"},"geometry":{"type":"Polygon","coordinates":[[[-73.8213,18.4129],[-73.84288,18.40677],[-73.87513,18.40557],[-73.87864,18.40739],[-73.90569,18.39902],[-73.9062,18.38924],[-73.89789,18.37706],[-73.89294,18.37537],[-73.8947,18.36374],[-73.87957,18.36313],[-73.87451,18.35607],[-73.87593,18.35085],[-73.86803,18.33753],[-73.86893,18.32555],[-73.86643,18.32724],[-73.86139,18.32552],[-73.84678,18.33103],[-73.84081,18.32913],[-73.82212,18.33553],[-73.80343,18.33579],[-73.80963,18.34605],[-73.80388,18.34741],[-73.80294,18.34965],[-73.80862,18.35272],[-73.81831,18.35327],[-73.81983,18.357],[-73.81053,18.36393],[-73.81021,18.36902],[-73.81809,18.38362],[-73.81542,18.39405],[-73.82101,18.39808],[-73.81427,18.40653],[-73.8213,18.4129]]]}},{"type":"Feature","properties":{"adm3_name":"2e Section Changeux (Quartier de Changeux)","adm3_pcode":"HT1023-02","adm2_name":"L'Asile","adm1_name":"Nippes"},"geometry":{"type":"Polygon","coordinates":[[[-73.42704,18.37367],[-73.42715,18.37639],[-73.43025,18.378],[-73.44445,18.38053],[-73.452,18.37935],[-73.45877,18.37206],[-73.46875,18.37829],[-73.4733,18.37372],[-73.49624,18.3726],[-73.51503,18.37858],[-73.52096,18.37807],[-73.52345,18.3725],[-73.5373,18.37245],[-73.5462,18.37542],[-73.55493,18.36997],[-73.55726,18.35836],[-73.5563,18.34982],[-73.56121,18.34876],[-73.56436,18.34447],[-73.56148,18.34733],[-73.55459,18.33613],[-73.51542,18.33575],[-73.49322,18.3381],[-73.48216,18.34228],[-73.47183,18.34067],[-73.47041,18.33762],[-73.45458,18.33823],[-73.43167,18.34426],[-73.42345,18.34312],[-73.42916,18.36736],[-73.42704,18.37367]]]}},{"type":"Feature","properties":{"adm3_name":"2e Section Chardonnette","adm3_pcode":"HT0833-02","adm2_name":"Beaumont","adm1_name":"Grande'Anse"},"geometry":{"type":"Polygon","coordinates":[[[-73.99603,18.52294],[-74.00184,18.52606],[-74.00483,18.52236],[-74.01701,18.51787],[-74.02449,18.50907],[-74.03863,18.5055],[-74.04095,18.49776],[-74.03363,18.48909],[-74.02954,18.49456],[-74.01679,18.49833],[-73.9932,18.4989],[-73.98362,18.49523],[-73.9817,18.49796],[-73.98352,18.50359],[-73.98967,18.50926],[-73.98511,18.50995],[-73.98243,18.51328],[-73.97734,18.51145],[-73.97591,18.51473],[-73.98539,18.51997],[-73.98647,18.52334],[-73.99603,18.52294]]]}},{"type":"Feature","properties":{"adm3_name":"2e Section Cholette","adm3_pcode":"HT1012-02","adm2_name":"Petite Riviere de Nippes","adm1_name":"Nippes"},"geometry":{"type":"Polygon","coordinates":[[[-73.23023,18.47747],[-73.24008,18.47642],[-73.24053,18.46018],[-73.24703,18.45079],[-73.24247,18.43963],[-73.24482,18.4271],[-73.23862,18.42017],[-73.22821,18.42357],[-73.22067,18.4188],[-73.21822,18.42037],[-73.22118,18.42342],[-73.21912,18.42526],[-73.20579,18.42586],[-73.19658,18.4242],[-73.19414,18.41943],[-73.19054,18.41916],[-73.18717,18.42601],[-73.19665,18.43154],[-73.19731,18.43404],[-73.19378,18.44297],[-73.20278,18.44929],[-73.21906,18.44758],[-73.22212,18.44962],[-73.22611,18.45641],[-73.22318,18.46537],[-73.23067,18.47197],[-73.23023,18.47747]]]}},{"type":"Feature","properties":{"adm3_name":"2e Section Dallier","adm3_pcode":"HT0822-02","adm2_name":"Dame Marie","adm1_name":"Grande'Anse"},"geometry":{"type":"Polygon","coordinates":[[[-74.3748,18.51104],[-74.36939,18.51598],[-74.36729,18.52154],[-74.37333,18.52949],[-74.36972,18.53413],[-74.37192,18.53639],[-74.38003,18.53345],[-74.38011,18.53004],[-74.38362,18.5287],[-74.38226,18.52607],[-74.3872,18.5219],[-74.39983,18.5188],[-74.39841,18.50218],[-74.40461,18.49766],[-74.39429,18.49364],[-74.39616,18.49707],[-74.3946,18.49944],[-74.37945,18.51027],[-74.3748,18.51104]]]}},{"type":"Feature","properties":{"adm3_name":"2e Section Debouchette","adm3_pcode":"HT0722-02","adm2_name":"Saint Jean du Sud","adm1_name":"South"},"geometry":{"type":"Polygon","coordinates":[[[-73.83953,18.06859],[-73.84796,18.06695],[-73.85004,18.05668],[-73.85736,18.0511],[-73.8608,18.05319],[-73.86534,18.05213],[-73.87003,18.05874],[-73.87741,18.05647],[-73.88094,18.05111],[-73.88245,18.0352],[-73.88742,18.02503],[-73.87252,18.02214],[-73.86528,18.02494],[-73.82637,18.02646],[-73.82803,18.04175],[-73.83108,18.04349],[-73.8283,18.05156],[-73.83693,18.06032],[-73.83953,18.06859]]]}},{"type":"Feature","properties":{"adm3_name":"2e Section Dejoie","adm3_pcode":"HT0751-02","adm2_name":"Chardonnieres","adm1_name":"South"},"geometry":{"type":"Polygon","coordinates":[[[-74.08588,18.40692],[-74.10085,18.40275],[-74.10655,18.4035],[-74.10704,18.37553],[-74.11104,18.3687],[-74.11472,18.35274],[-74.12468,18.35111],[-74.14348,18.34195],[-74.14769,18.33126],[-74.14525,18.32877],[-74.13204,18.32708],[-74.1314,18.32327],[-74.12487,18.31632],[-74.13467,18.30985],[-74.1355,18.30278],[-74.1311,18.29376],[-74.12481,18.28904],[-74.13387,18.27135],[-74.13359,18.26393],[-74.1296,18.26384],[-74.12416,18.25844],[-74.11539,18.25828],[-74.10623,18.25133],[-74.10247,18.26091],[-74.09397,18.26509],[-74.09442,18.27442],[-74.09653,18.28143],[-74.10118,18.28639],[-74.10067,18.29632],[-74.1053,18.3009],[-74.10601,18.30836],[-74.10902,18.31128],[-74.10441,18.32356],[-74.1165,18.32795],[-74.11799,18.33519],[-74.10885,18.34383],[-74.09891,18.36188],[-74.08673,18.37122],[-74.08443,18.37628],[-74.08284,18.39218],[-74.08588,18.40692]]]}},{"type":"Feature","properties":{"adm3_name":"2e Section Delatre","adm3_pcode":"HT0122-02","adm2_name":"Petit-Goave","adm1_name":"West"},"geometry":{"type":"Polygon","coordinates":[[[-73.0096,18.44902],[-73.02626,18.45139],[-73.03292,18.44786],[-73.03482,18.44338],[-73.03835,18.44392],[-73.04457,18.4375],[-73.05403,18.4333],[-73.0463,18.41778],[-73.03743,18.40918],[-73.0396,18.40707],[-73.03588,18.39775],[-73.0297,18.38901],[-73.02361,18.3875],[-73.01901,18.38311],[-73.00633,18.39111],[-73.0001,18.39966],[-72.99575,18.39948],[-72.99271,18.39357],[-72.9852,18.39391],[-72.97961,18.40108],[-72.97101,18.40551],[-72.97094,18.40985],[-72.96638,18.41322],[-72.96813,18.41637],[-72.97535,18.41731],[-72.97205,18.42629],[-72.97533,18.43557],[-72.97135,18.44008],[-72.97841,18.44391],[-72.98715,18.44478],[-72.98948,18.44251],[-72.99721,18.44221],[-73.00258,18.44639],[-73.00638,18.44536],[-73.0096,18.44902]]]}},{"type":"Feature","properties":{"adm3_name":"2e Section Derourvay","adm3_pcode":"HT0921-02","adm2_name":"Saint-Louis du Nord","adm1_name":"North-West"},"geometry":{"type":"Polygon","coordinates":[[[-72.73313,19.9358],[-72.73898,19.93866],[-72.73714,19.93002],[-72.74398,19.91735],[-72.73935,19.90808],[-72.73995,19.90314],[-72.74844,19.89214],[-72.74849,19.8796],[-72.74178,19.88011],[-72.73447,19.88727],[-72.73131,19.89524],[-72.71835,19.90741],[-72.71607,19.91678],[-72.71268,19.92035],[-72.7114,19.92925],[-72.71467,19.9319],[-72.7221,19.93666],[-72.73313,19.9358]]]}},{"type":"Feature","properties":{"adm3_name":"2e Section des Forges","adm3_pcode":"HT0933-02","adm2_name":"Bombardopolis","adm1_name":"North-West"},"geometry":{"type":"Polygon","coordinates":[[[-73.2996,19.76339],[-73.30877,19.77228],[-73.3164,19.76856],[-73.31941,19.76107],[-73.34756,19.74951],[-73.3587,19.75191],[-73.37667,19.74547],[-73.37926,19.73577],[-73.3778,19.72264],[-73.38299,19.71312],[-73.39075,19.68263],[-73.39425,19.67651],[-73.40264,19.67019],[-73.40515,19.66064],[-73.41502,19.65725],[-73.41597,19.64901],[-73.41016,19.64806],[-73.39091,19.6343],[-73.37701,19.6301],[-73.37387,19.6317],[-73.37201,19.64202],[-73.36519,19.64226],[-73.35445,19.64932],[-73.34528,19.67121],[-73.34203,19.69116],[-73.34346,19.70096],[-73.33602,19.72688],[-73.2996,19.76339]]]}},{"type":"Feature","properties":{"adm3_name":"2e Section des Varreux","adm3_pcode":"HT0117-01","adm2_name":"Cite Soleil","adm1_name":"West"},"geometry":{"type":"Polygon","coordinates":[[[-72.35828,18.62988],[-72.35902,18.62812],[-72.35086,18.62306],[-72.3521,18.61622],[-72.34477,18.60783],[-72.34591,18.59744],[-72.3387,18.593],[-72.34189,18.58058],[-72.33887,18.57465],[-72.34269,18.57185],[-72.34524,18.57497],[-72.35288,18.56609],[-72.34661,18.56537],[-72.3386,18.56078],[-72.32575,18.57203],[-72.30885,18.58187],[-72.31837,18.59255],[-72.32061,18.60216],[-72.31417,18.60854],[-72.32156,18.61044],[-72.32452,18.61366],[-72.32745,18.61183],[-72.32675,18.61602],[-72.33516,18.61761],[-72.33586,18.62113],[-72.35514,18.62654],[-72.35828,18.62988]]]}},{"type":"Feature","properties":{"adm3_name":"2e Section des Varreux","adm3_pcode":"HT0131-02","adm2_name":"Croix-Des-Bouquets","adm1_name":"West"},"geometry":{"type":"Polygon","coordinates":[[[-72.2084,18.65281],[-72.2137,18.66138],[-72.22858,18.6576],[-72.24039,18.65092],[-72.25932,18.65965],[-72.27082,18.6504],[-72.27804,18.65598],[-72.28544,18.65514],[-72.28477,18.65235],[-72.26585,18.63652],[-72.26713,18.62824],[-72.28186,18.60184],[-72.27133,18.60325],[-72.26548,18.60168],[-72.22737,18.57294],[-72.22298,18.57234],[-72.22739,18.58591],[-72.22367,18.60023],[-72.21409,18.61424],[-72.20432,18.64041],[-72.20037,18.64518],[-72.2084,18.65281]]]}},{"type":"Feature","properties":{"adm3_name":"2e Section Despas","adm3_pcode":"HT0741-02","adm2_name":"Coteaux","adm1_name":"South"},"geometry":{"type":"Polygon","coordinates":[[[-74.02763,18.26283],[-74.03178,18.27368],[-74.04325,18.27006],[-74.04917,18.25758],[-74.05192,18.24491],[-74.06368,18.23545],[-74.06549,18.22888],[-74.06225,18.22682],[-74.06019,18.22103],[-74.05349,18.21826],[-74.05221,18.21023],[-74.04304,18.20682],[-74.03403,18.19716],[-74.02298,18.21294],[-74.01063,18.23699],[-74.01622,18.24489],[-74.01579,18.24863],[-74.02451,18.25125],[-74.02763,18.26283]]]}},{"type":"Feature","properties":{"adm3_name":"2e Section Dory","adm3_pcode":"HT0715-02","adm2_name":"Maniche","adm1_name":"South"},"geometry":{"type":"Polygon","coordinates":[[[-73.69973,18.41742],[-73.70695,18.42111],[-73.72146,18.41473],[-73.73779,18.41599],[-73.74136,18.40872],[-73.74629,18.41124],[-73.75539,18.40952],[-73.75578,18.40617],[-73.75078,18.40259],[-73.75402,18.39639],[-73.74615,18.39257],[-73.74998,18.39062],[-73.74753,18.37968],[-73.73833,18.37992],[-73.73715,18.37709],[-73.7386,18.37314],[-73.74221,18.37161],[-73.7532,18.37182],[-73.75385,18.36598],[-73.75705,18.36285],[-73.75405,18.35821],[-73.75662,18.348],[-73.74937,18.35039],[-73.73766,18.34863],[-73.73369,18.35142],[-73.72892,18.34782],[-73.72654,18.3491],[-73.72702,18.34525],[-73.72257,18.34512],[-73.70815,18.35126],[-73.70212,18.34776],[-73.69993,18.35099],[-73.68788,18.35001],[-73.68674,18.36541],[-73.6933,18.36688],[-73.69727,18.37278],[-73.69776,18.3787],[-73.69135,18.38964],[-73.69724,18.39919],[-73.69657,18.40416],[-73.69104,18.40906],[-73.69973,18.41742]]]}},{"type":"Feature","properties":{"adm3_name":"2e Section Dos d'Ane","adm3_pcode":"HT0932-02","adm2_name":"Baie de Henne","adm1_name":"North-West"},"geometry":{"type":"Polygon","coordinates":[[[-73.17657,19.71042],[-73.19193,19.7355],[-73.19853,19.7407],[-73.19946,19.74775],[-73.19371,19.7589],[-73.2004,19.76118],[-73.20862,19.75724],[-73.22412,19.75485],[-73.21483,19.73829],[-73.22805,19.72859],[-73.23416,19.72744],[-73.2425,19.7182],[-73.25499,19.71236],[-73.25488,19.70524],[-73.24814,19.69614],[-73.23187,19.68509],[-73.22611,19.67745],[-73.22441,19.67037],[-73.21378,19.6598],[-73.20697,19.66193],[-73.20831,19.67132],[-73.19946,19.67936],[-73.17657,19.71042]]]}},{"type":"Feature","properties":{"adm3_name":"2e Section Dumont","adm3_pcode":"HT0721-02","adm2_name":"Port-Salut","adm1_name":"South"},"geometry":{"type":"Polygon","coordinates":[[[-73.88052,18.07104],[-73.87752,18.07924],[-73.88469,18.07088],[-73.89048,18.07271],[-73.90586,18.07171],[-73.9086,18.06525],[-73.91907,18.07677],[-73.92081,18.07468],[-73.91713,18.06436],[-73.9126,18.06008],[-73.91241,18.05591],[-73.90284,18.04347],[-73.90429,18.03275],[-73.88742,18.02503],[-73.88245,18.0352],[-73.88094,18.05111],[-73.87741,18.05647],[-73.87856,18.06204],[-73.88195,18.06536],[-73.88052,18.07104]]]}},{"type":"Feature","properties":{"adm3_name":"2e Section Eaux Basses","adm3_pcode":"HT1032-02","adm2_name":"Grand-Boucan","adm1_name":"Nippes"},"geometry":{"type":"Polygon","coordinates":[[[-73.67528,18.57546],[-73.68713,18.57804],[-73.70269,18.57705],[-73.71857,18.57156],[-73.71947,18.56481],[-73.72699,18.56655],[-73.72654,18.56352],[-73.72785,18.5653],[-73.72773,18.56234],[-73.73106,18.56339],[-73.73004,18.56089],[-73.73429,18.55835],[-73.73083,18.55687],[-73.73083,18.55846],[-73.71941,18.5586],[-73.72112,18.55178],[-73.73161,18.54971],[-73.7249,18.54557],[-73.71664,18.55128],[-73.7172,18.54868],[-73.71046,18.54402],[-73.70814,18.54705],[-73.69992,18.54965],[-73.69865,18.55356],[-73.69626,18.55049],[-73.69232,18.55131],[-73.69252,18.55372],[-73.6872,18.55221],[-73.68569,18.55447],[-73.68253,18.5538],[-73.68027,18.56021],[-73.69005,18.56224],[-73.69123,18.56473],[-73.67676,18.56486],[-73.67396,18.56787],[-73.67528,18.57546]]]}},{"type":"Feature","properties":{"adm3_name":"2e Section Ecrevisse ou Grosse Roche","adm3_pcode":"HT0441-02","adm2_name":"Vallieres","adm1_name":"North-East"},"geometry":{"type":"Polygon","coordinates":[[[-72.0079,19.52422],[-72.01904,19.52584],[-72.00972,19.51067],[-72.01931,19.4971],[-72.02509,19.49451],[-72.02184,19.47511],[-72.01285,19.4704],[-72.0026,19.4464],[-71.99796,19.44362],[-71.99499,19.4481],[-71.98613,19.44931],[-71.96762,19.44438],[-71.9649,19.44072],[-71.95829,19.44239],[-71.95446,19.44562],[-71.9545,19.4505],[-71.96022,19.45532],[-71.95607,19.46394],[-71.95543,19.47868],[-71.95255,19.48081],[-71.9582,19.48859],[-71.9577,19.49499],[-71.96625,19.50071],[-71.96952,19.50828],[-71.99653,19.52236],[-72.0079,19.52422]]]}},{"type":"Feature","properties":{"adm3_name":"2e Section Edelin","adm3_pcode":"HT0752-02","adm2_name":"Les Anglais","adm1_name":"South"},"geometry":{"type":"Polygon","coordinates":[[[-74.14769,18.33126],[-74.14348,18.34195],[-74.12468,18.35111],[-74.11472,18.35274],[-74.11104,18.3687],[-74.10704,18.37553],[-74.10655,18.4035],[-74.11823,18.39684],[-74.12408,18.39636],[-74.13177,18.40105],[-74.16531,18.39472],[-74.17164,18.39303],[-74.17656,18.38797],[-74.16823,18.38752],[-74.16606,18.37857],[-74.17846,18.3681],[-74.18254,18.35672],[-74.17874,18.3457],[-74.18472,18.33119],[-74.17265,18.32865],[-74.16172,18.33265],[-74.15286,18.32904],[-74.14769,18.33126]]]}},{"type":"Feature","properties":{"adm3_name":"2e Section Espere","adm3_pcode":"HT0834-02","adm2_name":"Pestel","adm1_name":"Grande'Anse"},"geometry":{"type":"Polygon","coordinates":[[[-73.73304,18.54729],[-73.73161,18.54971],[-73.73404,18.55033],[-73.7402,18.54619],[-73.74213,18.54784],[-73.74751,18.54457],[-73.75185,18.54548],[-73.75303,18.54246],[-73.75804,18.54488],[-73.76262,18.5399],[-73.7661,18.54406],[-73.77191,18.54174],[-73.77308,18.53848],[-73.77368,18.54049],[-73.77608,18.53921],[-73.77517,18.54226],[-73.77808,18.53929],[-73.77581,18.53639],[-73.77909,18.5356],[-73.78012,18.54019],[-73.78842,18.53855],[-73.78989,18.535],[-73.79007,18.54254],[-73.7967,18.54184],[-73.79923,18.53846],[-73.79772,18.52974],[-73.80181,18.52437],[-73.80693,18.52056],[-73.8149,18.52402],[-73.82234,18.51432],[-73.82123,18.5021],[-73.80995,18.49422],[-73.8084,18.49044],[-73.79429,18.48671],[-73.76541,18.49068],[-73.76169,18.49421],[-73.76733,18.49649],[-73.76829,18.50191],[-73.75394,18.51712],[-73.74328,18.52324],[-73.73739,18.5361],[-73.73152,18.54072],[-73.73553,18.54585],[-73.73304,18.54729]]]}},{"type":"Feature","properties":{"adm3_name":"2e Section Fond-des-Negres ou Morne Brice","adm3_pcode":"HT1013-02","adm2_name":"Fonds des Negres","adm1_name":"Nippes"},"geometry":{"type":"Polygon","coordinates":[[[-73.25617,18.40497],[-73.25991,18.40707],[-73.2624,18.40519],[-73.26404,18.39662],[-73.26793,18.39214],[-73.26586,18.38535],[-73.26266,18.38275],[-73.26486,18.37873],[-73.26283,18.37314],[-73.25948,18.37165],[-73.26478,18.36801],[-73.26202,18.36477],[-73.26702,18.3639],[-73.26683,18.35985],[-73.2608,18.35296],[-73.24723,18.35423],[-73.22817,18.3523],[-73.21885,18.36128],[-73.22485,18.36313],[-73.22345,18.36642],[-73.22559,18.37082],[-73.21268,18.39137],[-73.21376,18.39753],[-73.2223,18.39761],[-73.2269,18.40357],[-73.25617,18.40497]]]}},{"type":"Feature","properties":{"adm3_name":"2e Section Fond Cochon ou Lopineau","adm3_pcode":"HT0832-02","adm2_name":"Roseaux","adm1_name":"Grande'Anse"},"geometry":{"type":"Polygon","coordinates":[[[-74.03564,18.52555],[-74.0344,18.52741],[-74.03732,18.52904],[-74.03691,18.5337],[-74.03882,18.53429],[-74.04589,18.53147],[-74.05058,18.52537],[-74.05738,18.52385],[-74.06141,18.52558],[-74.06759,18.52146],[-74.07543,18.52319],[-74.08747,18.49931],[-74.09614,18.49825],[-74.09489,18.49179],[-74.10216,18.48007],[-74.09708,18.46403],[-74.09761,18.45686],[-74.10802,18.4467],[-74.11294,18.43796],[-74.11969,18.43462],[-74.1079,18.41613],[-74.10655,18.4035],[-74.10085,18.40275],[-74.08186,18.40764],[-74.06423,18.40481],[-74.05824,18.40167],[-74.04707,18.38947],[-74.04128,18.3876],[-74.04077,18.39323],[-74.03155,18.41008],[-74.02772,18.42833],[-74.02961,18.43414],[-74.03713,18.43266],[-74.03284,18.4491],[-74.03388,18.453],[-74.04228,18.45665],[-74.04171,18.47049],[-74.03816,18.47884],[-74.02961,18.48199],[-74.03117,18.49157],[-74.03514,18.48973],[-74.0415,18.50107],[-74.03795,18.50354],[-74.0394,18.50972],[-74.03737,18.51712],[-74.03087,18.51829],[-74.03079,18.52135],[-74.03564,18.52555]]]}},{"type":"Feature","properties":{"adm3_name":"2e Section Fond d'Icaque","adm3_pcode":"HT0831-02","adm2_name":"Corail","adm1_name":"Grande'Anse"},"geometry":{"type":"Polygon","coordinates":[[[-73.90135,18.49139],[-73.89806,18.51072],[-73.90319,18.51818],[-73.91665,18.52987],[-73.91321,18.53853],[-73.90644,18.54252],[-73.91598,18.55159],[-73.93725,18.55077],[-73.94299,18.54196],[-73.94965,18.53952],[-73.94608,18.53232],[-73.96175,18.52458],[-73.96803,18.52611],[-73.97721,18.5214],[-73.98575,18.52182],[-73.97591,18.51473],[-73.97734,18.51145],[-73.9703,18.51151],[-73.96318,18.50583],[-73.95591,18.49425],[-73.95219,18.49536],[-73.94808,18.49153],[-73.94139,18.49778],[-73.93924,18.4928],[-73.93033,18.48702],[-73.91998,18.48508],[-73.90135,18.49139]]]}},{"type":"Feature","properties":{"adm3_name":"2e Section Fond Melon (Selles)","adm3_pcode":"HT0211-02","adm2_name":"Jacmel","adm1_name":"South-East"},"geometry":{"type":"Polygon","coordinates":[[[-72.42128,18.33688],[-72.45365,18.33376],[-72.46205,18.32699],[-72.44787,18.32312],[-72.44318,18.3258],[-72.44042,18.31113],[-72.43703,18.30792],[-72.4342,18.31475],[-72.42818,18.31758],[-72.42669,18.32183],[-72.42308,18.31765],[-72.41543,18.31981],[-72.41288,18.31833],[-72.40856,18.3223],[-72.39929,18.3196],[-72.39766,18.32183],[-72.38406,18.32378],[-72.37925,18.33268],[-72.42128,18.33688]]]}},{"type":"Feature","properties":{"adm3_name":"2e Section Fond Melon Michineau","adm3_pcode":"HT0213-04","adm2_name":"Cayes-Jacmel","adm1_name":"South-East"},"geometry":{"type":"Polygon","coordinates":[[[-72.37383,18.32389],[-72.37246,18.33153],[-72.37925,18.33268],[-72.38406,18.32378],[-72.39766,18.32183],[-72.39929,18.3196],[-72.40856,18.3223],[-72.41288,18.31833],[-72.41543,18.31981],[-72.42308,18.31765],[-72.42669,18.32183],[-72.42818,18.31758],[-72.4342,18.31475],[-72.43703,18.30792],[-72.42636,18.28497],[-72.41422,18.28719],[-72.40706,18.29523],[-72.39292,18.29056],[-72.382,18.29478],[-72.3802,18.2962],[-72.38225,18.30262],[-72.37279,18.3067],[-72.36787,18.31509],[-72.37383,18.32389]]]}},{"type":"Feature","properties":{"adm3_name":"2e Section Fonds Baptiste","adm3_pcode":"HT0141-02","adm2_name":"Arcahaie","adm1_name":"West"},"geometry":{"type":"Polygon","coordinates":[[[-72.54545,18.96078],[-72.55463,18.96151],[-72.5585,18.96501],[-72.56611,18.96492],[-72.57274,18.9693],[-72.58035,18.9686],[-72.58937,18.97214],[-72.58923,18.96363],[-72.5806,18.95998],[-72.58089,18.95643],[-72.58904,18.95344],[-72.59212,18.94679],[-72.59604,18.94489],[-72.5929,18.93831],[-72.59524,18.92889],[-72.59376,18.92575],[-72.59853,18.92335],[-72.59777,18.91509],[-72.60109,18.91134],[-72.58483,18.89561],[-72.59173,18.88799],[-72.59622,18.87777],[-72.61668,18.87208],[-72.61091,18.85939],[-72.60256,18.86067],[-72.59823,18.85773],[-72.59302,18.84709],[-72.58494,18.8396],[-72.5811,18.83824],[-72.57822,18.84566],[-72.5697,18.85468],[-72.56111,18.85114],[-72.565,18.84357],[-72.55744,18.83874],[-72.54041,18.83454],[-72.532,18.83596],[-72.52803,18.83312],[-72.52053,18.84635],[-72.52267,18.8525],[-72.52005,18.85415],[-72.52098,18.85638],[-72.53012,18.86551],[-72.53002,18.86894],[-72.52373,18.87727],[-72.53062,18.89108],[-72.53507,18.89141],[-72.53835,18.88886],[-72.52908,18.89986],[-72.52827,18.90592],[-72.52221,18.91402],[-72.5328,18.92099],[-72.52956,18.92916],[-72.53486,18.93249],[-72.5339,18.93804],[-72.54185,18.94237],[-72.54895,18.9526],[-72.54545,18.96078]]]}},{"type":"Feature","properties":{"adm3_name":"2e Section Fonfrede","adm3_pcode":"HT0711-02","adm2_name":"Les Cayes","adm1_name":"South"},"geometry":{"type":"Polygon","coordinates":[[[-73.86855,18.30285],[-73.86959,18.29966],[-73.87577,18.29937],[-73.87526,18.29666],[-73.86387,18.27969],[-73.86243,18.27386],[-73.80947,18.21023],[-73.77265,18.23906],[-73.78173,18.26902],[-73.79176,18.26628],[-73.7945,18.2738],[-73.80431,18.27191],[-73.80935,18.28365],[-73.81213,18.27938],[-73.81701,18.27779],[-73.81759,18.27357],[-73.84248,18.26549],[-73.8458,18.27134],[-73.85391,18.277],[-73.85762,18.28399],[-73.8625,18.28611],[-73.86652,18.29225],[-73.86855,18.30285]]]}},{"type":"Feature","properties":{"adm3_name":"2e Section Fosse Naboth ou Duvallon","adm3_pcode":"HT0541-02","adm2_name":"Dessalines","adm1_name":"Artibonite"},"geometry":{"type":"Polygon","coordinates":[[[-72.58577,19.3059],[-72.59366,19.31149],[-72.59742,19.30716],[-72.60864,19.30343],[-72.60777,19.30102],[-72.61057,19.29904],[-72.60123,19.26408],[-72.60545,19.26394],[-72.61801,19.27612],[-72.61928,19.27508],[-72.61828,19.27096],[-72.63155,19.22786],[-72.62949,19.22118],[-72.63529,19.2167],[-72.63449,19.21234],[-72.62827,19.2157],[-72.6211,19.21289],[-72.61936,19.22131],[-72.61661,19.2185],[-72.61203,19.21974],[-72.61094,19.21639],[-72.60177,19.21261],[-72.59906,19.20459],[-72.59013,19.20793],[-72.58543,19.21208],[-72.58669,19.21804],[-72.58362,19.22125],[-72.58674,19.2296],[-72.58451,19.23617],[-72.56624,19.23447],[-72.56394,19.22864],[-72.54897,19.21845],[-72.54866,19.22735],[-72.55498,19.2289],[-72.55841,19.23251],[-72.55794,19.24104],[-72.55066,19.2507],[-72.547,19.27041],[-72.55071,19.28064],[-72.55815,19.28983],[-72.58577,19.3059]]]}},{"type":"Feature","properties":{"adm3_name":"2e Section Gaillard","adm3_pcode":"HT0213-02","adm2_name":"Cayes-Jacmel","adm1_name":"South-East"},"geometry":{"type":"Polygon","coordinates":[[[-72.35731,18.23174],[-72.35997,18.26202],[-72.36532,18.26685],[-72.36883,18.27441],[-72.36621,18.28833],[-72.37279,18.3067],[-72.38225,18.30262],[-72.3802,18.2962],[-72.3869,18.2926],[-72.38998,18.28231],[-72.39869,18.2729],[-72.40696,18.27033],[-72.41106,18.26275],[-72.39965,18.25312],[-72.39501,18.23007],[-72.37155,18.23492],[-72.36771,18.23273],[-72.36015,18.23436],[-72.35731,18.23174]]]}},{"type":"Feature","properties":{"adm3_name":"2e Section Glaudine ou \"Jacquesil\"","adm3_pcode":"HT0434-02","adm2_name":"Caracol","adm1_name":"North-East"},"geometry":{"type":"Polygon","coordinates":[[[-71.96148,19.73427],[-71.98862,19.73207],[-71.9845,19.72933],[-71.99189,19.72622],[-71.98952,19.70255],[-71.99462,19.69806],[-72.00667,19.7061],[-72.00718,19.70117],[-72.01213,19.69888],[-72.00734,19.68831],[-72.00742,19.68544],[-72.01273,19.68337],[-72.01092,19.66833],[-72.0085,19.66763],[-72.01018,19.66191],[-72.00577,19.65779],[-72.00951,19.63931],[-72.00708,19.63619],[-71.99576,19.65071],[-71.98339,19.64795],[-71.97883,19.66809],[-71.97602,19.66767],[-71.97265,19.6718],[-71.9614,19.67048],[-71.9581,19.68786],[-71.96902,19.70215],[-71.92478,19.71538],[-71.92486,19.72242],[-71.92049,19.72658],[-71.93981,19.73032],[-71.94779,19.72695],[-71.95656,19.72953],[-71.96148,19.73427]]]}},{"type":"Feature","properties":{"adm3_name":"2e Section Grand Bassin","adm3_pcode":"HT0433-02","adm2_name":"Terrier Rouge","adm1_name":"North-East"},"geometry":{"type":"Polygon","coordinates":[[[-71.94118,19.60738],[-71.94789,19.60918],[-71.96508,19.60647],[-71.97712,19.60763],[-71.98115,19.60556],[-71.97746,19.60199],[-71.97932,19.59676],[-71.96695,19.57933],[-71.94331,19.5606],[-71.94362,19.55821],[-71.93249,19.54608],[-71.90784,19.52847],[-71.89681,19.53093],[-71.89421,19.54354],[-71.88267,19.54655],[-71.88627,19.54763],[-71.88289,19.55102],[-71.88386,19.56066],[-71.89118,19.56967],[-71.8997,19.57526],[-71.89514,19.58109],[-71.89551,19.58617],[-71.90863,19.60392],[-71.91094,19.6044],[-71.9123,19.60063],[-71.9225,19.60594],[-71.9285,19.60458],[-71.94118,19.60738]]]}},{"type":"Feature","properties":{"adm3_name":"2e Section Grand Vide","adm3_pcode":"HT0152-03","adm2_name":"Pointe a Raquette","adm1_name":"West"},"geometry":{"type":"Polygon","coordinates":[[[-73.17468,18.90883],[-73.1758,18.91127],[-73.17863,18.90822],[-73.18274,18.90874],[-73.18722,18.90373],[-73.18676,18.89767],[-73.18977,18.89594],[-73.19059,18.89196],[-73.20093,18.88867],[-73.20448,18.87883],[-73.21089,18.88098],[-73.21538,18.87957],[-73.21554,18.87217],[-73.21233,18.86864],[-73.21176,18.86002],[-73.20543,18.8532],[-73.20807,18.84822],[-73.19863,18.84754],[-73.20492,18.83456],[-73.19907,18.83706],[-73.19201,18.83668],[-73.1671,18.82636],[-73.12606,18.81796],[-73.1168,18.8097],[-73.11313,18.80986],[-73.1088,18.80445],[-73.10662,18.80751],[-73.11079,18.81077],[-73.11375,18.81805],[-73.10687,18.82703],[-73.10865,18.83552],[-73.12347,18.8404],[-73.11386,18.84912],[-73.1215,18.86307],[-73.12211,18.8751],[-73.1479,18.88755],[-73.16302,18.89041],[-73.16935,18.89899],[-73.17102,18.90643],[-73.17386,18.90541],[-73.17468,18.90883]]]}},{"type":"Feature","properties":{"adm3_name":"2e Section Grande-Riviere-Joly","adm3_pcode":"HT1021-02","adm2_name":"Anse-a-Veau","adm1_name":"Nippes"},"geometry":{"type":"Polygon","coordinates":[[[-73.3418,18.50534],[-73.34594,18.50545],[-73.34739,18.50328],[-73.34888,18.49544],[-73.35425,18.48751],[-73.35595,18.47611],[-73.36056,18.4739],[-73.35993,18.46608],[-73.363,18.46044],[-73.36316,18.45363],[-73.35261,18.44782],[-73.34902,18.44856],[-73.34244,18.44136],[-73.34089,18.43745],[-73.34824,18.43403],[-73.33435,18.42505],[-73.31371,18.41905],[-73.29849,18.42712],[-73.29994,18.43182],[-73.31277,18.44409],[-73.30431,18.46192],[-73.30461,18.46637],[-73.31032,18.47402],[-73.31009,18.47961],[-73.2997,18.4873],[-73.32788,18.5024],[-73.3418,18.50534]]]}},{"type":"Feature","properties":{"adm3_name":"2e Section Grande Plaine","adm3_pcode":"HT0132-02","adm2_name":"Thomazeau","adm1_name":"West"},"geometry":{"type":"Polygon","coordinates":[[[-72.10467,18.62977],[-72.10465,18.63646],[-72.10903,18.63361],[-72.14634,18.62671],[-72.16151,18.62792],[-72.16454,18.61023],[-72.15454,18.60774],[-72.15184,18.60354],[-72.15362,18.58813],[-72.15649,18.58676],[-72.15179,18.57984],[-72.15069,18.56689],[-72.14337,18.56739],[-72.14041,18.58585],[-72.1381,18.58652],[-72.1294,18.58553],[-72.12735,18.5733],[-72.11888,18.57195],[-72.11568,18.56878],[-72.11075,18.56932],[-72.10773,18.56673],[-72.10298,18.56862],[-72.09314,18.56292],[-72.08943,18.57598],[-72.09077,18.58165],[-72.08582,18.59067],[-72.08955,18.59698],[-72.08183,18.60495],[-72.0833,18.61252],[-72.09351,18.61088],[-72.09334,18.6153],[-72.1038,18.61701],[-72.10586,18.62425],[-72.10467,18.62977]]]}},{"type":"Feature","properties":{"adm3_name":"2e Section Grande Riviere Fesles","adm3_pcode":"HT0212-02","adm2_name":"Marigot","adm1_name":"South-East"},"geometry":{"type":"Polygon","coordinates":[[[-72.36059,18.35227],[-72.36477,18.35298],[-72.3621,18.34297],[-72.36335,18.34054],[-72.37286,18.336],[-72.37383,18.32389],[-72.36889,18.31862],[-72.36681,18.30632],[-72.34954,18.30206],[-72.34246,18.28495],[-72.33877,18.28197],[-72.33972,18.26607],[-72.3339,18.26371],[-72.33157,18.27379],[-72.33234,18.28293],[-72.32746,18.29965],[-72.3237,18.3029],[-72.32874,18.30552],[-72.32479,18.31866],[-72.33017,18.32945],[-72.32254,18.34063],[-72.33956,18.34812],[-72.35255,18.34891],[-72.36059,18.35227]]]}},{"type":"Feature","properties":{"adm3_name":"2e Section Guinaudee","adm3_pcode":"HT0934-02","adm2_name":"Jean Rabel","adm1_name":"North-West"},"geometry":{"type":"Polygon","coordinates":[[[-73.15337,19.92785],[-73.1591,19.92709],[-73.16099,19.92209],[-73.15679,19.91768],[-73.1534,19.89654],[-73.16507,19.87802],[-73.16273,19.86925],[-73.12714,19.82572],[-73.08738,19.75603],[-73.07359,19.74015],[-73.06548,19.73634],[-73.0698,19.74958],[-73.07002,19.75963],[-73.0818,19.76926],[-73.08423,19.78394],[-73.08848,19.78971],[-73.09145,19.80211],[-73.08992,19.81139],[-73.09152,19.8356],[-73.08741,19.8463],[-73.09127,19.86099],[-73.08841,19.87143],[-73.08125,19.8697],[-73.07612,19.88175],[-73.05915,19.90385],[-73.05944,19.91081],[-73.06329,19.9192],[-73.07804,19.91912],[-73.12737,19.92616],[-73.14721,19.92494],[-73.15337,19.92785]]]}},{"type":"Feature","properties":{"adm3_name":"2e Section Haut du Cap","adm3_pcode":"HT0311-02","adm2_name":"Cap-Haitien","adm1_name":"North"},"geometry":{"type":"Polygon","coordinates":[[[-72.19685,19.76753],[-72.20205,19.76464],[-72.20756,19.76667],[-72.20873,19.76294],[-72.20584,19.7566],[-72.21207,19.75503],[-72.21493,19.75157],[-72.21966,19.75065],[-72.22336,19.75753],[-72.23507,19.75493],[-72.23751,19.75122],[-72.24199,19.75648],[-72.24528,19.75556],[-72.25076,19.74861],[-72.26724,19.74506],[-72.26877,19.74116],[-72.25103,19.74004],[-72.24804,19.72966],[-72.24509,19.72893],[-72.24777,19.72209],[-72.25214,19.71917],[-72.2465,19.71019],[-72.24142,19.7089],[-72.23986,19.71195],[-72.23597,19.71251],[-72.23381,19.71836],[-72.22694,19.72178],[-72.22544,19.72764],[-72.22121,19.72716],[-72.21875,19.73299],[-72.21242,19.73454],[-72.20829,19.74045],[-72.20541,19.73862],[-72.20626,19.73661],[-72.20321,19.73823],[-72.20502,19.74873],[-72.20103,19.75277],[-72.20188,19.75521],[-72.19661,19.7567],[-72.19844,19.75874],[-72.19438,19.75957],[-72.19605,19.76179],[-72.1942,19.76738],[-72.19685,19.76753]]]}},{"type":"Feature","properties":{"adm3_name":"2e Section Haute Voldrogue","adm3_pcode":"HT0811-02","adm2_name":"Jeremie","adm1_name":"Grande'Anse"},"geometry":{"type":"Polygon","coordinates":[[[-74.12068,18.55538],[-74.13185,18.5575],[-74.12946,18.53802],[-74.13134,18.53343],[-74.13874,18.52799],[-74.1404,18.52037],[-74.148,18.51129],[-74.12395,18.4873],[-74.12274,18.48187],[-74.12522,18.47058],[-74.13447,18.4589],[-74.13431,18.45542],[-74.11969,18.43462],[-74.11294,18.43796],[-74.10802,18.4467],[-74.09761,18.45686],[-74.09708,18.46403],[-74.10216,18.48007],[-74.09489,18.49179],[-74.09614,18.49825],[-74.08747,18.49931],[-74.07543,18.52319],[-74.07708,18.52545],[-74.08645,18.52193],[-74.09018,18.52822],[-74.08434,18.53652],[-74.08882,18.54492],[-74.08728,18.55159],[-74.09025,18.55686],[-74.09603,18.55363],[-74.12068,18.55538]]]}},{"type":"Feature","properties":{"adm3_name":"2e Section Juampas","adm3_pcode":"HT0631-02","adm2_name":"Lascahobas","adm1_name":"Centre"},"geometry":{"type":"Polygon","coordinates":[[[-71.89637,18.84125],[-71.9034,18.85353],[-71.9037,18.86123],[-71.91351,18.85855],[-71.91005,18.85725],[-71.91006,18.85476],[-71.92375,18.85597],[-71.92312,18.85257],[-71.92562,18.85268],[-71.92835,18.85872],[-71.93198,18.85416],[-71.9289,18.85108],[-71.9319,18.85107],[-71.93655,18.85578],[-71.93897,18.85118],[-71.93613,18.84889],[-71.93812,18.84688],[-71.94176,18.84758],[-71.94298,18.84312],[-71.94707,18.84093],[-71.94571,18.83419],[-71.94931,18.82881],[-71.96659,18.82173],[-71.97651,18.81296],[-71.96877,18.7959],[-71.96973,18.7922],[-71.96318,18.78009],[-71.95219,18.77615],[-71.95002,18.77301],[-71.94391,18.77506],[-71.93899,18.7725],[-71.93617,18.77401],[-71.93639,18.77956],[-71.92375,18.78037],[-71.91888,18.7838],[-71.89837,18.78055],[-71.89901,18.7762],[-71.88213,18.76706],[-71.86715,18.76613],[-71.85719,18.78501],[-71.86879,18.80174],[-71.8673,18.81437],[-71.87556,18.82393],[-71.89208,18.83341],[-71.89637,18.84125]]]}},{"type":"Feature","properties":{"adm3_name":"2e Section la Belle Mere","adm3_pcode":"HT0344-02","adm2_name":"Pignon","adm1_name":"North"},"geometry":{"type":"Polygon","coordinates":[[[-72.14553,19.3721],[-72.15775,19.37206],[-72.15769,19.36438],[-72.16853,19.36548],[-72.16826,19.36107],[-72.17213,19.36067],[-72.17072,19.35866],[-72.17261,19.35478],[-72.16911,19.34796],[-72.17752,19.34933],[-72.18036,19.34543],[-72.17261,19.34043],[-72.1717,19.33563],[-72.16699,19.33667],[-72.16545,19.33419],[-72.16751,19.33231],[-72.16398,19.33103],[-72.16242,19.32514],[-72.16008,19.32503],[-72.15985,19.32197],[-72.16475,19.3186],[-72.16294,19.31684],[-72.16454,19.31161],[-72.16116,19.309],[-72.15136,19.30772],[-72.15452,19.30545],[-72.15175,19.30184],[-72.155,19.3009],[-72.1569,19.29451],[-72.15153,19.28914],[-72.15069,19.28459],[-72.15866,19.27921],[-72.15278,19.26871],[-72.15482,19.2589],[-72.14914,19.25651],[-72.14214,19.25796],[-72.13498,19.25497],[-72.11874,19.26527],[-72.09464,19.26667],[-72.08532,19.27662],[-72.08138,19.27764],[-72.08059,19.28131],[-72.07089,19.2853],[-72.05636,19.29772],[-72.0471,19.30135],[-72.05646,19.31572],[-72.06825,19.32464],[-72.07602,19.32434],[-72.08171,19.32818],[-72.08653,19.32801],[-72.0892,19.333],[-72.09958,19.32929],[-72.10798,19.33177],[-72.11182,19.32952],[-72.11945,19.33301],[-72.12373,19.33123],[-72.12948,19.33404],[-72.12948,19.3404],[-72.13557,19.34312],[-72.1379,19.34695],[-72.15171,19.34733],[-72.15474,19.35232],[-72.14549,19.36481],[-72.14553,19.3721]]]}},{"type":"Feature","properties":{"adm3_name":"2e Section la Haye","adm3_pcode":"HT0633-02","adm2_name":"Savanette","adm1_name":"Centre"},"geometry":{"type":"Polygon","coordinates":[[[-71.81643,18.7932],[-71.8176,18.79663],[-71.8206,18.79687],[-71.82921,18.79098],[-71.83776,18.78856],[-71.8427,18.79323],[-71.84849,18.79195],[-71.85719,18.78501],[-71.87156,18.757],[-71.87095,18.7425],[-71.87325,18.73729],[-71.86948,18.73315],[-71.87143,18.71855],[-71.8533,18.71882],[-71.84178,18.70996],[-71.82902,18.70462],[-71.80422,18.68539],[-71.79771,18.69189],[-71.79403,18.68926],[-71.78588,18.69207],[-71.78382,18.7062],[-71.73798,18.72229],[-71.72878,18.77233],[-71.75738,18.77253],[-71.75993,18.76512],[-71.76769,18.76775],[-71.77031,18.7654],[-71.77809,18.76645],[-71.7824,18.76362],[-71.79469,18.78181],[-71.80043,18.78461],[-71.8113,18.78002],[-71.81904,18.7852],[-71.82012,18.78811],[-71.81643,18.7932]]]}},{"type":"Feature","properties":{"adm3_name":"2e Section la Pointe","adm3_pcode":"HT0911-02","adm2_name":"Port-de-Paix","adm1_name":"North-West"},"geometry":{"type":"Polygon","coordinates":[[[-72.75998,19.94416],[-72.76363,19.94466],[-72.76723,19.94901],[-72.76973,19.94773],[-72.77703,19.91974],[-72.7857,19.91351],[-72.78636,19.90659],[-72.78914,19.90444],[-72.78888,19.89338],[-72.78766,19.88876],[-72.77184,19.86927],[-72.77173,19.86502],[-72.75496,19.86354],[-72.75428,19.86567],[-72.74727,19.86602],[-72.75133,19.86957],[-72.74859,19.87358],[-72.74363,19.87544],[-72.74178,19.88011],[-72.74849,19.8796],[-72.74984,19.88486],[-72.76304,19.89108],[-72.76392,19.89457],[-72.76654,19.89429],[-72.76717,19.90028],[-72.7723,19.90075],[-72.77129,19.90813],[-72.76048,19.92039],[-72.7608,19.926],[-72.75409,19.93759],[-72.75591,19.93777],[-72.75385,19.94255],[-72.75998,19.94416]]]}},{"type":"Feature","properties":{"adm3_name":"2e Section la Selle","adm3_pcode":"HT0622-02","adm2_name":"Saut d'Eau","adm1_name":"Centre"},"geometry":{"type":"Polygon","coordinates":[[[-72.23266,18.89845],[-72.2408,18.90494],[-72.24687,18.90536],[-72.24363,18.89972],[-72.24808,18.8808],[-72.24684,18.87176],[-72.25127,18.86027],[-72.25683,18.85725],[-72.25242,18.83554],[-72.24119,18.81836],[-72.22524,18.81927],[-72.21525,18.82522],[-72.20629,18.82029],[-72.20305,18.82071],[-72.19757,18.82229],[-72.18107,18.83413],[-72.16121,18.83598],[-72.16232,18.83877],[-72.15506,18.84478],[-72.15709,18.84625],[-72.1571,18.85139],[-72.16301,18.85233],[-72.16438,18.86327],[-72.18015,18.86404],[-72.18435,18.86923],[-72.1857,18.8767],[-72.20044,18.8796],[-72.19834,18.88804],[-72.21306,18.88834],[-72.21813,18.89155],[-72.22357,18.88959],[-72.2244,18.89773],[-72.23266,18.89845]]]}},{"type":"Feature","properties":{"adm3_name":"2e Section La Vallee de Bainet ou Ternier","adm3_pcode":"HT0214-02","adm2_name":"La Vallee","adm1_name":"South-East"},"geometry":{"type":"Polygon","coordinates":[[[-72.76129,18.28151],[-72.76204,18.27747],[-72.76633,18.27391],[-72.76375,18.27137],[-72.76503,18.26832],[-72.76188,18.26849],[-72.76055,18.26515],[-72.76173,18.26146],[-72.75969,18.25964],[-72.75008,18.26428],[-72.74178,18.26061],[-72.7359,18.26575],[-72.73012,18.27825],[-72.72538,18.27699],[-72.72199,18.26852],[-72.71586,18.26536],[-72.7145,18.26858],[-72.69954,18.26951],[-72.70186,18.27206],[-72.70267,18.28014],[-72.69587,18.28579],[-72.69636,18.28972],[-72.69882,18.291],[-72.70552,18.28925],[-72.70815,18.29119],[-72.7102,18.29383],[-72.70849,18.29656],[-72.71141,18.29616],[-72.71835,18.30361],[-72.71849,18.30869],[-72.72156,18.31148],[-72.72804,18.31283],[-72.73071,18.31765],[-72.74141,18.32242],[-72.73842,18.31455],[-72.74119,18.30747],[-72.73967,18.30056],[-72.74123,18.2887],[-72.74575,18.28772],[-72.74842,18.29059],[-72.75692,18.28668],[-72.76129,18.28151]]]}},{"type":"Feature","properties":{"adm3_name":"2e Section Labiche","adm3_pcode":"HT0222-02","adm2_name":"Cotes de Fer","adm1_name":"South-East"},"geometry":{"type":"Polygon","coordinates":[[[-72.88508,18.2333],[-72.89108,18.23543],[-72.90266,18.22475],[-72.90815,18.22661],[-72.91192,18.2252],[-72.90844,18.21487],[-72.9093,18.20946],[-72.91601,18.20035],[-72.91582,18.19409],[-72.91978,18.19226],[-72.92073,18.18806],[-72.92618,18.18271],[-72.92473,18.17967],[-72.92965,18.16507],[-72.90909,18.15783],[-72.90795,18.15941],[-72.90671,18.15636],[-72.90253,18.15755],[-72.90015,18.1693],[-72.88404,18.20243],[-72.88532,18.20608],[-72.88974,18.2052],[-72.8932,18.21082],[-72.8825,18.21375],[-72.87522,18.22166],[-72.85949,18.22192],[-72.86014,18.22436],[-72.87697,18.23515],[-72.88508,18.2333]]]}},{"type":"Feature","properties":{"adm3_name":"2e Section Lamine","adm3_pcode":"HT0422-02","adm2_name":"Capotille","adm1_name":"North-East"},"geometry":{"type":"Polygon","coordinates":[[[-71.71472,19.46657],[-71.72177,19.4659],[-71.72288,19.4628],[-71.72643,19.46437],[-71.72768,19.45525],[-71.72528,19.44946],[-71.73441,19.45045],[-71.73572,19.44646],[-71.73165,19.44609],[-71.73144,19.44273],[-71.7412,19.43756],[-71.7508,19.42418],[-71.75202,19.40348],[-71.74913,19.40043],[-71.7411,19.39901],[-71.72621,19.38697],[-71.71959,19.38832],[-71.71044,19.38402],[-71.6946,19.3824],[-71.69843,19.39301],[-71.69491,19.40151],[-71.70219,19.40856],[-71.70341,19.41661],[-71.71649,19.42039],[-71.7177,19.42588],[-71.72001,19.4266],[-71.71769,19.44934],[-71.72056,19.45558],[-71.71126,19.46656],[-71.71472,19.46657]]]}},{"type":"Feature","properties":{"adm3_name":"2e Section Lociane","adm3_pcode":"HT0642-02","adm2_name":"Thomassique","adm1_name":"Centre"},"geometry":{"type":"Polygon","coordinates":[[[-71.78183,19.12622],[-71.78551,19.1293],[-71.78944,19.12518],[-71.79682,19.12574],[-71.8228,19.10689],[-71.82619,19.10868],[-71.83677,19.10208],[-71.83834,19.09726],[-71.83523,19.09252],[-71.83746,19.0908],[-71.83713,19.08689],[-71.84293,19.08304],[-71.8469,19.07628],[-71.84435,19.07446],[-71.83942,19.078],[-71.83534,19.07362],[-71.83166,19.06712],[-71.83132,19.04911],[-71.8427,19.03482],[-71.84325,19.02849],[-71.84977,19.01769],[-71.85203,18.99655],[-71.86289,18.98181],[-71.8623,18.97773],[-71.85687,18.97725],[-71.856,18.98291],[-71.85129,18.98721],[-71.85234,18.99302],[-71.84402,18.99136],[-71.84171,19.00019],[-71.83498,19.00086],[-71.83346,19.00592],[-71.83059,19.00442],[-71.82906,18.99559],[-71.82617,18.99355],[-71.81921,18.99695],[-71.80617,18.99838],[-71.80586,19.00291],[-71.79913,19.00518],[-71.79625,18.99974],[-71.7984,18.99619],[-71.78909,18.99328],[-71.78665,18.99718],[-71.79137,19.00095],[-71.79098,19.00797],[-71.78507,19.01234],[-71.78137,19.01083],[-71.77586,19.01302],[-71.77779,19.01634],[-71.78274,19.01755],[-71.77092,19.03181],[-71.76803,19.03189],[-71.76475,19.0263],[-71.76114,19.02743],[-71.76035,19.03],[-71.76388,19.03476],[-71.75476,19.04132],[-71.75228,19.04622],[-71.74676,19.0472],[-71.74053,19.0434],[-71.73779,19.04999],[-71.72336,19.0537],[-71.72853,19.05902],[-71.728,19.06815],[-71.73847,19.07766],[-71.74171,19.09696],[-71.74875,19.10055],[-71.75306,19.10781],[-71.76387,19.11186],[-71.77008,19.12427],[-71.77769,19.12274],[-71.78183,19.12622]]]}},{"type":"Feature","properties":{"adm3_name":"2e Section Mabriole","adm3_pcode":"HT0231-02","adm2_name":"Belle Anse","adm1_name":"South-East"},"geometry":{"type":"Polygon","coordinates":[[[-72.17156,18.34761],[-72.17927,18.34647],[-72.18991,18.35333],[-72.19945,18.35227],[-72.19176,18.33203],[-72.19367,18.32136],[-72.20106,18.31547],[-72.20258,18.30708],[-72.19905,18.3044],[-72.19986,18.30266],[-72.19216,18.29898],[-72.18763,18.29057],[-72.19383,18.28021],[-72.18994,18.27036],[-72.19067,18.26573],[-72.17609,18.26426],[-72.17354,18.24977],[-72.16546,18.23891],[-72.15656,18.23466],[-72.14942,18.23649],[-72.14463,18.23315],[-72.14264,18.24036],[-72.13568,18.24165],[-72.13313,18.2575],[-72.13996,18.26263],[-72.14178,18.26739],[-72.13981,18.29433],[-72.14623,18.30237],[-72.14737,18.31732],[-72.15116,18.32395],[-72.14774,18.33202],[-72.15059,18.33531],[-72.14811,18.33906],[-72.14821,18.34491],[-72.15982,18.34869],[-72.17156,18.34761]]]}},{"type":"Feature","properties":{"adm3_name":"2e Section Mare-Rouge","adm3_pcode":"HT0931-02","adm2_name":"Mole Saint Nicolas","adm1_name":"North-West"},"geometry":{"type":"Polygon","coordinates":[[[-73.2704,19.82679],[-73.27971,19.82758],[-73.29716,19.83485],[-73.29957,19.83304],[-73.30868,19.83454],[-73.31032,19.82809],[-73.30965,19.82468],[-73.30668,19.82322],[-73.30916,19.81167],[-73.30457,19.80239],[-73.31231,19.77982],[-73.30877,19.77228],[-73.2996,19.76339],[-73.29893,19.76918],[-73.28449,19.7788],[-73.27985,19.77286],[-73.26747,19.77832],[-73.26751,19.78177],[-73.26404,19.78368],[-73.25752,19.78392],[-73.26363,19.79618],[-73.26325,19.80175],[-73.25942,19.80368],[-73.26148,19.81202],[-73.26015,19.82058],[-73.26159,19.82325],[-73.2704,19.82679]]]}},{"type":"Feature","properties":{"adm3_name":"2e Section Mare Rouge","adm3_pcode":"HT0912-02","adm2_name":"La Tortue","adm1_name":"North-West"},"geometry":{"type":"Polygon","coordinates":[[[-72.79594,20.08583],[-72.80662,20.0892],[-72.84444,20.08568],[-72.86346,20.08689],[-72.9266,20.07642],[-72.96772,20.06493],[-72.96685,20.06021],[-72.95954,20.0553],[-72.93868,20.0522],[-72.90565,20.04102],[-72.89043,20.03945],[-72.87526,20.03279],[-72.81024,20.02852],[-72.76444,20.01561],[-72.75071,20.0255],[-72.74887,20.03245],[-72.74963,20.06003],[-72.74499,20.06502],[-72.75623,20.06761],[-72.79594,20.08583]]]}},{"type":"Feature","properties":{"adm3_name":"2e Section Marmont","adm3_pcode":"HT0611-02","adm2_name":"Hinche","adm1_name":"Centre"},"geometry":{"type":"Polygon","coordinates":[[[-71.97394,19.12698],[-71.9838,19.13353],[-71.98633,19.13129],[-71.98254,19.12671],[-71.98803,19.12259],[-72.00115,19.11951],[-72.00934,19.11351],[-72.01418,19.11372],[-72.01887,19.10898],[-72.01946,19.10055],[-72.02836,19.08973],[-72.02866,19.08317],[-72.03998,19.07577],[-72.03965,19.06514],[-72.04949,19.05881],[-72.03904,19.06098],[-72.03536,19.06021],[-72.03073,19.05472],[-72.02526,19.05412],[-72.01496,19.05901],[-72.01113,19.06529],[-72.00749,19.06171],[-71.98335,19.05212],[-71.96306,19.03802],[-71.95379,19.03431],[-71.93136,19.01707],[-71.91803,19.02384],[-71.9109,19.02062],[-71.90579,19.02516],[-71.90431,19.03169],[-71.89859,19.03618],[-71.90565,19.04694],[-71.89816,19.04991],[-71.90068,19.055],[-71.91094,19.05515],[-71.90477,19.06427],[-71.90829,19.06898],[-71.9137,19.0702],[-71.90973,19.08012],[-71.91566,19.08361],[-71.91516,19.08695],[-71.91882,19.08746],[-71.91902,19.09478],[-71.92535,19.09849],[-71.92488,19.10057],[-71.92975,19.10539],[-71.92734,19.112],[-71.92797,19.12376],[-71.93198,19.12092],[-71.94009,19.12015],[-71.94438,19.12299],[-71.94398,19.13138],[-71.94605,19.1332],[-71.94836,19.12752],[-71.95409,19.13185],[-71.96204,19.12673],[-71.9641,19.12156],[-71.969,19.12141],[-71.96809,19.12942],[-71.97213,19.12537],[-71.97394,19.12698]]]}},{"type":"Feature","properties":{"adm3_name":"2e Section Martineau","adm3_pcode":"HT0733-02","adm2_name":"Cavaillon","adm1_name":"South"},"geometry":{"type":"Polygon","coordinates":[[[-73.62937,18.34146],[-73.63764,18.34152],[-73.64411,18.34603],[-73.6475,18.35724],[-73.66556,18.36229],[-73.66924,18.3665],[-73.67435,18.36398],[-73.67748,18.3661],[-73.68674,18.36541],[-73.68838,18.36016],[-73.68648,18.35225],[-73.69452,18.34865],[-73.69983,18.3376],[-73.69527,18.32493],[-73.68847,18.31947],[-73.68914,18.31383],[-73.68371,18.31206],[-73.68286,18.3084],[-73.68522,18.30314],[-73.68212,18.29028],[-73.68881,18.28195],[-73.68072,18.26034],[-73.68435,18.25728],[-73.68392,18.254],[-73.69255,18.25503],[-73.6884,18.24987],[-73.67969,18.24885],[-73.68096,18.25313],[-73.67732,18.25544],[-73.67711,18.25202],[-73.67283,18.25287],[-73.66304,18.26283],[-73.6626,18.26946],[-73.65685,18.27447],[-73.65423,18.28348],[-73.65689,18.28498],[-73.65533,18.29929],[-73.64876,18.29573],[-73.63299,18.3101],[-73.63068,18.31489],[-73.62282,18.31798],[-73.62072,18.32383],[-73.62937,18.34146]]]}},{"type":"Feature","properties":{"adm3_name":"2e Section Mathurin","adm3_pcode":"HT0341-02","adm2_name":"Saint-Raphael","adm1_name":"North"},"geometry":{"type":"Polygon","coordinates":[[[-72.19736,19.49909],[-72.21155,19.51387],[-72.21581,19.49081],[-72.20994,19.49232],[-72.20986,19.48828],[-72.20128,19.48218],[-72.2048,19.47847],[-72.20071,19.47115],[-72.20387,19.45387],[-72.20171,19.45528],[-72.19853,19.45351],[-72.19577,19.45015],[-72.19767,19.4463],[-72.19573,19.44407],[-72.18688,19.445],[-72.17746,19.43827],[-72.1731,19.43939],[-72.17021,19.43727],[-72.17162,19.43621],[-72.16774,19.42697],[-72.16391,19.42332],[-72.16105,19.42404],[-72.15922,19.42022],[-72.14967,19.41704],[-72.14909,19.40988],[-72.14323,19.39866],[-72.13883,19.39673],[-72.13373,19.38575],[-72.12737,19.38468],[-72.12744,19.38929],[-72.13385,19.39754],[-72.13161,19.41038],[-72.13419,19.42159],[-72.13881,19.42973],[-72.14303,19.43162],[-72.16738,19.47689],[-72.1838,19.49566],[-72.19392,19.49508],[-72.19736,19.49909]]]}},{"type":"Feature","properties":{"adm3_name":"2e Section Mayance","adm3_pcode":"HT0922-02","adm2_name":"Anse-a-Foleur","adm1_name":"North-West"},"geometry":{"type":"Polygon","coordinates":[[[-72.63559,19.90707],[-72.6408,19.90883],[-72.64661,19.90626],[-72.65307,19.88995],[-72.66654,19.87706],[-72.66171,19.87062],[-72.67111,19.85793],[-72.66114,19.85854],[-72.65637,19.85537],[-72.6422,19.85663],[-72.63893,19.85401],[-72.61542,19.85451],[-72.61117,19.85188],[-72.60123,19.85269],[-72.60997,19.86314],[-72.61083,19.87615],[-72.62204,19.88848],[-72.62216,19.89431],[-72.63164,19.89729],[-72.63597,19.90276],[-72.63559,19.90707]]]}},{"type":"Feature","properties":{"adm3_name":"2e Section Meloniere","adm3_pcode":"HT0713-02","adm2_name":"Chantal","adm1_name":"South"},"geometry":{"type":"Polygon","coordinates":[[[-73.92712,18.22011],[-73.93213,18.23014],[-73.93658,18.23288],[-73.93707,18.23669],[-73.94621,18.23917],[-73.95226,18.24905],[-73.97134,18.23703],[-73.96082,18.22677],[-73.96742,18.22445],[-73.96253,18.21152],[-73.94055,18.1954],[-73.92819,18.19254],[-73.90147,18.17524],[-73.89309,18.17508],[-73.88882,18.18135],[-73.87775,18.1893],[-73.87822,18.20068],[-73.88157,18.20286],[-73.87937,18.20817],[-73.88286,18.20751],[-73.88858,18.20024],[-73.8982,18.20714],[-73.90599,18.20651],[-73.91087,18.2088],[-73.92712,18.22011]]]}},{"type":"Feature","properties":{"adm3_name":"2e Section Morne Chandelle","adm3_pcode":"HT0116-02","adm2_name":"Gressier","adm1_name":"West"},"geometry":{"type":"Polygon","coordinates":[[[-72.50429,18.54566],[-72.51317,18.54898],[-72.51765,18.54543],[-72.5289,18.54708],[-72.53345,18.54517],[-72.5318,18.54209],[-72.53376,18.53806],[-72.53171,18.52872],[-72.52898,18.52638],[-72.53118,18.51936],[-72.5272,18.51321],[-72.52078,18.51178],[-72.51605,18.50721],[-72.51601,18.5101],[-72.51294,18.51066],[-72.50085,18.50911],[-72.49821,18.50464],[-72.49616,18.49865],[-72.49785,18.49131],[-72.50109,18.48909],[-72.50176,18.49219],[-72.50425,18.49135],[-72.50479,18.48741],[-72.5079,18.48611],[-72.50177,18.48202],[-72.50304,18.48061],[-72.49909,18.47607],[-72.49994,18.47257],[-72.48938,18.47214],[-72.46907,18.47628],[-72.44743,18.47498],[-72.44542,18.48173],[-72.45459,18.49388],[-72.4647,18.50001],[-72.46141,18.50154],[-72.47159,18.51502],[-72.48002,18.51656],[-72.48465,18.51433],[-72.48785,18.51986],[-72.49606,18.52305],[-72.49962,18.53888],[-72.50429,18.54566]]]}},{"type":"Feature","properties":{"adm3_name":"2e Section Morne l'Hopital","adm3_pcode":"HT0111-02","adm2_name":"Port-au-Prince","adm1_name":"West"},"geometry":{"type":"Polygon","coordinates":[[[-72.33224,18.52721],[-72.34726,18.52446],[-72.35015,18.51736],[-72.35085,18.49975],[-72.32907,18.50258],[-72.31737,18.50756],[-72.32298,18.51078],[-72.33224,18.52721]]]}},{"type":"Feature","properties":{"adm3_name":"2e Section Morne Pele","adm3_pcode":"HT0312-02","adm2_name":"Quartier Morin","adm1_name":"North"},"geometry":{"type":"Polygon","coordinates":[[[-72.17173,19.69635],[-72.18614,19.69732],[-72.18745,19.67717],[-72.19327,19.66338],[-72.19287,19.65778],[-72.18742,19.65667],[-72.18717,19.6545],[-72.18869,19.64773],[-72.19515,19.64657],[-72.19779,19.62389],[-72.1888,19.62269],[-72.18901,19.62106],[-72.20032,19.61272],[-72.19937,19.60701],[-72.20704,19.60391],[-72.20443,19.59624],[-72.1826,19.60984],[-72.17368,19.62064],[-72.16707,19.62396],[-72.16868,19.62913],[-72.17682,19.63267],[-72.17465,19.6383],[-72.16903,19.64183],[-72.16635,19.64653],[-72.16807,19.64978],[-72.15772,19.65709],[-72.15583,19.66354],[-72.14149,19.67889],[-72.14306,19.68892],[-72.15869,19.69287],[-72.15853,19.69667],[-72.17173,19.69635]]]}},{"type":"Feature","properties":{"adm3_name":"2e Section Nan Sevre","adm3_pcode":"HT0753-02","adm2_name":"Tiburon","adm1_name":"South"},"geometry":{"type":"Polygon","coordinates":[[[-74.27976,18.38474],[-74.29392,18.39474],[-74.29615,18.39181],[-74.29609,18.37901],[-74.31288,18.36144],[-74.31425,18.35473],[-74.30972,18.34893],[-74.31459,18.33896],[-74.31601,18.32988],[-74.30196,18.33218],[-74.29036,18.32586],[-74.2755,18.33599],[-74.26309,18.33733],[-74.25521,18.34377],[-74.23954,18.34998],[-74.22821,18.3504],[-74.22971,18.35547],[-74.22797,18.3621],[-74.24404,18.37523],[-74.26034,18.37649],[-74.26507,18.38137],[-74.27701,18.38136],[-74.27976,18.38474]]]}},{"type":"Feature","properties":{"adm3_name":"2e Section Narang","adm3_pcode":"HT0612-02","adm2_name":"Maissade","adm1_name":"Centre"},"geometry":{"type":"Polygon","coordinates":[[[-72.08648,19.17572],[-72.09232,19.17527],[-72.09678,19.18018],[-72.10244,19.17963],[-72.10103,19.18409],[-72.10518,19.18635],[-72.11201,19.17955],[-72.11551,19.17921],[-72.11974,19.17145],[-72.11992,19.17645],[-72.1249,19.17607],[-72.12475,19.17343],[-72.13,19.17079],[-72.13381,19.17362],[-72.14309,19.17338],[-72.14668,19.17972],[-72.15047,19.17487],[-72.14876,19.16715],[-72.15469,19.16039],[-72.15169,19.15471],[-72.15191,19.14845],[-72.15823,19.13079],[-72.16057,19.13027],[-72.16126,19.11624],[-72.18854,19.11692],[-72.19761,19.12072],[-72.20715,19.12948],[-72.2196,19.13095],[-72.22078,19.12724],[-72.24016,19.11724],[-72.23853,19.09992],[-72.22176,19.08344],[-72.21437,19.08015],[-72.20493,19.08104],[-72.20093,19.07823],[-72.19142,19.08067],[-72.18884,19.07769],[-72.18794,19.0869],[-72.18519,19.08861],[-72.179,19.08559],[-72.17585,19.08807],[-72.16863,19.10321],[-72.15972,19.10487],[-72.15089,19.11025],[-72.13892,19.10246],[-72.13539,19.10366],[-72.1252,19.11876],[-72.12227,19.13294],[-72.10684,19.14458],[-72.10635,19.15257],[-72.0953,19.16067],[-72.08648,19.17572]]]}},{"type":"Feature","properties":{"adm3_name":"2e Section Passe-Reine ou Bas d'Ennery","adm3_pcode":"HT0512-02","adm2_name":"Ennery","adm1_name":"Artibonite"},"geometry":{"type":"Polygon","coordinates":[[[-72.58486,19.52902],[-72.59412,19.5287],[-72.59332,19.5228],[-72.59107,19.51792],[-72.58215,19.51123],[-72.57591,19.4985],[-72.56409,19.49101],[-72.55922,19.49115],[-72.55776,19.4942],[-72.5408,19.49263],[-72.5374,19.49139],[-72.53512,19.48619],[-72.52639,19.48394],[-72.52391,19.47177],[-72.5186,19.46438],[-72.51423,19.46422],[-72.50974,19.46036],[-72.50139,19.46035],[-72.49716,19.44154],[-72.49336,19.43897],[-72.49075,19.44519],[-72.47923,19.44886],[-72.47665,19.45307],[-72.46566,19.45897],[-72.46452,19.469],[-72.46211,19.47209],[-72.46877,19.47488],[-72.46734,19.48179],[-72.4702,19.48279],[-72.47517,19.47828],[-72.48492,19.47975],[-72.48964,19.48645],[-72.49051,19.49361],[-72.49687,19.49547],[-72.49763,19.49938],[-72.50608,19.50226],[-72.5074,19.50662],[-72.50445,19.51016],[-72.50854,19.51523],[-72.51458,19.51109],[-72.51982,19.51571],[-72.52681,19.51362],[-72.54471,19.51382],[-72.56183,19.52403],[-72.57551,19.52699],[-72.58008,19.52574],[-72.58486,19.52902]]]}},{"type":"Feature","properties":{"adm3_name":"2e Section Petit Howars (la Fange)","adm3_pcode":"HT0362-02","adm2_name":"Bas Limbe","adm1_name":"North"},"geometry":{"type":"Polygon","coordinates":[[[-72.38073,19.81632],[-72.38831,19.81718],[-72.38622,19.80961],[-72.39506,19.8043],[-72.40807,19.80458],[-72.41849,19.80843],[-72.41665,19.80073],[-72.42214,19.7951],[-72.41435,19.77833],[-72.40642,19.77436],[-72.40372,19.76949],[-72.4179,19.76649],[-72.41866,19.75735],[-72.42428,19.74849],[-72.42388,19.7454],[-72.41097,19.74117],[-72.40835,19.73541],[-72.39051,19.7327],[-72.38133,19.73541],[-72.38005,19.73904],[-72.37839,19.73562],[-72.37061,19.73737],[-72.37397,19.74082],[-72.37589,19.75618],[-72.37133,19.76045],[-72.36822,19.76967],[-72.36372,19.7725],[-72.36377,19.77571],[-72.3594,19.77478],[-72.35936,19.7808],[-72.35401,19.78278],[-72.35863,19.78763],[-72.37238,19.79491],[-72.37927,19.80213],[-72.38217,19.80754],[-72.38073,19.81632]]]}},{"type":"Feature","properties":{"adm3_name":"2e Section Petite Desdunes","adm3_pcode":"HT0513-02","adm2_name":"L'Estere","adm1_name":"Artibonite"},"geometry":{"type":"Polygon","coordinates":[[[-72.71744,19.41519],[-72.71371,19.42263],[-72.71768,19.43138],[-72.7236,19.42705],[-72.72689,19.42008],[-72.72967,19.40311],[-72.71559,19.39694],[-72.71244,19.393],[-72.71112,19.38659],[-72.72357,19.37131],[-72.71871,19.3602],[-72.71187,19.36039],[-72.71034,19.35564],[-72.70222,19.3509],[-72.7015,19.34475],[-72.69632,19.33942],[-72.68031,19.33496],[-72.66387,19.32535],[-72.65686,19.31642],[-72.6514,19.31646],[-72.64657,19.3038],[-72.62961,19.30202],[-72.62347,19.30417],[-72.61674,19.29873],[-72.61153,19.30067],[-72.6104,19.29916],[-72.60236,19.31839],[-72.59083,19.32936],[-72.58965,19.33404],[-72.58219,19.34255],[-72.58514,19.36387],[-72.594,19.3786],[-72.59293,19.39132],[-72.59623,19.39952],[-72.60629,19.40481],[-72.61541,19.40203],[-72.61998,19.40474],[-72.62364,19.4018],[-72.62671,19.39385],[-72.63061,19.39212],[-72.65594,19.40333],[-72.67395,19.39238],[-72.68524,19.40316],[-72.702,19.39337],[-72.7104,19.40167],[-72.70446,19.40984],[-72.71744,19.41519]]]}},{"type":"Feature","properties":{"adm3_name":"2e Section Petite Riviere","adm3_pcode":"HT0121-02","adm2_name":"Leogane","adm1_name":"West"},"geometry":{"type":"Polygon","coordinates":[[[-72.57551,18.56437],[-72.58126,18.565],[-72.59911,18.55921],[-72.60483,18.55976],[-72.62632,18.55111],[-72.65265,18.52202],[-72.62791,18.51132],[-72.62154,18.5051],[-72.59852,18.51835],[-72.56651,18.5316],[-72.5573,18.52971],[-72.54607,18.54998],[-72.55247,18.55295],[-72.55339,18.56087],[-72.55967,18.56028],[-72.56433,18.56315],[-72.57551,18.56437]]]}},{"type":"Feature","properties":{"adm3_name":"2e Section Petite Source","adm3_pcode":"HT0151-02","adm2_name":"Anse a Galets","adm1_name":"West"},"geometry":{"type":"Polygon","coordinates":[[[-72.86298,18.83541],[-72.86797,18.84037],[-72.88562,18.84193],[-72.89285,18.84794],[-72.92064,18.85111],[-72.92546,18.85456],[-72.9344,18.85622],[-72.9372,18.85452],[-72.94466,18.8616],[-72.94782,18.86105],[-72.94838,18.85166],[-72.951,18.84774],[-72.94339,18.83815],[-72.94423,18.83459],[-72.94098,18.83251],[-72.94584,18.81874],[-72.94438,18.8139],[-72.96093,18.7906],[-72.95543,18.78204],[-72.95812,18.77314],[-72.96866,18.76766],[-72.97118,18.75747],[-72.97651,18.75481],[-72.97726,18.75045],[-72.98255,18.74732],[-72.98219,18.74214],[-72.96855,18.74146],[-72.96571,18.75225],[-72.94966,18.75923],[-72.94575,18.76656],[-72.93032,18.77064],[-72.92311,18.77798],[-72.895,18.79072],[-72.88923,18.8006],[-72.88144,18.80119],[-72.87645,18.81396],[-72.86946,18.82145],[-72.86298,18.83541]]]}},{"type":"Feature","properties":{"adm3_name":"2e Section Plaine Celeste","adm3_pcode":"HT0134-02","adm2_name":"Cornillon / Grand Bois","adm1_name":"West"},"geometry":{"type":"Polygon","coordinates":[[[-71.97879,18.71756],[-71.9852,18.71996],[-71.98604,18.7174],[-71.99906,18.71667],[-71.99886,18.71445],[-71.9976,18.71085],[-71.98928,18.70645],[-71.98735,18.70278],[-71.98355,18.70429],[-71.98015,18.70196],[-71.97181,18.69032],[-71.96417,18.68783],[-71.96336,18.68016],[-71.9579,18.67331],[-71.96028,18.66982],[-71.95399,18.66754],[-71.95374,18.66558],[-71.9638,18.65473],[-71.9446,18.64804],[-71.92766,18.63536],[-71.92153,18.63728],[-71.91174,18.64851],[-71.92409,18.65738],[-71.92226,18.65993],[-71.91319,18.66633],[-71.90494,18.66308],[-71.89852,18.66578],[-71.89817,18.6683],[-71.90474,18.67288],[-71.90319,18.68545],[-71.90783,18.68451],[-71.90934,18.68723],[-71.93435,18.69598],[-71.93931,18.69883],[-71.93996,18.70297],[-71.94562,18.70305],[-71.97879,18.71756]]]}},{"type":"Feature","properties":{"adm3_name":"2e Section Platon Dufrene","adm3_pcode":"HT0113-02","adm2_name":"Carrefour","adm1_name":"West"},"geometry":{"type":"Polygon","coordinates":[[[-72.3836,18.51677],[-72.38731,18.50597],[-72.39652,18.50903],[-72.39715,18.5133],[-72.40291,18.51491],[-72.40894,18.50924],[-72.41174,18.50994],[-72.41404,18.48675],[-72.39718,18.48174],[-72.37403,18.48468],[-72.36247,18.48987],[-72.35124,18.49161],[-72.35302,18.4977],[-72.36659,18.49808],[-72.37324,18.494],[-72.38075,18.49734],[-72.38341,18.50486],[-72.3836,18.51677]]]}},{"type":"Feature","properties":{"adm3_name":"2e Section Pot de Chambre","adm3_pcode":"HT0233-02","adm2_name":"Thiotte","adm1_name":"South-East"},"geometry":{"type":"Polygon","coordinates":[[[-71.87009,18.22693],[-71.88021,18.22502],[-71.88648,18.22869],[-71.89129,18.22829],[-71.89403,18.23219],[-71.919,18.20615],[-71.91574,18.19642],[-71.91946,18.18448],[-71.91241,18.17625],[-71.91168,18.17027],[-71.90192,18.16825],[-71.89325,18.15789],[-71.88449,18.15617],[-71.8799,18.1493],[-71.87047,18.14656],[-71.86159,18.13889],[-71.85447,18.12781],[-71.85443,18.13349],[-71.84578,18.14385],[-71.84252,18.15369],[-71.84142,18.17637],[-71.82768,18.17976],[-71.82476,18.18955],[-71.81857,18.19748],[-71.81903,18.20046],[-71.83081,18.21756],[-71.84072,18.21582],[-71.84906,18.22156],[-71.8567,18.22167],[-71.8575,18.22411],[-71.87009,18.22693]]]}},{"type":"Feature","properties":{"adm3_name":"2e Section Renaudin","adm3_pcode":"HT0743-02","adm2_name":"Roche a Bateau","adm1_name":"South"},"geometry":{"type":"Polygon","coordinates":[[[-73.95273,18.2038],[-73.96253,18.21152],[-73.96634,18.20721],[-73.97834,18.20349],[-73.99154,18.20293],[-73.99407,18.20538],[-73.99844,18.19133],[-73.99716,18.18834],[-74.00761,18.18292],[-74.00389,18.18121],[-73.97291,18.19005],[-73.95273,18.2038]]]}},{"type":"Feature","properties":{"adm3_name":"2e Section Riviere Mancelle","adm3_pcode":"HT0521-02","adm2_name":"Gros Morne","adm1_name":"Artibonite"},"geometry":{"type":"Polygon","coordinates":[[[-72.61434,19.75675],[-72.62338,19.75695],[-72.62648,19.7459],[-72.62351,19.74545],[-72.62279,19.74116],[-72.63207,19.73525],[-72.63211,19.72971],[-72.63737,19.72511],[-72.64924,19.71966],[-72.64688,19.7115],[-72.66256,19.70856],[-72.66541,19.7037],[-72.66924,19.7026],[-72.67895,19.68256],[-72.67872,19.67663],[-72.66926,19.66595],[-72.66164,19.66412],[-72.65012,19.66786],[-72.64432,19.67812],[-72.63065,19.68299],[-72.62302,19.69232],[-72.61598,19.69324],[-72.61582,19.69757],[-72.61168,19.70144],[-72.61019,19.70046],[-72.59768,19.71435],[-72.59809,19.72419],[-72.60628,19.7468],[-72.61434,19.75675]]]}},{"type":"Feature","properties":{"adm3_name":"2e Section Rose Bonite","adm3_pcode":"HT0442-02","adm2_name":"Carice","adm1_name":"North-East"},"geometry":{"type":"Polygon","coordinates":[[[-71.82703,19.37715],[-71.82679,19.37977],[-71.83687,19.37134],[-71.83255,19.35834],[-71.83681,19.3551],[-71.83188,19.34624],[-71.83561,19.34374],[-71.81407,19.32754],[-71.80682,19.31662],[-71.80811,19.31225],[-71.80548,19.30932],[-71.8022,19.31159],[-71.79686,19.30949],[-71.7865,19.2902],[-71.78115,19.28814],[-71.78248,19.28441],[-71.76605,19.27595],[-71.75927,19.27547],[-71.75306,19.27968],[-71.75521,19.28143],[-71.75326,19.28834],[-71.75646,19.2914],[-71.76109,19.29157],[-71.76031,19.29589],[-71.75609,19.29908],[-71.75953,19.30366],[-71.76427,19.30369],[-71.76272,19.30753],[-71.76971,19.31767],[-71.76869,19.32004],[-71.77376,19.3205],[-71.77915,19.32913],[-71.79849,19.33491],[-71.80588,19.3464],[-71.80829,19.35612],[-71.81135,19.35894],[-71.81332,19.35787],[-71.81472,19.3652],[-71.81897,19.36632],[-71.82703,19.37715]]]}},{"type":"Feature","properties":{"adm3_name":"2e Section Roucou","adm3_pcode":"HT0431-02","adm2_name":"Trou du Nord","adm1_name":"North-East"},"geometry":{"type":"Polygon","coordinates":[[[-71.94362,19.55821],[-71.94331,19.5606],[-71.95104,19.5679],[-71.95635,19.56958],[-71.97327,19.58716],[-71.97412,19.59173],[-71.97932,19.59676],[-71.97746,19.60199],[-71.98571,19.61291],[-71.99385,19.61014],[-72.00816,19.59872],[-71.99927,19.59098],[-71.99789,19.58618],[-72.00142,19.58445],[-71.99954,19.58155],[-72.00311,19.57882],[-72.00413,19.5716],[-72.01107,19.56148],[-72.00459,19.55156],[-72.00931,19.54294],[-72.02646,19.5348],[-72.01904,19.52584],[-72.00001,19.52362],[-71.96952,19.50828],[-71.96972,19.51466],[-71.96391,19.52294],[-71.97606,19.53338],[-71.97732,19.53944],[-71.96925,19.54111],[-71.95895,19.53941],[-71.95393,19.5422],[-71.95195,19.54814],[-71.94684,19.55066],[-71.93535,19.54999],[-71.94362,19.55821]]]}},{"type":"Feature","properties":{"adm3_name":"2e Section Roye-Sec","adm3_pcode":"HT0632-02","adm2_name":"Belladere","adm1_name":"Centre"},"geometry":{"type":"Polygon","coordinates":[[[-71.83484,18.96595],[-71.83547,18.97001],[-71.83956,18.96933],[-71.84419,18.96331],[-71.83988,18.95842],[-71.84548,18.95759],[-71.8462,18.96263],[-71.84852,18.96354],[-71.85436,18.95457],[-71.861,18.96369],[-71.86284,18.95525],[-71.86108,18.94772],[-71.86869,18.94621],[-71.87508,18.949],[-71.87973,18.94184],[-71.88309,18.94267],[-71.89097,18.9172],[-71.89003,18.91233],[-71.88704,18.91078],[-71.88322,18.9132],[-71.88543,18.90558],[-71.90579,18.8916],[-71.90581,18.88789],[-71.9144,18.88632],[-71.9155,18.87987],[-71.91146,18.88053],[-71.90573,18.87483],[-71.90188,18.87375],[-71.89063,18.87952],[-71.89276,18.87564],[-71.8886,18.87388],[-71.89916,18.8678],[-71.9037,18.86123],[-71.9034,18.85353],[-71.89637,18.84125],[-71.88484,18.85077],[-71.87046,18.85558],[-71.87368,18.86547],[-71.86261,18.87313],[-71.8456,18.86785],[-71.84227,18.87313],[-71.83778,18.87418],[-71.83223,18.86901],[-71.81356,18.8709],[-71.8165,18.89438],[-71.81927,18.89768],[-71.81807,18.90363],[-71.81027,18.90548],[-71.80138,18.91288],[-71.79926,18.91901],[-71.79132,18.92768],[-71.78767,18.92524],[-71.77432,18.92482],[-71.78291,18.94835],[-71.78116,18.95442],[-71.79084,18.95803],[-71.79484,18.95269],[-71.79693,18.95698],[-71.80229,18.95442],[-71.80476,18.95909],[-71.81195,18.95971],[-71.81436,18.96481],[-71.8182,18.96278],[-71.82612,18.96398],[-71.82219,18.96753],[-71.82291,18.96941],[-71.83316,18.96286],[-71.83484,18.96595]]]}},{"type":"Feature","properties":{"adm3_name":"2e Section Sarazin","adm3_pcode":"HT0621-02","adm2_name":"Mirebalais","adm1_name":"Centre"},"geometry":{"type":"Polygon","coordinates":[[[-72.06499,18.90134],[-72.0749,18.90683],[-72.08699,18.89295],[-72.08854,18.88118],[-72.09186,18.88344],[-72.10046,18.87805],[-72.10114,18.87593],[-72.09584,18.87345],[-72.09562,18.86112],[-72.08783,18.86154],[-72.0837,18.85907],[-72.08637,18.85204],[-72.09604,18.84671],[-72.09921,18.83882],[-72.103,18.83838],[-72.10162,18.83419],[-72.08855,18.82959],[-72.07692,18.82168],[-72.05687,18.80454],[-72.05097,18.79397],[-72.03489,18.79339],[-72.02995,18.78436],[-72.02761,18.78252],[-72.02283,18.78378],[-72.02468,18.78003],[-72.02187,18.78082],[-72.0202,18.77648],[-72.01744,18.77881],[-72.01604,18.77647],[-72.01417,18.78152],[-72.00561,18.78374],[-72.00496,18.78005],[-71.98801,18.77912],[-71.96126,18.76357],[-71.95353,18.7619],[-71.94488,18.75319],[-71.9386,18.75287],[-71.94381,18.76603],[-71.95219,18.77615],[-71.96318,18.78009],[-71.96973,18.7922],[-71.96877,18.7959],[-71.97651,18.81296],[-71.98192,18.81275],[-71.99557,18.82605],[-72.00265,18.82791],[-72.02482,18.84269],[-72.02871,18.85204],[-72.03642,18.86071],[-72.04058,18.87307],[-72.05944,18.89163],[-72.06472,18.89308],[-72.06499,18.90134]]]}},{"type":"Feature","properties":{"adm3_name":"2e Section Solon","adm3_pcode":"HT0331-02","adm2_name":"Grande Riviere Du Nord","adm1_name":"North"},"geometry":{"type":"Polygon","coordinates":[[[-72.15129,19.59876],[-72.15332,19.60084],[-72.15936,19.59973],[-72.16866,19.58348],[-72.16283,19.57313],[-72.16122,19.55704],[-72.15029,19.55769],[-72.15105,19.55463],[-72.14721,19.55178],[-72.1468,19.54763],[-72.14125,19.54861],[-72.13822,19.54594],[-72.135,19.55183],[-72.13576,19.55591],[-72.12424,19.55265],[-72.11356,19.55789],[-72.111,19.5674],[-72.11529,19.57525],[-72.12003,19.57494],[-72.11839,19.57981],[-72.12214,19.58557],[-72.12117,19.58882],[-72.13276,19.5895],[-72.13837,19.59713],[-72.14529,19.59534],[-72.14718,19.5987],[-72.15129,19.59876]]]}},{"type":"Feature","properties":{"adm3_name":"2e Section Sources Chaudes","adm3_pcode":"HT0523-02","adm2_name":"Anse Rouge","adm1_name":"Artibonite"},"geometry":{"type":"Polygon","coordinates":[[[-72.86566,19.67185],[-72.8772,19.67548],[-72.87689,19.67267],[-72.89127,19.66798],[-72.9042,19.65177],[-72.90269,19.64615],[-72.90425,19.64424],[-72.92731,19.63141],[-72.9321,19.63286],[-72.95507,19.62801],[-72.96104,19.61936],[-72.96589,19.62018],[-72.97369,19.61073],[-72.98799,19.60227],[-72.99147,19.59586],[-72.98079,19.59011],[-72.97848,19.59565],[-72.97838,19.58723],[-72.96801,19.58023],[-72.96368,19.57976],[-72.96045,19.57464],[-72.9209,19.56214],[-72.90239,19.55348],[-72.89005,19.54452],[-72.88671,19.54561],[-72.88702,19.54161],[-72.87161,19.54083],[-72.85684,19.53299],[-72.84846,19.53112],[-72.83307,19.51614],[-72.82185,19.51427],[-72.80509,19.50114],[-72.79321,19.511],[-72.79075,19.51869],[-72.78502,19.52224],[-72.7829,19.52816],[-72.78728,19.53735],[-72.7987,19.54199],[-72.80418,19.54083],[-72.81109,19.54491],[-72.81877,19.54467],[-72.83633,19.57361],[-72.83935,19.5755],[-72.84317,19.57408],[-72.84544,19.57709],[-72.83312,19.58115],[-72.83243,19.58512],[-72.82587,19.5873],[-72.82048,19.59391],[-72.83836,19.6007],[-72.85691,19.61921],[-72.87628,19.63144],[-72.87802,19.63573],[-72.88198,19.63409],[-72.88025,19.63826],[-72.89075,19.64474],[-72.88319,19.64681],[-72.87985,19.64443],[-72.87443,19.64671],[-72.86779,19.65821],[-72.85532,19.66216],[-72.85764,19.67142],[-72.86566,19.67185]]]}},{"type":"Feature","properties":{"adm3_name":"2e Section Sources Chaudes","adm3_pcode":"HT0814-02","adm2_name":"Moron","adm1_name":"Grande'Anse"},"geometry":{"type":"Polygon","coordinates":[[[-74.22709,18.57264],[-74.2323,18.57211],[-74.23317,18.56548],[-74.23615,18.56295],[-74.24158,18.56497],[-74.25508,18.56188],[-74.25326,18.55907],[-74.2573,18.55699],[-74.25789,18.55236],[-74.2536,18.55195],[-74.2532,18.54871],[-74.25951,18.54881],[-74.25884,18.54352],[-74.2644,18.54],[-74.27358,18.53921],[-74.27283,18.53482],[-74.27484,18.53329],[-74.27187,18.52923],[-74.28144,18.53038],[-74.28315,18.52988],[-74.28225,18.52674],[-74.28641,18.52668],[-74.28587,18.52227],[-74.29512,18.52301],[-74.29114,18.51572],[-74.286,18.51181],[-74.2826,18.50073],[-74.28648,18.49458],[-74.28926,18.49453],[-74.29012,18.4849],[-74.28701,18.48803],[-74.28413,18.48389],[-74.28708,18.48131],[-74.28585,18.47918],[-74.27821,18.47906],[-74.28291,18.47394],[-74.28157,18.47042],[-74.28404,18.45971],[-74.28865,18.46021],[-74.28717,18.45006],[-74.29012,18.4466],[-74.28921,18.44491],[-74.28235,18.44681],[-74.28375,18.44299],[-74.27991,18.44171],[-74.28029,18.43921],[-74.28541,18.43919],[-74.28514,18.43724],[-74.28175,18.43363],[-74.2816,18.42864],[-74.2783,18.42809],[-74.27936,18.4234],[-74.27729,18.42393],[-74.27184,18.4092],[-74.27683,18.40285],[-74.27694,18.3984],[-74.28249,18.39936],[-74.28491,18.39679],[-74.27205,18.38207],[-74.26507,18.38137],[-74.26034,18.37649],[-74.25025,18.3748],[-74.22289,18.38005],[-74.22081,18.38348],[-74.22323,18.38828],[-74.21746,18.39202],[-74.21708,18.40211],[-74.21499,18.40396],[-74.2189,18.40652],[-74.21696,18.41914],[-74.22541,18.43594],[-74.22302,18.45076],[-74.21648,18.46053],[-74.21715,18.46333],[-74.22044,18.4652],[-74.23567,18.45751],[-74.24193,18.45729],[-74.24476,18.45864],[-74.24586,18.46803],[-74.25334,18.47767],[-74.24145,18.49408],[-74.22779,18.50235],[-74.23327,18.51049],[-74.22999,18.51718],[-74.23073,18.52544],[-74.22466,18.53485],[-74.22325,18.54169],[-74.22565,18.54386],[-74.22358,18.55195],[-74.22709,18.57264]]]}},{"type":"Feature","properties":{"adm3_name":"2e Section Tete-a-Boeuf","adm3_pcode":"HT0123-02","adm2_name":"Grand-Goave","adm1_name":"West"},"geometry":{"type":"Polygon","coordinates":[[[-72.8076,18.38662],[-72.8142,18.38916],[-72.8215,18.37588],[-72.81456,18.36978],[-72.8081,18.3699],[-72.8058,18.36433],[-72.80875,18.35913],[-72.81587,18.35989],[-72.82086,18.36925],[-72.83137,18.3648],[-72.82478,18.35532],[-72.82537,18.3531],[-72.84295,18.34857],[-72.84295,18.33894],[-72.847,18.33422],[-72.84576,18.33118],[-72.84944,18.32945],[-72.84683,18.32443],[-72.83215,18.319],[-72.82917,18.31423],[-72.83633,18.31141],[-72.8365,18.3083],[-72.83915,18.30898],[-72.84535,18.29997],[-72.83353,18.29788],[-72.83058,18.29169],[-72.82435,18.28745],[-72.80864,18.28678],[-72.80342,18.2819],[-72.7999,18.28706],[-72.8039,18.30094],[-72.80008,18.30928],[-72.79807,18.31044],[-72.79103,18.30509],[-72.78501,18.31088],[-72.77069,18.31215],[-72.7708,18.32175],[-72.7689,18.33153],[-72.76578,18.33333],[-72.76525,18.34195],[-72.76627,18.35624],[-72.77397,18.35952],[-72.77335,18.37109],[-72.78297,18.37417],[-72.79724,18.38554],[-72.8076,18.38662]]]}},{"type":"Feature","properties":{"adm3_name":"2e Section Tete d'Eau","adm3_pcode":"HT1031-02","adm2_name":"Baraderes","adm1_name":"Nippes"},"geometry":{"type":"Polygon","coordinates":[[[-73.6656,18.44923],[-73.6735,18.46069],[-73.68032,18.45303],[-73.68083,18.45001],[-73.67816,18.44748],[-73.68512,18.44488],[-73.69156,18.43814],[-73.71131,18.44195],[-73.71279,18.44675],[-73.71742,18.44876],[-73.72439,18.4454],[-73.73968,18.44496],[-73.74953,18.43907],[-73.76338,18.44355],[-73.7758,18.44222],[-73.7789,18.4413],[-73.78002,18.42395],[-73.771,18.41768],[-73.75916,18.4235],[-73.74349,18.42059],[-73.73779,18.41599],[-73.72146,18.41473],[-73.70695,18.42111],[-73.70234,18.42007],[-73.68197,18.40009],[-73.67669,18.39799],[-73.67156,18.40291],[-73.67203,18.43074],[-73.66993,18.43019],[-73.66816,18.43334],[-73.6656,18.44923]]]}},{"type":"Feature","properties":{"adm3_name":"2e Section Tiby","adm3_pcode":"HT1022-02","adm2_name":"Petit Trou de Nippes","adm1_name":"Nippes"},"geometry":{"type":"Polygon","coordinates":[[[-73.52052,18.52924],[-73.52583,18.52573],[-73.52566,18.51895],[-73.52813,18.51756],[-73.53189,18.52068],[-73.53017,18.52296],[-73.53891,18.52403],[-73.5363,18.52117],[-73.5391,18.51987],[-73.54323,18.52234],[-73.54823,18.52048],[-73.55905,18.50986],[-73.56278,18.50902],[-73.56176,18.51115],[-73.56403,18.51297],[-73.56411,18.50809],[-73.56751,18.50918],[-73.57484,18.50149],[-73.57981,18.48888],[-73.59258,18.48202],[-73.5954,18.47293],[-73.58667,18.46284],[-73.55485,18.4678],[-73.52302,18.46411],[-73.51118,18.43799],[-73.51274,18.4362],[-73.50767,18.43446],[-73.49529,18.43649],[-73.49212,18.43756],[-73.48922,18.448],[-73.50129,18.45333],[-73.50318,18.45905],[-73.50044,18.47249],[-73.5033,18.5001],[-73.5004,18.51851],[-73.5115,18.52841],[-73.51246,18.52616],[-73.52052,18.52924]]]}},{"type":"Feature","properties":{"adm3_name":"2e Section Tierra Muscady","adm3_pcode":"HT0613-02","adm2_name":"Thomonde","adm1_name":"Centre"},"geometry":{"type":"Polygon","coordinates":[[[-71.88944,19.03862],[-71.89859,19.03618],[-71.90431,19.03169],[-71.90579,19.02516],[-71.9109,19.02062],[-71.91803,19.02384],[-71.93136,19.01707],[-71.94574,19.02863],[-71.94658,19.02152],[-71.93692,19.01426],[-71.93477,19.01147],[-71.9358,19.00788],[-71.93022,19.00586],[-71.9264,18.99522],[-71.92956,18.99234],[-71.94053,18.99139],[-71.94742,18.99344],[-71.95644,18.98825],[-71.96097,18.97535],[-71.95589,18.96585],[-71.95999,18.96034],[-71.97327,18.95218],[-71.97445,18.94861],[-71.95141,18.9408],[-71.93941,18.95202],[-71.91763,18.94584],[-71.90707,18.95279],[-71.89018,18.95383],[-71.88331,18.95147],[-71.88548,18.95961],[-71.87924,18.95683],[-71.87484,18.95826],[-71.87595,18.97204],[-71.86875,18.97454],[-71.86817,18.98193],[-71.87419,18.98354],[-71.87505,18.98585],[-71.86902,18.98797],[-71.86966,18.99098],[-71.86621,18.99464],[-71.87101,18.99387],[-71.87232,18.99561],[-71.86803,19.00157],[-71.87071,19.00259],[-71.87049,19.00544],[-71.86636,19.00698],[-71.86671,19.0132],[-71.85747,19.01751],[-71.85641,19.0219],[-71.86035,19.0262],[-71.86482,19.02407],[-71.86495,19.0349],[-71.87094,19.0347],[-71.87276,19.02816],[-71.87647,19.02678],[-71.87785,19.03536],[-71.88277,19.03599],[-71.88789,19.03279],[-71.88944,19.03862]]]}},{"type":"Feature","properties":{"adm3_name":"2e Section Trou Mahot","adm3_pcode":"HT0221-02","adm2_name":"Bainet","adm1_name":"South-East"},"geometry":{"type":"Polygon","coordinates":[[[-72.70678,18.26936],[-72.71512,18.26841],[-72.71586,18.26536],[-72.71738,18.2676],[-72.72491,18.26251],[-72.72872,18.25431],[-72.72769,18.25008],[-72.73353,18.24433],[-72.73569,18.22828],[-72.73141,18.21996],[-72.73296,18.20973],[-72.731,18.20699],[-72.73318,18.20572],[-72.73077,18.19997],[-72.74683,18.18979],[-72.74673,18.18251],[-72.74164,18.181],[-72.74192,18.17899],[-72.73272,18.17963],[-72.71975,18.175],[-72.71305,18.17497],[-72.70095,18.18199],[-72.69911,18.18566],[-72.70234,18.19013],[-72.70049,18.20284],[-72.70382,18.21482],[-72.70064,18.21544],[-72.69808,18.2274],[-72.70293,18.23583],[-72.69951,18.24982],[-72.7058,18.25922],[-72.69302,18.25465],[-72.68602,18.24952],[-72.6824,18.24904],[-72.68236,18.25169],[-72.68495,18.25715],[-72.69378,18.26234],[-72.70402,18.26309],[-72.70443,18.26894],[-72.70678,18.26936]]]}},{"type":"Feature","properties":{"adm3_name":"2e Source Beauvoir","adm3_pcode":"HT0914-02","adm2_name":"Chamsolme","adm1_name":"North-West"},"geometry":{"type":"Polygon","coordinates":[[[-72.77648,19.84294],[-72.77448,19.86082],[-72.77173,19.86502],[-72.78959,19.85486],[-72.79797,19.84267],[-72.81242,19.85842],[-72.82676,19.86199],[-72.84093,19.86337],[-72.8415,19.86124],[-72.85248,19.85853],[-72.85672,19.85269],[-72.8473,19.84338],[-72.83428,19.84229],[-72.83437,19.83762],[-72.84047,19.83284],[-72.84569,19.83322],[-72.84852,19.82969],[-72.8439,19.81999],[-72.83685,19.82133],[-72.81752,19.81763],[-72.79269,19.82944],[-72.78354,19.83082],[-72.78005,19.83343],[-72.77988,19.83964],[-72.77648,19.84294]]]}},{"type":"Feature","properties":{"adm3_name":"3e Section Aguahedionde (Rive Droite)","adm3_pcode":"HT0611-03","adm2_name":"Hinche","adm1_name":"Centre"},"geometry":{"type":"Polygon","coordinates":[[[-71.8865,19.20228],[-71.90017,19.19873],[-71.90487,19.19337],[-71.91821,19.18615],[-71.92847,19.18547],[-71.93846,19.18866],[-71.94788,19.19824],[-71.95312,19.19788],[-71.95695,19.20135],[-71.95751,19.20658],[-71.96194,19.20568],[-71.97283,19.21956],[-71.97153,19.22455],[-71.98558,19.22339],[-71.98688,19.22007],[-71.98495,19.2171],[-71.98707,19.21495],[-71.98222,19.21164],[-71.98825,19.20891],[-71.98816,19.20199],[-71.98532,19.20175],[-71.98878,19.19525],[-71.99093,19.19621],[-71.99408,19.19225],[-71.98836,19.18597],[-71.98814,19.18388],[-71.99108,19.18406],[-71.99091,19.18139],[-71.98809,19.18128],[-71.98965,19.17349],[-71.99451,19.17089],[-71.9948,19.16825],[-71.98966,19.16174],[-71.99281,19.1524],[-71.99778,19.15495],[-71.99673,19.15176],[-72.00548,19.14938],[-71.99933,19.14283],[-72.00166,19.13666],[-71.99919,19.12862],[-71.99174,19.1236],[-71.99342,19.12063],[-71.98254,19.12671],[-71.98633,19.13129],[-71.9838,19.13353],[-71.97322,19.1253],[-71.96809,19.12942],[-71.969,19.12141],[-71.9641,19.12156],[-71.96204,19.12673],[-71.95409,19.13185],[-71.94836,19.12752],[-71.94605,19.1332],[-71.94398,19.13138],[-71.94438,19.12299],[-71.94009,19.12015],[-71.93198,19.12092],[-71.92797,19.12376],[-71.92734,19.112],[-71.92975,19.10539],[-71.92488,19.10057],[-71.92535,19.09849],[-71.91902,19.09478],[-71.91256,19.09885],[-71.88841,19.10631],[-71.88266,19.11371],[-71.88168,19.12051],[-71.87395,19.1364],[-71.86704,19.14028],[-71.85461,19.15753],[-71.8615,19.16944],[-71.86042,19.17859],[-71.86558,19.18672],[-71.87004,19.18903],[-71.87493,19.18788],[-71.8865,19.20228]]]}},{"type":"Feature","properties":{"adm3_name":"3e Section Arnaud (Morcou)","adm3_pcode":"HT1024-03","adm2_name":"Arnaud","adm1_name":"Nippes"},"geometry":{"type":"Polygon","coordinates":[[[-73.37575,18.44812],[-73.38045,18.45301],[-73.38546,18.44905],[-73.39942,18.44469],[-73.4004,18.43987],[-73.40891,18.43596],[-73.41316,18.42931],[-73.41214,18.42457],[-73.40383,18.41906],[-73.40918,18.41416],[-73.40881,18.41184],[-73.40395,18.41121],[-73.40885,18.40828],[-73.40301,18.40636],[-73.40125,18.40891],[-73.39473,18.40401],[-73.39309,18.40573],[-73.39215,18.40232],[-73.38783,18.40214],[-73.3877,18.39672],[-73.38521,18.39461],[-73.38372,18.39843],[-73.37671,18.39535],[-73.37606,18.40228],[-73.37023,18.39643],[-73.37062,18.40123],[-73.35852,18.4073],[-73.3599,18.41084],[-73.3653,18.40896],[-73.36454,18.41313],[-73.36704,18.41775],[-73.36412,18.41891],[-73.3647,18.42136],[-73.3752,18.42449],[-73.37748,18.42755],[-73.37035,18.43199],[-73.36969,18.44178],[-73.36665,18.44366],[-73.3688,18.447],[-73.37575,18.44812]]]}},{"type":"Feature","properties":{"adm3_name":"3e Section Aubert","adm3_pcode":"HT0911-03","adm2_name":"Port-de-Paix","adm1_name":"North-West"},"geometry":{"type":"Polygon","coordinates":[[[-72.81751,19.94888],[-72.82084,19.95132],[-72.83145,19.94084],[-72.85004,19.94396],[-72.86636,19.93716],[-72.85494,19.93072],[-72.8477,19.93018],[-72.84463,19.92676],[-72.85268,19.91912],[-72.84909,19.91706],[-72.83745,19.92149],[-72.83359,19.91893],[-72.83602,19.90812],[-72.83328,19.90334],[-72.82395,19.9058],[-72.82023,19.89876],[-72.78839,19.89614],[-72.78914,19.90444],[-72.79722,19.91788],[-72.81059,19.92403],[-72.81751,19.93341],[-72.81594,19.94182],[-72.81751,19.94888]]]}},{"type":"Feature","properties":{"adm3_name":"3e Section Baille Tourrible","adm3_pcode":"HT0613-03","adm2_name":"Thomonde","adm1_name":"Centre"},"geometry":{"type":"Polygon","coordinates":[[[-72.00749,19.06171],[-72.01113,19.06529],[-72.01496,19.05901],[-72.02526,19.05412],[-72.03073,19.05472],[-72.03536,19.06021],[-72.0435,19.06107],[-72.06388,19.05471],[-72.07019,19.05742],[-72.07724,19.05297],[-72.08105,19.05314],[-72.0836,19.06143],[-72.08904,19.06032],[-72.09503,19.0454],[-72.1048,19.0328],[-72.11309,19.03341],[-72.12317,19.02781],[-72.11767,19.02579],[-72.11821,19.01501],[-72.11496,19.01594],[-72.10903,19.01205],[-72.10975,19.00874],[-72.10546,19.00922],[-72.10649,19.00733],[-72.09768,18.99201],[-72.09655,18.98079],[-72.08937,18.97606],[-72.07612,18.98749],[-72.06401,18.98778],[-72.05704,18.99334],[-72.05011,18.9926],[-72.04291,18.99499],[-72.04083,19.00336],[-72.0355,19.0089],[-72.03499,19.02571],[-72.0227,19.03226],[-72.02264,19.03994],[-72.01413,19.03659],[-72.00732,19.03847],[-72.00417,19.04422],[-72.00749,19.06171]]]}},{"type":"Feature","properties":{"adm3_name":"3e Section Bas de Sault","adm3_pcode":"HT0551-03","adm2_name":"Saint-Michel de l'Attalaye","adm1_name":"Artibonite"},"geometry":{"type":"Polygon","coordinates":[[[-72.29702,19.46577],[-72.3068,19.46546],[-72.32045,19.45975],[-72.32879,19.46296],[-72.32994,19.45424],[-72.33846,19.44076],[-72.34535,19.43897],[-72.35659,19.44202],[-72.36274,19.43691],[-72.36455,19.43101],[-72.3624,19.42387],[-72.35682,19.41691],[-72.3507,19.41407],[-72.3529,19.4136],[-72.35556,19.40432],[-72.35187,19.39365],[-72.34673,19.38853],[-72.34919,19.38207],[-72.34745,19.37813],[-72.3392,19.37639],[-72.33289,19.37097],[-72.32284,19.37123],[-72.32041,19.3896],[-72.31417,19.39989],[-72.31593,19.40482],[-72.31269,19.41491],[-72.31519,19.4206],[-72.31542,19.43746],[-72.31272,19.44047],[-72.30347,19.44049],[-72.30064,19.44316],[-72.30129,19.45359],[-72.29702,19.46577]]]}},{"type":"Feature","properties":{"adm3_name":"3e Section Beauclos","adm3_pcode":"HT0743-03","adm2_name":"Roche a Bateau","adm1_name":"South"},"geometry":{"type":"Polygon","coordinates":[[[-73.99165,18.26317],[-74.00475,18.26194],[-74.00318,18.25718],[-73.99085,18.24488],[-73.99628,18.24031],[-73.99458,18.22907],[-73.98656,18.20975],[-73.99154,18.20293],[-73.97088,18.20507],[-73.96253,18.21152],[-73.96742,18.22445],[-73.96082,18.22677],[-73.98369,18.24625],[-73.98432,18.25168],[-73.99165,18.26317]]]}},{"type":"Feature","properties":{"adm3_name":"3e Section Bellevue","adm3_pcode":"HT0118-03","adm2_name":"Tabarre","adm1_name":"West"},"geometry":{"type":"Polygon","coordinates":[[[-72.29549,18.60537],[-72.30036,18.60963],[-72.30152,18.60548],[-72.30533,18.60606],[-72.30593,18.59966],[-72.29764,18.59914],[-72.28985,18.59302],[-72.29775,18.58625],[-72.31259,18.58037],[-72.30509,18.57509],[-72.28672,18.57058],[-72.27949,18.56394],[-72.2687,18.55957],[-72.26639,18.56346],[-72.27405,18.57676],[-72.26612,18.5751],[-72.24844,18.58068],[-72.24864,18.58695],[-72.25358,18.58736],[-72.25647,18.59357],[-72.2685,18.59624],[-72.2737,18.59991],[-72.28926,18.59774],[-72.28892,18.60131],[-72.29549,18.60537]]]}},{"type":"Feature","properties":{"adm3_name":"3e Section Bony","adm3_pcode":"HT0751-03","adm2_name":"Chardonnieres","adm1_name":"South"},"geometry":{"type":"Polygon","coordinates":[[[-74.14742,18.30195],[-74.17168,18.30418],[-74.17385,18.30728],[-74.19323,18.2999],[-74.17709,18.28774],[-74.17272,18.28179],[-74.16794,18.28025],[-74.16675,18.27303],[-74.13359,18.26393],[-74.13387,18.27135],[-74.12481,18.28904],[-74.1311,18.29376],[-74.1355,18.30278],[-74.14742,18.30195]]]}},{"type":"Feature","properties":{"adm3_name":"3e Section Boucan Bois Pin","adm3_pcode":"HT0134-03","adm2_name":"Cornillon / Grand Bois","adm1_name":"West"},"geometry":{"type":"Polygon","coordinates":[[[-71.87143,18.71855],[-71.88209,18.71809],[-71.88262,18.7099],[-71.88783,18.70358],[-71.88823,18.69907],[-71.89358,18.69067],[-71.90002,18.687],[-71.87293,18.67476],[-71.87277,18.66905],[-71.8702,18.66712],[-71.87153,18.66286],[-71.86815,18.65759],[-71.86127,18.65684],[-71.85905,18.65434],[-71.84958,18.65497],[-71.83179,18.64238],[-71.82447,18.64681],[-71.81337,18.64714],[-71.80895,18.65157],[-71.80957,18.66143],[-71.80301,18.66993],[-71.80164,18.68082],[-71.80422,18.68539],[-71.82902,18.70462],[-71.84178,18.70996],[-71.8533,18.71882],[-71.87143,18.71855]]]}},{"type":"Feature","properties":{"adm3_name":"3e Section Bouyaha","adm3_pcode":"HT0341-03","adm2_name":"Saint-Raphael","adm1_name":"North"},"geometry":{"type":"Polygon","coordinates":[[[-72.18536,19.44409],[-72.19573,19.44407],[-72.19747,19.44053],[-72.19339,19.43766],[-72.19104,19.43851],[-72.19112,19.43367],[-72.19576,19.43136],[-72.18975,19.42738],[-72.19313,19.42623],[-72.19438,19.42064],[-72.1896,19.41906],[-72.18844,19.41615],[-72.19158,19.41088],[-72.1887,19.41161],[-72.18678,19.41002],[-72.18991,19.40877],[-72.18222,19.40382],[-72.18222,19.39533],[-72.17925,19.39722],[-72.18085,19.39251],[-72.17722,19.39044],[-72.18082,19.38977],[-72.17857,19.38727],[-72.18501,19.37782],[-72.18108,19.37756],[-72.17735,19.37395],[-72.17984,19.37149],[-72.17724,19.36985],[-72.17828,19.36695],[-72.17228,19.36757],[-72.17251,19.3642],[-72.16848,19.36299],[-72.16702,19.36609],[-72.15769,19.36438],[-72.15775,19.37206],[-72.14409,19.37341],[-72.14402,19.38207],[-72.13747,19.38732],[-72.13373,19.38575],[-72.13528,19.39083],[-72.13883,19.39673],[-72.14323,19.39866],[-72.14909,19.40988],[-72.14967,19.41704],[-72.15922,19.42022],[-72.16105,19.42404],[-72.16473,19.42378],[-72.17199,19.43874],[-72.17746,19.43827],[-72.18536,19.44409]]]}},{"type":"Feature","properties":{"adm3_name":"3e Section Bras Gauche","adm3_pcode":"HT0222-03","adm2_name":"Cotes de Fer","adm1_name":"South-East"},"geometry":{"type":"Polygon","coordinates":[[[-72.8989,18.2443],[-72.90236,18.25949],[-72.89033,18.26843],[-72.88739,18.27551],[-72.88387,18.27651],[-72.88311,18.28139],[-72.89109,18.28251],[-72.89621,18.28775],[-72.90591,18.27888],[-72.91256,18.26483],[-72.90961,18.24422],[-72.89918,18.24259],[-72.8989,18.2443]]]}},{"type":"Feature","properties":{"adm3_name":"3e Section Brodequin","adm3_pcode":"HT0731-03","adm2_name":"Aquin","adm1_name":"South"},"geometry":{"type":"Polygon","coordinates":[[[-73.41845,18.34154],[-73.42923,18.34451],[-73.44165,18.34082],[-73.45378,18.32888],[-73.45435,18.31482],[-73.46386,18.31091],[-73.4592,18.3077],[-73.46241,18.30143],[-73.45819,18.29308],[-73.44802,18.29212],[-73.43144,18.29541],[-73.4275,18.29331],[-73.41738,18.2744],[-73.42102,18.25968],[-73.41961,18.25495],[-73.40918,18.25263],[-73.40816,18.2489],[-73.40393,18.25658],[-73.40904,18.25615],[-73.41,18.26118],[-73.40317,18.26069],[-73.4047,18.26586],[-73.40215,18.26683],[-73.40269,18.26508],[-73.39963,18.26399],[-73.40003,18.26671],[-73.399,18.26773],[-73.39772,18.26385],[-73.39668,18.26699],[-73.39311,18.26719],[-73.39636,18.2688],[-73.39239,18.27013],[-73.39319,18.25952],[-73.39072,18.26105],[-73.39244,18.27902],[-73.39007,18.28043],[-73.39691,18.29332],[-73.40056,18.31612],[-73.41162,18.33017],[-73.41526,18.3418],[-73.41845,18.34154]]]}},{"type":"Feature","properties":{"adm3_name":"3e Section Callumette","adm3_pcode":"HT0231-03","adm2_name":"Belle Anse","adm1_name":"South-East"},"geometry":{"type":"Polygon","coordinates":[[[-72.12037,18.30055],[-72.12023,18.30981],[-72.11734,18.3148],[-72.12724,18.32039],[-72.12748,18.33004],[-72.13277,18.33296],[-72.13208,18.33732],[-72.14853,18.34609],[-72.14811,18.33906],[-72.15059,18.33531],[-72.14774,18.33202],[-72.15116,18.32395],[-72.14737,18.31732],[-72.14623,18.30237],[-72.13981,18.29433],[-72.14178,18.26739],[-72.13996,18.26263],[-72.13313,18.2575],[-72.13568,18.24165],[-72.14264,18.24036],[-72.14398,18.23043],[-72.13312,18.23246],[-72.12577,18.22908],[-72.10444,18.23437],[-72.11129,18.24601],[-72.12686,18.2626],[-72.12296,18.27075],[-72.12321,18.27801],[-72.11662,18.28141],[-72.1211,18.29445],[-72.12037,18.30055]]]}},{"type":"Feature","properties":{"adm3_name":"3e Section Camp Coq","adm3_pcode":"HT0361-03","adm2_name":"Limbe","adm1_name":"North"},"geometry":{"type":"Polygon","coordinates":[[[-72.44799,19.66365],[-72.4614,19.66288],[-72.45186,19.64581],[-72.45079,19.63328],[-72.4537,19.62402],[-72.44816,19.6153],[-72.44443,19.6166],[-72.44319,19.62395],[-72.43853,19.62711],[-72.42791,19.62822],[-72.42393,19.62484],[-72.41211,19.62418],[-72.39705,19.61937],[-72.39662,19.63095],[-72.39055,19.63851],[-72.40275,19.64129],[-72.4188,19.65642],[-72.42111,19.66411],[-72.43407,19.65946],[-72.43998,19.66323],[-72.44799,19.66365]]]}},{"type":"Feature","properties":{"adm3_name":"3e Section Caracol","adm3_pcode":"HT0331-03","adm2_name":"Grande Riviere Du Nord","adm1_name":"North"},"geometry":{"type":"Polygon","coordinates":[[[-72.10963,19.55872],[-72.12424,19.55265],[-72.13576,19.55591],[-72.13393,19.54553],[-72.13792,19.54233],[-72.13514,19.5311],[-72.13845,19.51882],[-72.13492,19.50546],[-72.13259,19.50723],[-72.13079,19.50564],[-72.13175,19.50195],[-72.11277,19.50524],[-72.09599,19.51364],[-72.09576,19.51697],[-72.10364,19.52392],[-72.10259,19.5289],[-72.09787,19.53164],[-72.09803,19.54139],[-72.10128,19.54321],[-72.10132,19.54853],[-72.10434,19.54941],[-72.10282,19.55191],[-72.10808,19.55942],[-72.10963,19.55872]]]}},{"type":"Feature","properties":{"adm3_name":"3e Section Carrefour Canon","adm3_pcode":"HT0713-03","adm2_name":"Chantal","adm1_name":"South"},"geometry":{"type":"Polygon","coordinates":[[[-74.02287,18.38234],[-74.03189,18.38409],[-74.03554,18.38748],[-74.04072,18.37911],[-74.04107,18.37519],[-74.032,18.36468],[-74.04853,18.36064],[-74.0486,18.35587],[-74.04348,18.3487],[-74.04649,18.33867],[-74.0355,18.32444],[-74.01736,18.30869],[-74.01624,18.3037],[-74.00716,18.29533],[-74.00238,18.28504],[-73.99378,18.2785],[-73.99165,18.26317],[-73.98432,18.25168],[-73.98369,18.24625],[-73.97134,18.23703],[-73.95226,18.24905],[-73.95263,18.25398],[-73.93981,18.25974],[-73.95041,18.27476],[-73.95591,18.29182],[-73.94915,18.29764],[-73.94805,18.30168],[-73.94416,18.3026],[-73.94239,18.31015],[-73.94695,18.32],[-73.95167,18.32316],[-73.96663,18.32173],[-73.97265,18.32342],[-73.97929,18.34008],[-73.98342,18.34081],[-73.98754,18.34509],[-73.98835,18.34869],[-73.98061,18.35463],[-73.9767,18.36456],[-73.97199,18.36554],[-73.96754,18.36992],[-73.97607,18.37289],[-73.97771,18.37131],[-74.00276,18.38373],[-74.02287,18.38234]]]}},{"type":"Feature","properties":{"adm3_name":"3e Section Champy (Nan Campeche)","adm3_pcode":"HT0831-03","adm2_name":"Corail","adm1_name":"Grande'Anse"},"geometry":{"type":"Polygon","coordinates":[[[-73.96015,18.60094],[-73.95763,18.58828],[-73.96237,18.58201],[-73.96208,18.56983],[-73.95621,18.56216],[-73.95164,18.56134],[-73.94642,18.55603],[-73.94573,18.55326],[-73.95252,18.54473],[-73.94965,18.53952],[-73.94299,18.54196],[-73.93725,18.55077],[-73.93272,18.55048],[-73.91692,18.56173],[-73.91805,18.56773],[-73.92104,18.56891],[-73.91811,18.57061],[-73.91696,18.57954],[-73.91874,18.581],[-73.91486,18.58147],[-73.91476,18.58577],[-73.90904,18.58756],[-73.91499,18.58611],[-73.91633,18.59016],[-73.9242,18.58999],[-73.92501,18.59312],[-73.93123,18.59453],[-73.93393,18.59369],[-73.93569,18.58914],[-73.93999,18.58822],[-73.96015,18.60094]]]}},{"type":"Feature","properties":{"adm3_name":"3e Section Chemin Neuf","adm3_pcode":"HT0512-03","adm2_name":"Ennery","adm1_name":"Artibonite"},"geometry":{"type":"Polygon","coordinates":[[[-72.52682,19.57927],[-72.53588,19.58257],[-72.54746,19.56941],[-72.55445,19.57337],[-72.56181,19.56979],[-72.57497,19.55601],[-72.57857,19.54515],[-72.58276,19.54066],[-72.58486,19.52902],[-72.58008,19.52574],[-72.57551,19.52699],[-72.56183,19.52403],[-72.54471,19.51382],[-72.52681,19.51362],[-72.51982,19.51571],[-72.51458,19.51109],[-72.50974,19.51568],[-72.50445,19.51016],[-72.5074,19.50662],[-72.50437,19.5005],[-72.49763,19.49938],[-72.49263,19.50137],[-72.48805,19.50585],[-72.49005,19.51726],[-72.48119,19.52741],[-72.47111,19.53398],[-72.4881,19.54694],[-72.49343,19.55573],[-72.52114,19.57124],[-72.52307,19.57415],[-72.51527,19.58192],[-72.52682,19.57927]]]}},{"type":"Feature","properties":{"adm3_name":"3e Section Cochon Gras","adm3_pcode":"HT0211-03","adm2_name":"Jacmel","adm1_name":"South-East"},"geometry":{"type":"Polygon","coordinates":[[[-72.46851,18.3303],[-72.47249,18.34107],[-72.46622,18.35547],[-72.48295,18.37595],[-72.48735,18.37411],[-72.49236,18.36631],[-72.50453,18.36513],[-72.52671,18.3567],[-72.52285,18.35251],[-72.52613,18.34113],[-72.51049,18.33803],[-72.4989,18.32969],[-72.48192,18.32735],[-72.48375,18.31077],[-72.49492,18.31003],[-72.49782,18.30476],[-72.48345,18.30028],[-72.48778,18.29387],[-72.47612,18.29269],[-72.46558,18.28585],[-72.45563,18.28307],[-72.45229,18.28543],[-72.43567,18.28347],[-72.42636,18.28497],[-72.43539,18.30682],[-72.44042,18.31113],[-72.44318,18.3258],[-72.44787,18.32312],[-72.45481,18.3242],[-72.46851,18.3303]]]}},{"type":"Feature","properties":{"adm3_name":"3e Section Corosse","adm3_pcode":"HT0441-03","adm2_name":"Vallieres","adm1_name":"North-East"},"geometry":{"type":"Polygon","coordinates":[[[-71.98469,19.44876],[-71.99386,19.44864],[-71.99743,19.44358],[-72.00877,19.44906],[-72.02329,19.44065],[-72.03203,19.43145],[-72.03685,19.42959],[-72.03763,19.42656],[-72.03398,19.42568],[-72.0312,19.41986],[-72.02355,19.41736],[-72.02282,19.41423],[-72.01587,19.41368],[-72.00892,19.41781],[-71.99887,19.41095],[-71.99213,19.4098],[-71.98816,19.40415],[-71.98104,19.40939],[-71.97484,19.40872],[-71.97137,19.40469],[-71.9714,19.40764],[-71.95406,19.4231],[-71.96701,19.44408],[-71.98469,19.44876]]]}},{"type":"Feature","properties":{"adm3_name":"3e Section Cosse","adm3_pcode":"HT0752-03","adm2_name":"Les Anglais","adm1_name":"South"},"geometry":{"type":"Polygon","coordinates":[[[-74.21084,18.40229],[-74.21499,18.40396],[-74.21708,18.40211],[-74.21746,18.39202],[-74.22323,18.38828],[-74.22081,18.38348],[-74.22289,18.38005],[-74.23047,18.38004],[-74.24404,18.37523],[-74.22797,18.3621],[-74.22971,18.35547],[-74.22174,18.33676],[-74.23386,18.33111],[-74.25207,18.31101],[-74.22599,18.31006],[-74.21836,18.30086],[-74.21088,18.29792],[-74.20456,18.30535],[-74.20735,18.30869],[-74.20425,18.31155],[-74.20413,18.32128],[-74.19477,18.32879],[-74.18472,18.33119],[-74.17874,18.3457],[-74.18254,18.35672],[-74.17846,18.3681],[-74.16606,18.37857],[-74.16823,18.38752],[-74.17656,18.38797],[-74.17164,18.39303],[-74.18109,18.39202],[-74.19639,18.39779],[-74.20645,18.39812],[-74.21084,18.40229]]]}},{"type":"Feature","properties":{"adm3_name":"3e Section Cotelette","adm3_pcode":"HT0432-03","adm2_name":"Sainte Suzanne","adm1_name":"North-East"},"geometry":{"type":"Polygon","coordinates":[[[-72.04486,19.56001],[-72.04432,19.56434],[-72.05057,19.56604],[-72.06101,19.56413],[-72.07459,19.55741],[-72.07871,19.54921],[-72.0747,19.54576],[-72.07788,19.5422],[-72.08114,19.543],[-72.08554,19.54035],[-72.09074,19.54163],[-72.09492,19.53949],[-72.09803,19.54139],[-72.09787,19.53164],[-72.10259,19.5289],[-72.10364,19.52392],[-72.09217,19.51343],[-72.0889,19.51568],[-72.07914,19.51415],[-72.06498,19.52185],[-72.05778,19.52103],[-72.05056,19.53425],[-72.03265,19.53871],[-72.04684,19.54964],[-72.04861,19.55384],[-72.04486,19.56001]]]}},{"type":"Feature","properties":{"adm3_name":"3e Section Cotes de Fer","adm3_pcode":"HT0922-03","adm2_name":"Anse-a-Foleur","adm1_name":"North-West"},"geometry":{"type":"Polygon","coordinates":[[[-72.5888,19.89694],[-72.59212,19.89865],[-72.59351,19.8952],[-72.60265,19.89524],[-72.60715,19.89231],[-72.62216,19.89431],[-72.62204,19.88848],[-72.61083,19.87615],[-72.60997,19.86314],[-72.60123,19.85269],[-72.59552,19.83994],[-72.58936,19.85119],[-72.58006,19.84981],[-72.58332,19.86616],[-72.567,19.87762],[-72.56157,19.87754],[-72.56007,19.88155],[-72.56526,19.88188],[-72.57385,19.88705],[-72.57349,19.89215],[-72.58009,19.89727],[-72.58342,19.89487],[-72.5844,19.89757],[-72.5888,19.89694]]]}},{"type":"Feature","properties":{"adm3_name":"3e Section Coupe Mardi Gras","adm3_pcode":"HT0622-03","adm2_name":"Saut d'Eau","adm1_name":"Centre"},"geometry":{"type":"Polygon","coordinates":[[[-72.23168,18.81763],[-72.24119,18.81836],[-72.25242,18.83554],[-72.25683,18.85725],[-72.28399,18.85338],[-72.29689,18.83908],[-72.29728,18.8337],[-72.29234,18.82654],[-72.29732,18.82053],[-72.2968,18.81696],[-72.28171,18.81663],[-72.27894,18.80883],[-72.2724,18.80405],[-72.27902,18.79754],[-72.26217,18.78926],[-72.25729,18.78914],[-72.25076,18.78323],[-72.23718,18.77746],[-72.22907,18.77811],[-72.23432,18.79897],[-72.23027,18.81304],[-72.23168,18.81763]]]}},{"type":"Feature","properties":{"adm3_name":"3e Section Cracaraille","adm3_pcode":"HT0343-03","adm2_name":"Ranquitte","adm1_name":"North"},"geometry":{"type":"Polygon","coordinates":[[[-72.00762,19.39972],[-72.01471,19.40392],[-72.01943,19.39788],[-72.02655,19.39861],[-72.03764,19.39498],[-72.05638,19.38311],[-72.05859,19.37987],[-72.05402,19.37624],[-72.04787,19.35991],[-72.04012,19.35723],[-72.02616,19.3638],[-72.01652,19.35999],[-72.01443,19.36313],[-72.01363,19.36069],[-72.00749,19.36326],[-72.00364,19.35934],[-71.99037,19.36562],[-71.98894,19.3686],[-71.99476,19.38032],[-72.00762,19.39972]]]}},{"type":"Feature","properties":{"adm3_name":"3e Section d'Arniquet","adm3_pcode":"HT0723-03","adm2_name":"Arniquet","adm1_name":"South"},"geometry":{"type":"Polygon","coordinates":[[[-73.89352,18.12395],[-73.89473,18.12825],[-73.88399,18.13454],[-73.87293,18.15255],[-73.8802,18.16026],[-73.90215,18.14982],[-73.91019,18.13973],[-73.90466,18.12488],[-73.89762,18.12043],[-73.89352,18.12395]]]}},{"type":"Feature","properties":{"adm3_name":"3e Section Dame","adm3_pcode":"HT0931-03","adm2_name":"Mole Saint Nicolas","adm1_name":"North-West"},"geometry":{"type":"Polygon","coordinates":[[[-73.25493,19.7726],[-73.25752,19.78392],[-73.26404,19.78368],[-73.26751,19.78177],[-73.26747,19.77832],[-73.27985,19.77286],[-73.28449,19.7788],[-73.29893,19.76918],[-73.2996,19.76339],[-73.28133,19.74474],[-73.28228,19.73889],[-73.26853,19.72846],[-73.26324,19.7189],[-73.2568,19.71582],[-73.25499,19.71236],[-73.2425,19.7182],[-73.23416,19.72744],[-73.22048,19.73342],[-73.21465,19.74031],[-73.22412,19.75485],[-73.22749,19.75543],[-73.23071,19.75172],[-73.24028,19.75104],[-73.24965,19.77097],[-73.25493,19.7726]]]}},{"type":"Feature","properties":{"adm3_name":"3e Section Danglise","adm3_pcode":"HT0812-03","adm2_name":"Abricots","adm1_name":"Grande'Anse"},"geometry":{"type":"Polygon","coordinates":[[[-74.30228,18.5777],[-74.30619,18.58057],[-74.30564,18.5877],[-74.31115,18.59224],[-74.31834,18.61004],[-74.31307,18.61891],[-74.31279,18.62889],[-74.30619,18.63627],[-74.30638,18.64268],[-74.31082,18.63468],[-74.32119,18.63022],[-74.33215,18.63135],[-74.3408,18.62431],[-74.34976,18.61128],[-74.34746,18.60744],[-74.3516,18.59643],[-74.36131,18.58821],[-74.35838,18.58423],[-74.35221,18.58263],[-74.34668,18.57275],[-74.33581,18.57211],[-74.34046,18.56416],[-74.33495,18.56107],[-74.33296,18.56197],[-74.33174,18.56956],[-74.32716,18.56804],[-74.32685,18.56486],[-74.32367,18.56319],[-74.3211,18.56721],[-74.31614,18.5664],[-74.31368,18.57445],[-74.30228,18.5777]]]}},{"type":"Feature","properties":{"adm3_name":"3e Section de Corail","adm3_pcode":"HT0352-03","adm2_name":"Port-Margot","adm1_name":"North"},"geometry":{"type":"Polygon","coordinates":[[[-72.4953,19.76322],[-72.50996,19.76433],[-72.51418,19.75913],[-72.51286,19.75149],[-72.51532,19.74381],[-72.51148,19.73845],[-72.49516,19.7348],[-72.48368,19.73511],[-72.48031,19.73173],[-72.46209,19.73788],[-72.45572,19.73494],[-72.44879,19.72647],[-72.43721,19.72883],[-72.43006,19.72411],[-72.42932,19.72972],[-72.42302,19.73365],[-72.42446,19.74322],[-72.435,19.75391],[-72.44121,19.75495],[-72.44487,19.74955],[-72.45202,19.75634],[-72.46048,19.75857],[-72.47005,19.75781],[-72.4785,19.76204],[-72.4916,19.76001],[-72.4953,19.76322]]]}},{"type":"Feature","properties":{"adm3_name":"3e Section des Bayes","adm3_pcode":"HT0623-03","adm2_name":"Boucan Carre","adm1_name":"Centre"},"geometry":{"type":"Polygon","coordinates":[[[-72.08937,18.97606],[-72.09655,18.98079],[-72.09768,18.99201],[-72.10649,19.00733],[-72.10546,19.00922],[-72.10975,19.00874],[-72.10903,19.01205],[-72.11496,19.01594],[-72.11821,19.01501],[-72.11835,19.02661],[-72.12317,19.02781],[-72.13156,19.02367],[-72.13949,19.0119],[-72.1496,19.01032],[-72.15728,18.99985],[-72.14935,18.9961],[-72.13878,18.98096],[-72.14613,18.96818],[-72.14299,18.95998],[-72.14563,18.95542],[-72.14241,18.95245],[-72.13453,18.93135],[-72.13983,18.91205],[-72.13545,18.89288],[-72.14041,18.88346],[-72.13727,18.87984],[-72.14026,18.86559],[-72.12831,18.85628],[-72.12694,18.84306],[-72.1172,18.84672],[-72.10108,18.83809],[-72.09604,18.84671],[-72.08637,18.85204],[-72.0837,18.85907],[-72.08783,18.86154],[-72.09562,18.86112],[-72.09584,18.87345],[-72.10114,18.87593],[-72.10046,18.87805],[-72.09186,18.88344],[-72.08854,18.88118],[-72.08699,18.89295],[-72.0749,18.90683],[-72.06225,18.89898],[-72.05697,18.90261],[-72.04555,18.89733],[-72.0424,18.898],[-72.03113,18.90559],[-72.01965,18.90666],[-71.99678,18.92463],[-71.99838,18.93651],[-72.00398,18.93563],[-72.0082,18.94223],[-72.01191,18.94324],[-72.02119,18.94085],[-72.03162,18.94341],[-72.04172,18.93736],[-72.04356,18.93224],[-72.04806,18.93309],[-72.06035,18.94367],[-72.06422,18.95691],[-72.07501,18.96064],[-72.08021,18.97314],[-72.08937,18.97606]]]}},{"type":"Feature","properties":{"adm3_name":"3e Section des Granges","adm3_pcode":"HT0921-03","adm2_name":"Saint-Louis du Nord","adm1_name":"North-West"},"geometry":{"type":"Polygon","coordinates":[[[-72.70173,19.92884],[-72.7114,19.92925],[-72.71835,19.90741],[-72.73131,19.89524],[-72.73447,19.88727],[-72.74363,19.87544],[-72.74859,19.87358],[-72.75133,19.86957],[-72.74727,19.86602],[-72.74821,19.86098],[-72.74531,19.854],[-72.73735,19.84996],[-72.73553,19.85129],[-72.73238,19.84619],[-72.71765,19.84551],[-72.71259,19.85372],[-72.7004,19.85405],[-72.70575,19.86895],[-72.70867,19.87075],[-72.71126,19.88334],[-72.709,19.88411],[-72.70608,19.89166],[-72.70495,19.89751],[-72.70737,19.90164],[-72.70565,19.90842],[-72.70214,19.90962],[-72.70171,19.91258],[-72.70731,19.91806],[-72.70173,19.92884]]]}},{"type":"Feature","properties":{"adm3_name":"3e Section des Vases","adm3_pcode":"HT0141-03","adm2_name":"Arcahaie","adm1_name":"West"},"geometry":{"type":"Polygon","coordinates":[[[-72.54041,18.83454],[-72.55744,18.83874],[-72.565,18.84357],[-72.56111,18.85114],[-72.5697,18.85468],[-72.57822,18.84566],[-72.5811,18.83824],[-72.57617,18.83398],[-72.57325,18.82221],[-72.56546,18.81038],[-72.56071,18.7963],[-72.55424,18.79453],[-72.54871,18.78984],[-72.54268,18.77702],[-72.52243,18.76785],[-72.50282,18.76742],[-72.49647,18.76462],[-72.50562,18.79132],[-72.50538,18.80296],[-72.49931,18.81035],[-72.50532,18.82385],[-72.51126,18.83057],[-72.51466,18.82975],[-72.51968,18.83496],[-72.52001,18.83876],[-72.523,18.8395],[-72.52803,18.83312],[-72.532,18.83596],[-72.54041,18.83454]]]}},{"type":"Feature","properties":{"adm3_name":"3e Section Desormeau","adm3_pcode":"HT0822-03","adm2_name":"Dame Marie","adm1_name":"Grande'Anse"},"geometry":{"type":"Polygon","coordinates":[[[-74.41395,18.5618],[-74.42118,18.5677],[-74.42404,18.56098],[-74.41562,18.54746],[-74.41525,18.53978],[-74.4097,18.53077],[-74.40065,18.52433],[-74.39983,18.5188],[-74.3872,18.5219],[-74.38226,18.52607],[-74.38362,18.5287],[-74.38011,18.53004],[-74.38003,18.53345],[-74.36798,18.53854],[-74.36444,18.5456],[-74.36622,18.55124],[-74.37131,18.55417],[-74.4075,18.5585],[-74.40548,18.56348],[-74.41395,18.5618]]]}},{"type":"Feature","properties":{"adm3_name":"3e Section Dessources","adm3_pcode":"HT1011-03","adm2_name":"Miragoane","adm1_name":"Nippes"},"geometry":{"type":"Polygon","coordinates":[[[-72.99779,18.30124],[-72.99492,18.30592],[-72.99668,18.32401],[-73.01726,18.34165],[-73.02015,18.34851],[-73.01372,18.3525],[-73.01089,18.36065],[-73.01469,18.3669],[-73.02409,18.37249],[-73.02555,18.3622],[-73.02958,18.35924],[-73.03193,18.34851],[-73.04276,18.33455],[-73.03335,18.32057],[-73.03777,18.31593],[-73.03709,18.30911],[-73.04614,18.30116],[-73.04222,18.30035],[-73.0468,18.29675],[-73.04381,18.29437],[-73.05236,18.28699],[-73.04839,18.28007],[-73.04235,18.27717],[-73.0408,18.2717],[-73.04299,18.27067],[-73.03798,18.2702],[-73.03866,18.26268],[-73.04165,18.25968],[-73.03591,18.25943],[-73.03781,18.25652],[-73.033,18.25475],[-73.03299,18.25116],[-73.02992,18.25114],[-73.03069,18.24056],[-73.01669,18.23665],[-73.02058,18.23283],[-73.01827,18.23043],[-73.02282,18.22519],[-73.01427,18.22761],[-73.01674,18.22418],[-73.01585,18.22146],[-73.01125,18.22274],[-73.01311,18.22683],[-73.00998,18.23106],[-73.00883,18.24056],[-73.01202,18.24782],[-73.00903,18.25237],[-73.01345,18.25558],[-73.01562,18.2611],[-73.0131,18.26675],[-73.01289,18.27926],[-73.01017,18.28798],[-72.99806,18.29873],[-72.99779,18.30124]]]}},{"type":"Feature","properties":{"adm3_name":"3e Section Etang du Jonc","adm3_pcode":"HT0114-03","adm2_name":"Petion-Ville","adm1_name":"West"},"geometry":{"type":"Polygon","coordinates":[[[-72.30095,18.52677],[-72.30715,18.52508],[-72.30726,18.51786],[-72.31527,18.5076],[-72.32907,18.50258],[-72.35085,18.49975],[-72.35324,18.49566],[-72.35124,18.49161],[-72.36499,18.48846],[-72.36414,18.48101],[-72.36735,18.47807],[-72.36516,18.47104],[-72.37124,18.46624],[-72.37483,18.4668],[-72.3744,18.46423],[-72.36208,18.45715],[-72.35577,18.45994],[-72.34951,18.45625],[-72.34635,18.45867],[-72.33872,18.45588],[-72.32813,18.45589],[-72.32734,18.4728],[-72.32436,18.48186],[-72.30814,18.49081],[-72.29821,18.48644],[-72.30325,18.48324],[-72.30243,18.48151],[-72.29245,18.4851],[-72.29205,18.47733],[-72.28039,18.49452],[-72.27977,18.50189],[-72.2864,18.50235],[-72.28642,18.50843],[-72.29285,18.51584],[-72.29746,18.51739],[-72.29728,18.52401],[-72.30095,18.52677]]]}},{"type":"Feature","properties":{"adm3_name":"3e Section Fond Parisien","adm3_pcode":"HT0133-03","adm2_name":"Ganthier","adm1_name":"West"},"geometry":{"type":"Polygon","coordinates":[[[-71.95364,18.57756],[-71.95515,18.57918],[-71.98947,18.54277],[-71.9992,18.54147],[-72.00059,18.54346],[-72.00985,18.53492],[-72.01606,18.53699],[-72.02039,18.5437],[-72.02752,18.53194],[-72.03565,18.52608],[-72.03032,18.52345],[-72.02021,18.52299],[-72.01284,18.51661],[-72.00262,18.51663],[-71.99844,18.50495],[-72.00184,18.49606],[-71.99648,18.49131],[-71.99385,18.49187],[-71.99311,18.49521],[-71.99012,18.49499],[-71.98753,18.49043],[-71.98335,18.4916],[-71.97617,18.48547],[-71.96924,18.47144],[-71.97087,18.46056],[-71.95937,18.44671],[-71.95813,18.44159],[-71.9676,18.42732],[-71.97231,18.42606],[-71.97417,18.41959],[-71.98357,18.41164],[-71.99398,18.41058],[-72.0047,18.41376],[-72.00671,18.4091],[-72.00465,18.40833],[-72.00475,18.39857],[-72.00671,18.39544],[-71.99314,18.3926],[-71.98773,18.38615],[-71.97483,18.38619],[-71.97319,18.37683],[-71.96626,18.3708],[-71.96736,18.36073],[-71.96531,18.35249],[-71.95992,18.34989],[-71.95494,18.3515],[-71.9485,18.34876],[-71.94531,18.35097],[-71.93542,18.34905],[-71.92698,18.35841],[-71.93241,18.37107],[-71.93293,18.37977],[-71.93915,18.38419],[-71.93834,18.3886],[-71.92896,18.39859],[-71.9329,18.40934],[-71.93197,18.41643],[-71.92805,18.42049],[-71.91783,18.42475],[-71.90328,18.44058],[-71.88251,18.44445],[-71.8807,18.44743],[-71.90457,18.45728],[-71.91374,18.48536],[-71.88076,18.49033],[-71.88083,18.50382],[-71.95364,18.57756]]]}},{"type":"Feature","properties":{"adm3_name":"3e Section Fond Tortue","adm3_pcode":"HT1031-03","adm2_name":"Baraderes","adm1_name":"Nippes"},"geometry":{"type":"Polygon","coordinates":[[[-73.67614,18.45849],[-73.67928,18.46163],[-73.67703,18.47335],[-73.68439,18.4784],[-73.6916,18.47824],[-73.69281,18.47462],[-73.69804,18.47685],[-73.7004,18.47389],[-73.71775,18.47515],[-73.72317,18.47123],[-73.73067,18.46972],[-73.74624,18.47534],[-73.76546,18.46545],[-73.76629,18.45947],[-73.77487,18.45417],[-73.7758,18.44222],[-73.76338,18.44355],[-73.74953,18.43907],[-73.73968,18.44496],[-73.72439,18.4454],[-73.71742,18.44876],[-73.71279,18.44675],[-73.71131,18.44195],[-73.69156,18.43814],[-73.68512,18.44488],[-73.67816,18.44748],[-73.68083,18.45001],[-73.68032,18.45303],[-73.67614,18.45849]]]}},{"type":"Feature","properties":{"adm3_name":"3e Section Garcasse","adm3_pcode":"HT0823-03","adm2_name":"Les Irois","adm1_name":"Grande'Anse"},"geometry":{"type":"Polygon","coordinates":[[[-74.42261,18.39786],[-74.42612,18.40312],[-74.44867,18.39481],[-74.45014,18.38427],[-74.45224,18.38285],[-74.45191,18.37708],[-74.44663,18.36997],[-74.44904,18.35851],[-74.4411,18.35702],[-74.43573,18.36094],[-74.43675,18.36627],[-74.43241,18.3634],[-74.43235,18.35891],[-74.42309,18.35716],[-74.41165,18.36064],[-74.40102,18.35743],[-74.38904,18.36087],[-74.38812,18.36674],[-74.39441,18.37751],[-74.41427,18.38097],[-74.4148,18.3872],[-74.41255,18.38894],[-74.42188,18.3941],[-74.42261,18.39786]]]}},{"type":"Feature","properties":{"adm3_name":"3e Section Genipailler","adm3_pcode":"HT0323-03","adm2_name":"Milot","adm1_name":"North"},"geometry":{"type":"Polygon","coordinates":[[[-72.21806,19.72084],[-72.22351,19.72309],[-72.23381,19.71836],[-72.23689,19.70898],[-72.24095,19.70435],[-72.24244,19.69549],[-72.24044,19.69097],[-72.23267,19.68497],[-72.23258,19.67822],[-72.22332,19.66052],[-72.19275,19.66089],[-72.19272,19.66705],[-72.18745,19.67717],[-72.18617,19.69911],[-72.19858,19.70352],[-72.19891,19.70997],[-72.20725,19.71675],[-72.21806,19.72084]]]}},{"type":"Feature","properties":{"adm3_name":"3e Section Goyavier","adm3_pcode":"HT0531-03","adm2_name":"Saint-Marc","adm1_name":"Artibonite"},"geometry":{"type":"Polygon","coordinates":[[[-72.61095,19.05288],[-72.64294,19.0741],[-72.63896,19.05295],[-72.65041,19.04038],[-72.6455,19.03511],[-72.64225,19.01762],[-72.65368,19.01047],[-72.65785,19.00352],[-72.67031,18.99593],[-72.63788,18.98907],[-72.63292,18.99475],[-72.60455,18.99488],[-72.59291,18.99821],[-72.58918,18.99648],[-72.58356,19.00325],[-72.58383,19.01181],[-72.57998,19.01804],[-72.58626,19.03178],[-72.57948,19.04122],[-72.58844,19.04495],[-72.59174,19.05016],[-72.61095,19.05288]]]}},{"type":"Feature","properties":{"adm3_name":"3e Section Grand Boucan","adm3_pcode":"HT0322-03","adm2_name":"Plaine du Nord","adm1_name":"North"},"geometry":{"type":"Polygon","coordinates":[[[-72.23669,19.60679],[-72.24623,19.61469],[-72.24753,19.62027],[-72.24565,19.62157],[-72.24886,19.63034],[-72.26646,19.63082],[-72.27486,19.62633],[-72.27191,19.61312],[-72.27527,19.59961],[-72.27446,19.59244],[-72.27912,19.58759],[-72.27278,19.58269],[-72.27149,19.57799],[-72.26676,19.57858],[-72.26361,19.57421],[-72.25114,19.5705],[-72.24734,19.5721],[-72.24123,19.57622],[-72.24066,19.58055],[-72.23599,19.58388],[-72.23095,19.60258],[-72.23315,19.60707],[-72.23669,19.60679]]]}},{"type":"Feature","properties":{"adm3_name":"3e Section Grand Boucan","adm3_pcode":"HT0621-03","adm2_name":"Mirebalais","adm1_name":"Centre"},"geometry":{"type":"Polygon","coordinates":[[[-72.10462,18.83897],[-72.10856,18.84377],[-72.1172,18.84672],[-72.12694,18.84306],[-72.12831,18.85628],[-72.13437,18.86108],[-72.13975,18.86159],[-72.1426,18.85543],[-72.14241,18.84914],[-72.1564,18.84431],[-72.16232,18.83877],[-72.15537,18.82857],[-72.15757,18.82324],[-72.15652,18.81779],[-72.15914,18.81451],[-72.15851,18.80655],[-72.16547,18.79828],[-72.17555,18.7971],[-72.17729,18.78469],[-72.18198,18.77828],[-72.17924,18.77343],[-72.17514,18.77202],[-72.17694,18.76754],[-72.17447,18.76221],[-72.17658,18.76029],[-72.18696,18.76524],[-72.18997,18.75646],[-72.20117,18.74184],[-72.1973,18.73218],[-72.17823,18.71292],[-72.16658,18.70265],[-72.14938,18.69533],[-72.1487,18.75099],[-72.14255,18.75607],[-72.13913,18.76295],[-72.13029,18.76872],[-72.12282,18.7695],[-72.12062,18.77306],[-72.12143,18.78168],[-72.11703,18.79338],[-72.11018,18.79505],[-72.10724,18.80459],[-72.11003,18.81553],[-72.10667,18.81666],[-72.10904,18.82334],[-72.10462,18.83897]]]}},{"type":"Feature","properties":{"adm3_name":"3e Section Grand Vincent","adm3_pcode":"HT0832-03","adm2_name":"Roseaux","adm1_name":"Grande'Anse"},"geometry":{"type":"Polygon","coordinates":[[[-74.04993,18.55518],[-74.04372,18.56104],[-74.04434,18.56307],[-74.056,18.56539],[-74.06674,18.58753],[-74.07175,18.5918],[-74.07157,18.57447],[-74.09034,18.55658],[-74.08728,18.55159],[-74.08882,18.54492],[-74.08434,18.53652],[-74.09018,18.52822],[-74.08645,18.52193],[-74.07708,18.52545],[-74.06759,18.52146],[-74.06141,18.52558],[-74.05738,18.52385],[-74.05058,18.52537],[-74.04394,18.53276],[-74.0324,18.53599],[-74.02356,18.53473],[-74.01891,18.53983],[-74.00669,18.53931],[-74.00158,18.5439],[-74.00085,18.54957],[-74.00449,18.55215],[-74.01402,18.54599],[-74.01833,18.54702],[-74.02198,18.55448],[-74.04993,18.55518]]]}},{"type":"Feature","properties":{"adm3_name":"3e Section Grande Rivere","adm3_pcode":"HT0121-03","adm2_name":"Leogane","adm1_name":"West"},"geometry":{"type":"Polygon","coordinates":[[[-72.5573,18.52971],[-72.56651,18.5316],[-72.59852,18.51835],[-72.62154,18.5051],[-72.61039,18.49995],[-72.60657,18.50047],[-72.60502,18.49411],[-72.61256,18.49068],[-72.60762,18.48524],[-72.60783,18.48222],[-72.61045,18.48102],[-72.61097,18.46368],[-72.62049,18.45981],[-72.62242,18.45612],[-72.60167,18.46313],[-72.59241,18.45764],[-72.58893,18.45276],[-72.58411,18.45616],[-72.5758,18.45187],[-72.56103,18.46804],[-72.5558,18.47591],[-72.5683,18.48842],[-72.56922,18.50927],[-72.56478,18.51441],[-72.55777,18.51458],[-72.56141,18.52221],[-72.5573,18.52971]]]}},{"type":"Feature","properties":{"adm3_name":"3e Section Grande Source","adm3_pcode":"HT0151-03","adm2_name":"Anse a Galets","adm1_name":"West"},"geometry":{"type":"Polygon","coordinates":[[[-72.94782,18.86105],[-72.95661,18.86293],[-72.95776,18.86561],[-72.96727,18.86916],[-72.96595,18.85959],[-72.9681,18.85074],[-72.97911,18.83033],[-72.9805,18.82263],[-72.9847,18.81634],[-72.99548,18.80907],[-72.99739,18.80066],[-72.99481,18.79826],[-72.99728,18.79356],[-72.99565,18.78685],[-72.99714,18.75879],[-72.99431,18.75085],[-72.99626,18.74364],[-72.98219,18.74214],[-72.98255,18.74732],[-72.97726,18.75045],[-72.97651,18.75481],[-72.97118,18.75747],[-72.96866,18.76766],[-72.95812,18.77314],[-72.95543,18.78204],[-72.96093,18.7906],[-72.94438,18.8139],[-72.94584,18.81874],[-72.94098,18.83251],[-72.94423,18.83459],[-72.94339,18.83815],[-72.951,18.84774],[-72.94838,18.85166],[-72.94782,18.86105]]]}},{"type":"Feature","properties":{"adm3_name":"3e Section Grenodiere","adm3_pcode":"HT0732-03","adm2_name":"Saint Louis du Sud","adm1_name":"South"},"geometry":{"type":"Polygon","coordinates":[[[-73.51396,18.28338],[-73.51828,18.28548],[-73.53438,18.2805],[-73.53924,18.28226],[-73.54829,18.27748],[-73.54415,18.27456],[-73.54257,18.26884],[-73.5425,18.26451],[-73.54585,18.2608],[-73.53743,18.252],[-73.53131,18.23292],[-73.51965,18.2362],[-73.51732,18.23377],[-73.51382,18.23519],[-73.50694,18.23257],[-73.49512,18.2389],[-73.49501,18.24085],[-73.50278,18.24179],[-73.50786,18.2451],[-73.50079,18.24655],[-73.49347,18.25183],[-73.4908,18.2567],[-73.49326,18.25961],[-73.49365,18.26755],[-73.48781,18.27232],[-73.4877,18.27895],[-73.48512,18.28053],[-73.49597,18.28009],[-73.51396,18.28338]]]}},{"type":"Feature","properties":{"adm3_name":"3e Section Gros Marin","adm3_pcode":"HT0733-03","adm2_name":"Cavaillon","adm1_name":"South"},"geometry":{"type":"Polygon","coordinates":[[[-73.65027,18.37661],[-73.65628,18.38456],[-73.66466,18.38797],[-73.66902,18.38698],[-73.67208,18.38285],[-73.67143,18.37676],[-73.66474,18.37326],[-73.66924,18.3665],[-73.66556,18.36229],[-73.6475,18.35724],[-73.64411,18.34603],[-73.63764,18.34152],[-73.62937,18.34146],[-73.62794,18.34423],[-73.62547,18.34058],[-73.62226,18.34085],[-73.61883,18.33775],[-73.61127,18.34375],[-73.59696,18.33668],[-73.58532,18.33469],[-73.5842,18.33786],[-73.57819,18.33755],[-73.56788,18.33373],[-73.56485,18.33422],[-73.56148,18.34733],[-73.56436,18.34447],[-73.56435,18.34655],[-73.5563,18.34982],[-73.55726,18.35836],[-73.55493,18.36997],[-73.57106,18.36903],[-73.57838,18.36633],[-73.61599,18.36602],[-73.63025,18.37862],[-73.63459,18.37088],[-73.6401,18.36839],[-73.6459,18.37114],[-73.65027,18.37661]]]}},{"type":"Feature","properties":{"adm3_name":"3e Section Guillaume Moge (Quartier de Desarmes)","adm3_pcode":"HT0532-03","adm2_name":"Verrettes","adm1_name":"Artibonite"},"geometry":{"type":"Polygon","coordinates":[[[-72.43324,19.04406],[-72.43619,19.04691],[-72.43512,19.05345],[-72.44028,19.05718],[-72.44088,19.06284],[-72.44487,19.06432],[-72.44845,19.06451],[-72.46195,19.05365],[-72.45253,19.05019],[-72.43284,19.03474],[-72.43329,19.0179],[-72.44055,19.0146],[-72.4217,19.01146],[-72.40982,19.0049],[-72.4087,19.00147],[-72.40679,19.00559],[-72.40667,18.99564],[-72.39221,18.99652],[-72.38605,18.98917],[-72.38324,18.98069],[-72.37786,18.97566],[-72.3718,18.98317],[-72.36511,18.985],[-72.35762,18.9824],[-72.3545,18.98454],[-72.35625,18.99021],[-72.36122,18.98874],[-72.36729,18.99134],[-72.3728,18.98922],[-72.37359,18.99209],[-72.36855,18.9961],[-72.36853,19.00395],[-72.37328,19.00514],[-72.37681,19.01147],[-72.38617,19.01623],[-72.37975,19.02555],[-72.39121,19.03392],[-72.39725,19.03331],[-72.40497,19.0361],[-72.40864,19.04046],[-72.41356,19.03887],[-72.41637,19.04594],[-72.41914,19.04626],[-72.41984,19.04411],[-72.4186,19.03501],[-72.42659,19.04602],[-72.43324,19.04406]]]}},{"type":"Feature","properties":{"adm3_name":"3e Section Hatty","adm3_pcode":"HT0612-03","adm2_name":"Maissade","adm1_name":"Centre"},"geometry":{"type":"Polygon","coordinates":[[[-72.16582,19.28196],[-72.17384,19.28562],[-72.18301,19.29386],[-72.20333,19.30055],[-72.20331,19.29846],[-72.21796,19.28689],[-72.22474,19.27658],[-72.23333,19.2741],[-72.24205,19.26479],[-72.2391,19.25193],[-72.24139,19.23572],[-72.2331,19.23472],[-72.23272,19.22875],[-72.22903,19.2274],[-72.22636,19.21962],[-72.22196,19.22306],[-72.21473,19.21911],[-72.21317,19.22058],[-72.21137,19.21538],[-72.20875,19.21711],[-72.20051,19.21512],[-72.20213,19.21052],[-72.19739,19.20389],[-72.19335,19.20769],[-72.19235,19.19979],[-72.18642,19.2003],[-72.18571,19.19745],[-72.17794,19.20156],[-72.17292,19.19934],[-72.16707,19.20415],[-72.1598,19.19858],[-72.15267,19.19921],[-72.15249,19.1955],[-72.14573,19.1984],[-72.14461,19.19342],[-72.13506,19.19442],[-72.13086,19.19196],[-72.12602,19.18134],[-72.12245,19.18003],[-72.11201,19.17955],[-72.10518,19.18635],[-72.10103,19.18409],[-72.10244,19.17963],[-72.09678,19.18018],[-72.09232,19.17527],[-72.08648,19.17572],[-72.08593,19.18694],[-72.08381,19.18953],[-72.08569,19.19529],[-72.08196,19.19931],[-72.09315,19.22516],[-72.10288,19.22557],[-72.10883,19.23373],[-72.1159,19.23522],[-72.11991,19.23919],[-72.12429,19.24932],[-72.13648,19.25636],[-72.14374,19.25809],[-72.14914,19.25651],[-72.15482,19.2589],[-72.15278,19.26871],[-72.15913,19.28282],[-72.16582,19.28196]]]}},{"type":"Feature","properties":{"adm3_name":"3e Section Haut Cap Rouge","adm3_pcode":"HT0213-03","adm2_name":"Cayes-Jacmel","adm1_name":"South-East"},"geometry":{"type":"Polygon","coordinates":[[[-72.3869,18.2926],[-72.39292,18.29056],[-72.40706,18.29523],[-72.41422,18.28719],[-72.42962,18.28365],[-72.45229,18.28543],[-72.45563,18.28307],[-72.47244,18.28999],[-72.4696,18.28373],[-72.46079,18.27744],[-72.4445,18.27551],[-72.44115,18.26262],[-72.42985,18.26043],[-72.41106,18.26275],[-72.40696,18.27033],[-72.39869,18.2729],[-72.38998,18.28231],[-72.3869,18.2926]]]}},{"type":"Feature","properties":{"adm3_name":"3e Section Haut des Moustiques","adm3_pcode":"HT0913-03","adm2_name":"Bassin Bleu","adm1_name":"North-West"},"geometry":{"type":"Polygon","coordinates":[[[-72.90118,19.79024],[-72.91197,19.79373],[-72.91864,19.7994],[-72.93205,19.78725],[-72.94077,19.79013],[-72.93893,19.78517],[-72.9276,19.78155],[-72.92323,19.77643],[-72.92214,19.77047],[-72.92318,19.76734],[-72.9262,19.76666],[-72.92711,19.74987],[-72.92376,19.7362],[-72.92492,19.71765],[-72.90245,19.71516],[-72.89715,19.714],[-72.89489,19.71037],[-72.88409,19.70917],[-72.84665,19.71333],[-72.84026,19.71632],[-72.83775,19.721],[-72.83838,19.72989],[-72.83529,19.73196],[-72.85208,19.75358],[-72.85945,19.76231],[-72.86474,19.76454],[-72.87643,19.7801],[-72.90118,19.79024]]]}},{"type":"Feature","properties":{"adm3_name":"3e Section Haut Martineau","adm3_pcode":"HT0371-03","adm2_name":"Plaisance","adm1_name":"North"},"geometry":{"type":"Polygon","coordinates":[[[-72.47585,19.6583],[-72.47877,19.66219],[-72.48819,19.65644],[-72.49524,19.65675],[-72.49494,19.64384],[-72.4851,19.62609],[-72.49329,19.62057],[-72.49139,19.6167],[-72.48399,19.6169],[-72.4776,19.6238],[-72.47297,19.62102],[-72.4756,19.63253],[-72.46682,19.64077],[-72.47585,19.6583]]]}},{"type":"Feature","properties":{"adm3_name":"3e Section Haute Guinaudee","adm3_pcode":"HT0811-03","adm2_name":"Jeremie","adm1_name":"Grande'Anse"},"geometry":{"type":"Polygon","coordinates":[[[-74.13185,18.5575],[-74.13853,18.55569],[-74.13734,18.56045],[-74.14153,18.56147],[-74.14785,18.56967],[-74.16586,18.5582],[-74.17508,18.55708],[-74.17466,18.55281],[-74.16995,18.55016],[-74.17264,18.54668],[-74.17703,18.54684],[-74.1738,18.54022],[-74.17415,18.53334],[-74.17004,18.52731],[-74.17749,18.51771],[-74.17756,18.50868],[-74.17621,18.50643],[-74.16707,18.50883],[-74.16559,18.49288],[-74.16167,18.48116],[-74.19379,18.47978],[-74.20671,18.47366],[-74.21715,18.46333],[-74.21648,18.46053],[-74.22302,18.45076],[-74.22541,18.43594],[-74.21696,18.41914],[-74.2189,18.40652],[-74.20645,18.39812],[-74.19639,18.39779],[-74.18109,18.39202],[-74.13177,18.40105],[-74.12408,18.39636],[-74.11823,18.39684],[-74.10655,18.4035],[-74.1079,18.41613],[-74.12398,18.44307],[-74.13431,18.45542],[-74.13447,18.4589],[-74.12522,18.47058],[-74.12274,18.48187],[-74.12395,18.4873],[-74.148,18.51129],[-74.1404,18.52037],[-74.13874,18.52799],[-74.13134,18.53343],[-74.12946,18.53802],[-74.13185,18.5575]]]}},{"type":"Feature","properties":{"adm3_name":"3e Section Îlet a Pierre Joseph","adm3_pcode":"HT0821-03","adm2_name":"Anse d'Hainault","adm1_name":"Grande'Anse"},"geometry":{"type":"Polygon","coordinates":[[[-74.39694,18.48199],[-74.40162,18.47753],[-74.40816,18.47604],[-74.41232,18.48076],[-74.4183,18.47955],[-74.42557,18.48412],[-74.42899,18.47801],[-74.43456,18.47568],[-74.44169,18.48266],[-74.45377,18.48274],[-74.45313,18.47116],[-74.46167,18.4651],[-74.45929,18.46169],[-74.46514,18.45879],[-74.4643,18.45443],[-74.46821,18.44961],[-74.46082,18.44798],[-74.4397,18.45048],[-74.42904,18.45671],[-74.41508,18.447],[-74.40803,18.45056],[-74.40104,18.44838],[-74.39154,18.45053],[-74.38568,18.44925],[-74.38661,18.45786],[-74.3808,18.46246],[-74.38483,18.47047],[-74.39009,18.47446],[-74.38959,18.47998],[-74.3942,18.4791],[-74.39449,18.48375],[-74.39694,18.48199]]]}},{"type":"Feature","properties":{"adm3_name":"3e Section Jean Bellune","adm3_pcode":"HT0834-03","adm2_name":"Pestel","adm1_name":"Grande'Anse"},"geometry":{"type":"Polygon","coordinates":[[[-73.74829,18.48981],[-73.76169,18.49421],[-73.76541,18.49068],[-73.78908,18.48667],[-73.8084,18.49044],[-73.80714,18.47993],[-73.79666,18.47174],[-73.79633,18.46491],[-73.78431,18.46746],[-73.78216,18.46606],[-73.7865,18.45273],[-73.78585,18.44036],[-73.77913,18.43787],[-73.7789,18.4413],[-73.7758,18.44222],[-73.77487,18.45417],[-73.76629,18.45947],[-73.76546,18.46545],[-73.74624,18.47534],[-73.73906,18.48149],[-73.73851,18.48627],[-73.74237,18.48929],[-73.74829,18.48981]]]}},{"type":"Feature","properties":{"adm3_name":"3e Section l'Assise ou Chameau","adm3_pcode":"HT0814-03","adm2_name":"Moron","adm1_name":"Grande'Anse"},"geometry":{"type":"Polygon","coordinates":[[[-74.27847,18.55289],[-74.27865,18.5556],[-74.28289,18.55645],[-74.28727,18.5536],[-74.28689,18.54959],[-74.29119,18.545],[-74.29982,18.54178],[-74.29533,18.53877],[-74.29512,18.53211],[-74.30388,18.5156],[-74.30721,18.50087],[-74.31263,18.4936],[-74.31157,18.48629],[-74.31525,18.47881],[-74.31146,18.47298],[-74.31283,18.46759],[-74.31093,18.46162],[-74.30442,18.45864],[-74.30741,18.45393],[-74.30801,18.446],[-74.31511,18.43895],[-74.31402,18.42875],[-74.32753,18.42777],[-74.33429,18.41867],[-74.33249,18.41599],[-74.32126,18.41828],[-74.30246,18.41592],[-74.30334,18.41153],[-74.29633,18.39595],[-74.27701,18.38136],[-74.27205,18.38207],[-74.27368,18.38592],[-74.28491,18.39679],[-74.28249,18.39936],[-74.27694,18.3984],[-74.27683,18.40285],[-74.27184,18.4092],[-74.27729,18.42393],[-74.27936,18.4234],[-74.2783,18.42809],[-74.2816,18.42864],[-74.28175,18.43363],[-74.28514,18.43724],[-74.28541,18.43919],[-74.28029,18.43921],[-74.27991,18.44171],[-74.28375,18.44299],[-74.28235,18.44681],[-74.28921,18.44491],[-74.29012,18.4466],[-74.28717,18.45006],[-74.28865,18.46021],[-74.28404,18.45971],[-74.28157,18.47042],[-74.28291,18.47394],[-74.27821,18.47906],[-74.28585,18.47918],[-74.28708,18.48131],[-74.28413,18.48389],[-74.28701,18.48803],[-74.29012,18.4849],[-74.28926,18.49453],[-74.28648,18.49458],[-74.2826,18.50073],[-74.286,18.51181],[-74.29114,18.51572],[-74.29512,18.52301],[-74.28587,18.52227],[-74.28641,18.52668],[-74.28225,18.52674],[-74.28315,18.52988],[-74.28144,18.53038],[-74.27187,18.52923],[-74.27484,18.53329],[-74.27283,18.53482],[-74.27358,18.53921],[-74.26579,18.54015],[-74.26829,18.54551],[-74.27434,18.54514],[-74.27517,18.55096],[-74.27896,18.55063],[-74.27847,18.55289]]]}},{"type":"Feature","properties":{"adm3_name":"3e Section La Vallee de Bainet","adm3_pcode":"HT0221-03","adm2_name":"Bainet","adm1_name":"South-East"},"geometry":{"type":"Polygon","coordinates":[[[-72.72964,18.27792],[-72.7359,18.26575],[-72.74178,18.26061],[-72.75008,18.26428],[-72.7609,18.26067],[-72.75943,18.25744],[-72.76172,18.24927],[-72.76627,18.24628],[-72.77791,18.24571],[-72.78244,18.23474],[-72.77987,18.23254],[-72.77255,18.23776],[-72.75934,18.24104],[-72.76241,18.22878],[-72.76123,18.21455],[-72.757,18.20284],[-72.7518,18.19672],[-72.75094,18.18985],[-72.74683,18.18979],[-72.73077,18.19997],[-72.73318,18.20572],[-72.731,18.20699],[-72.73296,18.20973],[-72.73141,18.21996],[-72.73569,18.22828],[-72.73489,18.24001],[-72.72769,18.25008],[-72.72777,18.25809],[-72.71738,18.2676],[-72.72199,18.26852],[-72.72507,18.27665],[-72.72964,18.27792]]]}},{"type":"Feature","properties":{"adm3_name":"3e Section Labady","adm3_pcode":"HT0542-03","adm2_name":"Petite Riviere de l'Artibonite","adm1_name":"Artibonite"},"geometry":{"type":"Polygon","coordinates":[[[-72.4564,19.12854],[-72.46207,19.13388],[-72.47951,19.14097],[-72.48171,19.12725],[-72.48674,19.13026],[-72.49201,19.12572],[-72.48749,19.12593],[-72.49203,19.12246],[-72.49145,19.11981],[-72.48175,19.12014],[-72.47647,19.11681],[-72.47476,19.11106],[-72.4797,19.10142],[-72.47452,19.0983],[-72.47377,19.09265],[-72.47948,19.09232],[-72.48494,19.09717],[-72.48913,19.09321],[-72.48139,19.09094],[-72.48275,19.08342],[-72.47932,19.0771],[-72.47697,19.07832],[-72.47745,19.08297],[-72.47021,19.08424],[-72.46846,19.08117],[-72.47307,19.07575],[-72.46839,19.07231],[-72.46432,19.076],[-72.46302,19.08316],[-72.45074,19.08369],[-72.44998,19.0768],[-72.45226,19.0704],[-72.44845,19.06451],[-72.44088,19.06284],[-72.44028,19.05718],[-72.43512,19.05345],[-72.43489,19.04505],[-72.42659,19.04602],[-72.4186,19.03501],[-72.41984,19.04411],[-72.41914,19.04626],[-72.41637,19.04594],[-72.41356,19.03887],[-72.40864,19.04046],[-72.40497,19.0361],[-72.39725,19.03331],[-72.39121,19.03392],[-72.3873,19.03016],[-72.39204,19.04211],[-72.38708,19.04759],[-72.38899,19.05337],[-72.38354,19.0561],[-72.3886,19.06691],[-72.38494,19.07202],[-72.38804,19.07557],[-72.39394,19.07554],[-72.39337,19.08034],[-72.3996,19.08301],[-72.39834,19.08617],[-72.40568,19.08963],[-72.41792,19.11248],[-72.43303,19.11684],[-72.43316,19.12422],[-72.4403,19.12668],[-72.44262,19.13148],[-72.4564,19.12854]]]}},{"type":"Feature","properties":{"adm3_name":"3e Section Laborde","adm3_pcode":"HT0711-03","adm2_name":"Les Cayes","adm1_name":"South"},"geometry":{"type":"Polygon","coordinates":[[[-73.79146,18.3468],[-73.80432,18.35071],[-73.80388,18.34741],[-73.80963,18.34605],[-73.80343,18.33579],[-73.82212,18.33553],[-73.82769,18.33212],[-73.8274,18.32909],[-73.83282,18.32467],[-73.83276,18.32228],[-73.82784,18.29709],[-73.82299,18.2895],[-73.82007,18.28725],[-73.81569,18.28829],[-73.81156,18.28237],[-73.80732,18.28233],[-73.80431,18.27191],[-73.7945,18.2738],[-73.79176,18.26628],[-73.78173,18.26902],[-73.78086,18.26648],[-73.77369,18.2702],[-73.7794,18.28964],[-73.77151,18.30172],[-73.77086,18.3074],[-73.77401,18.31476],[-73.79002,18.32757],[-73.78862,18.33503],[-73.7937,18.33955],[-73.79108,18.34249],[-73.79146,18.3468]]]}},{"type":"Feature","properties":{"adm3_name":"3e Section Lagon","adm3_pcode":"HT0522-03","adm2_name":"Terre Neuve","adm1_name":"Artibonite"},"geometry":{"type":"Polygon","coordinates":[[[-72.80825,19.68328],[-72.83041,19.69674],[-72.82153,19.71365],[-72.83283,19.72309],[-72.82911,19.73159],[-72.83529,19.73196],[-72.83838,19.72989],[-72.83775,19.721],[-72.84026,19.71632],[-72.84665,19.71333],[-72.85815,19.7129],[-72.85043,19.70164],[-72.85534,19.69006],[-72.87124,19.68199],[-72.8762,19.68262],[-72.87874,19.67618],[-72.85764,19.67142],[-72.85454,19.66315],[-72.85817,19.66046],[-72.85765,19.65846],[-72.85344,19.65547],[-72.83363,19.65039],[-72.8002,19.63747],[-72.80212,19.64929],[-72.80009,19.65658],[-72.78478,19.67776],[-72.79823,19.68509],[-72.80119,19.68142],[-72.80825,19.68328]]]}},{"type":"Feature","properties":{"adm3_name":"3e Section Lamielle","adm3_pcode":"HT0641-03","adm2_name":"Cerca La Source","adm1_name":"Centre"},"geometry":{"type":"Polygon","coordinates":[[[-71.74865,19.27806],[-71.75306,19.27968],[-71.75927,19.27547],[-71.76535,19.27591],[-71.76367,19.27278],[-71.76724,19.26544],[-71.75841,19.22472],[-71.75145,19.22094],[-71.74398,19.21166],[-71.7301,19.20728],[-71.72071,19.20862],[-71.71549,19.19691],[-71.7058,19.18998],[-71.6998,19.19288],[-71.68644,19.17877],[-71.68046,19.18233],[-71.67125,19.18134],[-71.66516,19.17774],[-71.66078,19.17937],[-71.65811,19.17552],[-71.65142,19.17356],[-71.64301,19.16671],[-71.63427,19.16832],[-71.63911,19.1744],[-71.64731,19.17672],[-71.64387,19.17755],[-71.64447,19.18019],[-71.63798,19.17852],[-71.63542,19.18334],[-71.62765,19.18188],[-71.62692,19.18635],[-71.6299,19.18696],[-71.63059,19.18955],[-71.6371,19.18948],[-71.63964,19.19302],[-71.63741,19.19437],[-71.63836,19.2012],[-71.63143,19.20602],[-71.62766,19.20615],[-71.62486,19.20297],[-71.62416,19.20622],[-71.62215,19.20615],[-71.62686,19.20929],[-71.6337,19.20795],[-71.6286,19.21122],[-71.63385,19.21673],[-71.63584,19.22524],[-71.64072,19.22479],[-71.6384,19.2279],[-71.63976,19.22957],[-71.66517,19.22931],[-71.66729,19.23089],[-71.66662,19.23403],[-71.66994,19.23305],[-71.67486,19.23582],[-71.67915,19.23246],[-71.68079,19.23677],[-71.69008,19.23871],[-71.69256,19.24203],[-71.69701,19.24083],[-71.69826,19.24423],[-71.7081,19.25118],[-71.70869,19.25971],[-71.71675,19.26727],[-71.7238,19.26773],[-71.72193,19.27082],[-71.72556,19.27841],[-71.73222,19.26657],[-71.7317,19.2623],[-71.73843,19.26907],[-71.73891,19.27881],[-71.7472,19.27418],[-71.74865,19.27806]]]}},{"type":"Feature","properties":{"adm3_name":"3e Section Lieve ou Vigny","adm3_pcode":"HT1022-03","adm2_name":"Petit Trou de Nippes","adm1_name":"Nippes"},"geometry":{"type":"Polygon","coordinates":[[[-73.46267,18.45015],[-73.47062,18.44967],[-73.4761,18.44562],[-73.48945,18.44579],[-73.49212,18.43756],[-73.50987,18.43464],[-73.50846,18.42585],[-73.51097,18.42076],[-73.5061,18.41306],[-73.49912,18.41356],[-73.49429,18.40846],[-73.49407,18.40368],[-73.50202,18.38635],[-73.49945,18.38216],[-73.49062,18.38147],[-73.48872,18.37842],[-73.48431,18.3802],[-73.47847,18.38768],[-73.4723,18.38922],[-73.46935,18.38383],[-73.46311,18.37947],[-73.45227,18.38577],[-73.4508,18.39154],[-73.44616,18.39334],[-73.44451,18.40167],[-73.44885,18.40839],[-73.44916,18.41475],[-73.4472,18.4162],[-73.44548,18.43169],[-73.44209,18.43466],[-73.45072,18.44627],[-73.46267,18.45015]]]}},{"type":"Feature","properties":{"adm3_name":"3e Section Loby","adm3_pcode":"HT0753-03","adm2_name":"Tiburon","adm1_name":"South"},"geometry":{"type":"Polygon","coordinates":[[[-74.30861,18.36703],[-74.32453,18.36447],[-74.32992,18.36087],[-74.34006,18.36195],[-74.34313,18.3643],[-74.35577,18.36019],[-74.3655,18.36268],[-74.37032,18.36024],[-74.38253,18.36065],[-74.38787,18.36286],[-74.39971,18.35757],[-74.41023,18.36068],[-74.42309,18.35716],[-74.43235,18.35891],[-74.43241,18.3634],[-74.43675,18.36627],[-74.43573,18.36094],[-74.4411,18.35702],[-74.44904,18.35851],[-74.45053,18.35669],[-74.44493,18.34726],[-74.43963,18.3467],[-74.43072,18.34081],[-74.41244,18.33822],[-74.40208,18.33421],[-74.39752,18.32481],[-74.38507,18.32511],[-74.37526,18.32064],[-74.37058,18.31585],[-74.36748,18.31888],[-74.3608,18.31964],[-74.34264,18.328],[-74.33433,18.32648],[-74.31601,18.32988],[-74.31459,18.33896],[-74.30972,18.34893],[-74.3141,18.35762],[-74.30861,18.36703]]]}},{"type":"Feature","properties":{"adm3_name":"3e Section Loiseau","adm3_pcode":"HT0411-03","adm2_name":"Fort-Liberte","adm1_name":"North-East"},"geometry":{"type":"Polygon","coordinates":[[[-71.88065,19.55477],[-71.88396,19.55749],[-71.88289,19.55102],[-71.88627,19.54763],[-71.88267,19.54655],[-71.89421,19.54354],[-71.89539,19.53898],[-71.8945,19.52627],[-71.89094,19.52274],[-71.89171,19.51609],[-71.89485,19.51255],[-71.89515,19.50037],[-71.89315,19.49803],[-71.88413,19.49762],[-71.88164,19.49106],[-71.88694,19.48564],[-71.88255,19.47346],[-71.89077,19.46045],[-71.87471,19.44405],[-71.8732,19.43636],[-71.86683,19.42683],[-71.85319,19.42413],[-71.84583,19.42764],[-71.84169,19.42678],[-71.84119,19.43149],[-71.84381,19.43546],[-71.83942,19.43958],[-71.84569,19.44555],[-71.84659,19.45041],[-71.83909,19.46277],[-71.82941,19.47143],[-71.82805,19.47691],[-71.83783,19.48389],[-71.836,19.49135],[-71.83842,19.50696],[-71.83603,19.50995],[-71.83664,19.51698],[-71.83338,19.52515],[-71.82805,19.52714],[-71.82256,19.53344],[-71.82072,19.54031],[-71.82461,19.54276],[-71.82203,19.54574],[-71.8226,19.54998],[-71.82762,19.54567],[-71.83576,19.54686],[-71.84163,19.54245],[-71.85204,19.54589],[-71.86139,19.54204],[-71.86372,19.54264],[-71.86745,19.55335],[-71.88065,19.55477]]]}},{"type":"Feature","properties":{"adm3_name":"3e Section Macary","adm3_pcode":"HT0212-03","adm2_name":"Marigot","adm1_name":"South-East"},"geometry":{"type":"Polygon","coordinates":[[[-72.25475,18.35766],[-72.28064,18.35438],[-72.28692,18.34394],[-72.29113,18.34146],[-72.32254,18.34063],[-72.33017,18.32945],[-72.32479,18.31866],[-72.32874,18.30552],[-72.3237,18.3029],[-72.32746,18.29965],[-72.33234,18.28293],[-72.33157,18.27379],[-72.3339,18.26371],[-72.32453,18.26347],[-72.31064,18.25757],[-72.30236,18.26643],[-72.29612,18.27823],[-72.28891,18.28185],[-72.28599,18.29071],[-72.27466,18.30552],[-72.26663,18.30709],[-72.25963,18.31793],[-72.26557,18.32751],[-72.25565,18.33489],[-72.25299,18.33975],[-72.2572,18.34805],[-72.25342,18.35218],[-72.25475,18.35766]]]}},{"type":"Feature","properties":{"adm3_name":"3e Section Martissant","adm3_pcode":"HT0111-03","adm2_name":"Port-au-Prince","adm1_name":"West"},"geometry":{"type":"Polygon","coordinates":[[[-72.34655,18.53634],[-72.35649,18.53933],[-72.36082,18.5339],[-72.36353,18.53625],[-72.36391,18.53301],[-72.36768,18.53496],[-72.37064,18.53357],[-72.36939,18.52348],[-72.37116,18.52025],[-72.368,18.51671],[-72.36714,18.51013],[-72.36829,18.50002],[-72.36457,18.49703],[-72.35302,18.4977],[-72.35041,18.49981],[-72.35015,18.51736],[-72.34752,18.52119],[-72.34655,18.53634]]]}},{"type":"Feature","properties":{"adm3_name":"3e Section Matador","adm3_pcode":"HT0342-03","adm2_name":"Dondon","adm1_name":"North"},"geometry":{"type":"Polygon","coordinates":[[[-72.30216,19.51136],[-72.31,19.50582],[-72.31265,19.50889],[-72.317,19.50775],[-72.32208,19.51101],[-72.32709,19.51049],[-72.33161,19.50548],[-72.32602,19.50052],[-72.32539,19.48975],[-72.31868,19.48726],[-72.32879,19.46296],[-72.32045,19.45975],[-72.3068,19.46546],[-72.28819,19.46785],[-72.27564,19.46396],[-72.27321,19.46983],[-72.2654,19.47067],[-72.26073,19.47585],[-72.25073,19.47717],[-72.2568,19.48922],[-72.25538,19.50991],[-72.29623,19.50747],[-72.30216,19.51136]]]}},{"type":"Feature","properties":{"adm3_name":"3e Section Melon","adm3_pcode":"HT0715-03","adm2_name":"Maniche","adm1_name":"South"},"geometry":{"type":"Polygon","coordinates":[[[-73.78562,18.42407],[-73.8213,18.4129],[-73.81427,18.40653],[-73.82101,18.39808],[-73.81542,18.39405],[-73.81809,18.38362],[-73.81021,18.36902],[-73.81053,18.36393],[-73.81983,18.357],[-73.81831,18.35327],[-73.80862,18.35272],[-73.79146,18.3468],[-73.78504,18.34909],[-73.78294,18.34767],[-73.77746,18.35102],[-73.77055,18.35062],[-73.76747,18.34737],[-73.75662,18.348],[-73.75405,18.35821],[-73.75705,18.36285],[-73.75385,18.36598],[-73.7532,18.37182],[-73.74221,18.37161],[-73.7386,18.37314],[-73.73715,18.37709],[-73.73833,18.37992],[-73.74753,18.37968],[-73.74998,18.39062],[-73.74615,18.39257],[-73.75402,18.39639],[-73.75078,18.40259],[-73.75578,18.40617],[-73.75539,18.40952],[-73.74629,18.41124],[-73.74136,18.40872],[-73.73779,18.41599],[-73.74715,18.42177],[-73.75916,18.4235],[-73.771,18.41768],[-73.78002,18.42395],[-73.78562,18.42407]]]}},{"type":"Feature","properties":{"adm3_name":"3e Section Montagne Noire","adm3_pcode":"HT0332-03","adm2_name":"Bahon","adm1_name":"North"},"geometry":{"type":"Polygon","coordinates":[[[-72.14637,19.50276],[-72.15398,19.50609],[-72.18105,19.4922],[-72.16738,19.47689],[-72.15974,19.46432],[-72.14975,19.47633],[-72.14322,19.47912],[-72.14239,19.482],[-72.13166,19.48959],[-72.13482,19.4955],[-72.13307,19.49819],[-72.13593,19.50181],[-72.13492,19.50546],[-72.14637,19.50276]]]}},{"type":"Feature","properties":{"adm3_name":"3e Section Morne a Brûler","adm3_pcode":"HT0214-03","adm2_name":"La Vallee","adm1_name":"South-East"},"geometry":{"type":"Polygon","coordinates":[[[-72.66559,18.3283],[-72.67065,18.33033],[-72.67476,18.3249],[-72.68159,18.32464],[-72.68274,18.32154],[-72.6874,18.32264],[-72.68858,18.31853],[-72.69257,18.31602],[-72.69585,18.31716],[-72.70297,18.30804],[-72.71127,18.30896],[-72.70672,18.30024],[-72.7102,18.29383],[-72.70815,18.29119],[-72.70552,18.28925],[-72.69638,18.2897],[-72.69066,18.29589],[-72.68019,18.29201],[-72.6658,18.29736],[-72.66278,18.294],[-72.6584,18.29562],[-72.65425,18.29227],[-72.6453,18.29936],[-72.62874,18.2968],[-72.63064,18.29967],[-72.62799,18.30239],[-72.63096,18.30577],[-72.63191,18.31246],[-72.63474,18.31271],[-72.63395,18.31585],[-72.64075,18.323],[-72.64859,18.32607],[-72.65902,18.32429],[-72.66559,18.3283]]]}},{"type":"Feature","properties":{"adm3_name":"3e Section Mornet","adm3_pcode":"HT0321-03","adm2_name":"Acul du Nord","adm1_name":"North"},"geometry":{"type":"Polygon","coordinates":[[[-72.29758,19.64546],[-72.29507,19.6486],[-72.29664,19.65065],[-72.30288,19.64913],[-72.31143,19.64194],[-72.31358,19.63392],[-72.31207,19.62807],[-72.3061,19.62378],[-72.31264,19.61575],[-72.31015,19.60235],[-72.31139,19.5905],[-72.30377,19.57271],[-72.2927,19.56193],[-72.29445,19.55806],[-72.29179,19.55807],[-72.28796,19.55861],[-72.28813,19.56171],[-72.28566,19.56188],[-72.2849,19.56474],[-72.27026,19.56539],[-72.27278,19.58269],[-72.27912,19.58759],[-72.27446,19.59244],[-72.27527,19.59961],[-72.27191,19.61312],[-72.27812,19.63782],[-72.27333,19.64205],[-72.2731,19.64698],[-72.27656,19.64799],[-72.27557,19.64975],[-72.28485,19.65044],[-72.28913,19.64659],[-72.29758,19.64546]]]}},{"type":"Feature","properties":{"adm3_name":"3e Section Mouline","adm3_pcode":"HT0833-03","adm2_name":"Beaumont","adm1_name":"Grande'Anse"},"geometry":{"type":"Polygon","coordinates":[[[-73.98362,18.49523],[-73.9932,18.4989],[-74.02181,18.49759],[-74.02954,18.49456],[-74.03117,18.49157],[-74.02979,18.48089],[-74.03816,18.47884],[-74.04171,18.47049],[-74.04228,18.45665],[-74.03388,18.453],[-74.03284,18.4491],[-74.03713,18.43266],[-74.02961,18.43414],[-74.02772,18.42833],[-74.03155,18.41008],[-74.04077,18.39323],[-74.04128,18.3876],[-74.02287,18.38234],[-74.00276,18.38373],[-74.00134,18.40682],[-73.99371,18.42286],[-73.99662,18.43581],[-73.99115,18.44083],[-73.98923,18.44852],[-73.9819,18.45326],[-73.98933,18.46783],[-73.98781,18.47022],[-73.97549,18.46837],[-73.9702,18.47098],[-73.97997,18.47646],[-73.97256,18.48378],[-73.97304,18.48684],[-73.98292,18.49207],[-73.98362,18.49523]]]}},{"type":"Feature","properties":{"adm3_name":"3e Section Moussambe","adm3_pcode":"HT0123-03","adm2_name":"Grand-Goave","adm1_name":"West"},"geometry":{"type":"Polygon","coordinates":[[[-72.77069,18.31215],[-72.78501,18.31088],[-72.79103,18.30509],[-72.79807,18.31044],[-72.80008,18.30928],[-72.8039,18.30094],[-72.7999,18.28706],[-72.80342,18.2819],[-72.79474,18.27548],[-72.76726,18.26673],[-72.76414,18.26764],[-72.76375,18.27137],[-72.76633,18.27391],[-72.76099,18.28057],[-72.76403,18.28393],[-72.7618,18.28573],[-72.76217,18.29705],[-72.76445,18.30631],[-72.77069,18.31215]]]}},{"type":"Feature","properties":{"adm3_name":"3e Section Oge","adm3_pcode":"HT0541-03","adm2_name":"Dessalines","adm1_name":"Artibonite"},"geometry":{"type":"Polygon","coordinates":[[[-72.49478,19.33162],[-72.49779,19.33717],[-72.50844,19.33757],[-72.51053,19.33672],[-72.5106,19.33244],[-72.52354,19.33084],[-72.53008,19.32592],[-72.53389,19.31523],[-72.53805,19.31244],[-72.54081,19.31187],[-72.54645,19.31766],[-72.56005,19.31316],[-72.56485,19.30242],[-72.58274,19.30404],[-72.55815,19.28983],[-72.55071,19.28064],[-72.547,19.27041],[-72.55066,19.2507],[-72.55794,19.24104],[-72.55841,19.23251],[-72.55498,19.2289],[-72.54866,19.22735],[-72.54897,19.21845],[-72.54162,19.22432],[-72.53756,19.22426],[-72.53629,19.22216],[-72.54032,19.21497],[-72.53942,19.21048],[-72.52761,19.1991],[-72.52459,19.19884],[-72.52418,19.19483],[-72.5181,19.19319],[-72.51424,19.19651],[-72.50703,19.18797],[-72.50066,19.18921],[-72.49355,19.17707],[-72.47972,19.17614],[-72.47969,19.18166],[-72.47362,19.19133],[-72.46549,19.19792],[-72.47321,19.20262],[-72.47537,19.2167],[-72.48583,19.2253],[-72.49513,19.22707],[-72.50238,19.21997],[-72.50942,19.22558],[-72.51531,19.24099],[-72.51294,19.24399],[-72.5154,19.25518],[-72.51123,19.26152],[-72.503,19.25833],[-72.4961,19.26273],[-72.48679,19.26117],[-72.48008,19.26327],[-72.47263,19.25944],[-72.45281,19.26099],[-72.4569,19.27266],[-72.45442,19.27641],[-72.45511,19.2884],[-72.45977,19.29692],[-72.48267,19.3135],[-72.48705,19.32518],[-72.49478,19.33162]]]}},{"type":"Feature","properties":{"adm3_name":"3e Section Pemerle","adm3_pcode":"HT1013-03","adm2_name":"Fonds des Negres","adm1_name":"Nippes"},"geometry":{"type":"Polygon","coordinates":[[[-73.20076,18.39661],[-73.21245,18.39506],[-73.215,18.387],[-73.22376,18.37592],[-73.22485,18.36313],[-73.21885,18.36128],[-73.18938,18.36358],[-73.17544,18.35608],[-73.17423,18.35948],[-73.169,18.36252],[-73.16306,18.35545],[-73.15656,18.35546],[-73.15114,18.36282],[-73.15328,18.36685],[-73.15136,18.37521],[-73.15534,18.37971],[-73.15409,18.38292],[-73.158,18.39047],[-73.17077,18.38728],[-73.18555,18.39009],[-73.18923,18.38795],[-73.20076,18.39661]]]}},{"type":"Feature","properties":{"adm3_name":"3e Section Petit Anse","adm3_pcode":"HT0311-03","adm2_name":"Cap-Haitien","adm1_name":"North"},"geometry":{"type":"Polygon","coordinates":[[[-72.19088,19.74123],[-72.19995,19.74574],[-72.2035,19.75084],[-72.20541,19.74626],[-72.20321,19.73823],[-72.20626,19.73661],[-72.20541,19.73862],[-72.20829,19.74045],[-72.21242,19.73454],[-72.21875,19.73299],[-72.22204,19.72649],[-72.22544,19.72764],[-72.22694,19.72178],[-72.22351,19.72309],[-72.2076,19.71615],[-72.18747,19.72086],[-72.18138,19.72463],[-72.16456,19.72463],[-72.16431,19.73796],[-72.15896,19.74308],[-72.1586,19.74676],[-72.17025,19.74606],[-72.17254,19.74775],[-72.17538,19.74606],[-72.17245,19.74297],[-72.17402,19.74138],[-72.19088,19.74123]]]}},{"type":"Feature","properties":{"adm3_name":"3e Section Petit Bois","adm3_pcode":"HT0131-03","adm2_name":"Croix-Des-Bouquets","adm1_name":"West"},"geometry":{"type":"Polygon","coordinates":[[[-72.26548,18.60168],[-72.27849,18.60278],[-72.28482,18.59802],[-72.2737,18.59991],[-72.2685,18.59624],[-72.25647,18.59357],[-72.25358,18.58736],[-72.24864,18.58695],[-72.24844,18.58068],[-72.24339,18.57793],[-72.24286,18.57337],[-72.22925,18.55052],[-72.22772,18.54344],[-72.2104,18.52172],[-72.20739,18.51042],[-72.19734,18.49909],[-72.19494,18.5102],[-72.18465,18.51579],[-72.17109,18.51865],[-72.17761,18.52121],[-72.17442,18.52496],[-72.17929,18.52815],[-72.18389,18.53839],[-72.19653,18.53507],[-72.19818,18.53923],[-72.20229,18.539],[-72.20395,18.54414],[-72.19897,18.5468],[-72.19866,18.54942],[-72.20833,18.56901],[-72.22737,18.57294],[-72.26548,18.60168]]]}},{"type":"Feature","properties":{"adm3_name":"3e Section Petit Boucan","adm3_pcode":"HT0116-03","adm2_name":"Gressier","adm1_name":"West"},"geometry":{"type":"Polygon","coordinates":[[[-72.54092,18.54431],[-72.54607,18.54998],[-72.56141,18.52221],[-72.55777,18.51458],[-72.56478,18.51441],[-72.56922,18.50927],[-72.56979,18.49333],[-72.56713,18.48564],[-72.54935,18.47212],[-72.53854,18.47468],[-72.53106,18.47172],[-72.52616,18.47352],[-72.52057,18.4717],[-72.49994,18.47257],[-72.49909,18.47607],[-72.50304,18.48061],[-72.50177,18.48202],[-72.5079,18.48611],[-72.50479,18.48741],[-72.50425,18.49135],[-72.50176,18.49219],[-72.50109,18.48909],[-72.49785,18.49131],[-72.49616,18.49865],[-72.49821,18.50464],[-72.50085,18.50911],[-72.51294,18.51066],[-72.51601,18.5101],[-72.51605,18.50721],[-72.52078,18.51178],[-72.5272,18.51321],[-72.53118,18.51936],[-72.52898,18.52638],[-72.53171,18.52872],[-72.53376,18.53806],[-72.5318,18.54209],[-72.53345,18.54517],[-72.54092,18.54431]]]}},{"type":"Feature","properties":{"adm3_name":"3e Section Petit Bourgde Borgne","adm3_pcode":"HT0351-03","adm2_name":"Borgne","adm1_name":"North"},"geometry":{"type":"Polygon","coordinates":[[[-72.59089,19.83148],[-72.5944,19.83029],[-72.59811,19.83741],[-72.60411,19.83883],[-72.61355,19.83411],[-72.61621,19.82038],[-72.61501,19.81799],[-72.60701,19.8172],[-72.60622,19.81511],[-72.61216,19.80349],[-72.60796,19.79336],[-72.61661,19.78728],[-72.60095,19.78806],[-72.59737,19.78122],[-72.58054,19.77611],[-72.58006,19.77031],[-72.57234,19.76481],[-72.56924,19.76519],[-72.56508,19.77212],[-72.56691,19.7768],[-72.56521,19.77911],[-72.54965,19.78291],[-72.54395,19.78135],[-72.54056,19.78427],[-72.55119,19.79695],[-72.55598,19.79668],[-72.55415,19.8016],[-72.56495,19.80373],[-72.5677,19.81179],[-72.57456,19.81356],[-72.5766,19.81796],[-72.58342,19.82056],[-72.59089,19.83148]]]}},{"type":"Feature","properties":{"adm3_name":"3e Section Plaine d'Orange","adm3_pcode":"HT0933-03","adm2_name":"Bombardopolis","adm1_name":"North-West"},"geometry":{"type":"Polygon","coordinates":[[[-73.37776,19.72837],[-73.38724,19.73176],[-73.39547,19.73994],[-73.40058,19.73842],[-73.40774,19.72682],[-73.41195,19.69893],[-73.41582,19.69453],[-73.42462,19.69301],[-73.43666,19.67938],[-73.44303,19.67755],[-73.43715,19.66763],[-73.41616,19.64972],[-73.41502,19.65725],[-73.40515,19.66064],[-73.40264,19.67019],[-73.39425,19.67651],[-73.39075,19.68263],[-73.38299,19.71312],[-73.3778,19.72264],[-73.37776,19.72837]]]}},{"type":"Feature","properties":{"adm3_name":"3e Section Platon","adm3_pcode":"HT0552-03","adm2_name":"Marmelade","adm1_name":"Artibonite"},"geometry":{"type":"Polygon","coordinates":[[[-72.36004,19.52727],[-72.36514,19.52455],[-72.36894,19.51528],[-72.38136,19.5168],[-72.39055,19.5137],[-72.40071,19.52194],[-72.40159,19.52568],[-72.41253,19.52813],[-72.41676,19.53686],[-72.43321,19.52531],[-72.44002,19.52812],[-72.44193,19.52282],[-72.4472,19.52139],[-72.44392,19.51556],[-72.43942,19.51281],[-72.43539,19.51505],[-72.43182,19.50839],[-72.41499,19.49851],[-72.41402,19.4915],[-72.40968,19.48436],[-72.40405,19.48059],[-72.4026,19.47421],[-72.40729,19.4697],[-72.41274,19.46985],[-72.41747,19.46488],[-72.40216,19.46164],[-72.39299,19.46711],[-72.38713,19.46658],[-72.3798,19.47022],[-72.38467,19.4767],[-72.37499,19.48372],[-72.3756,19.48685],[-72.36969,19.49634],[-72.3728,19.50463],[-72.36273,19.51208],[-72.3625,19.52303],[-72.36004,19.52727]]]}},{"type":"Feature","properties":{"adm3_name":"3e Section Pte Riviere de Bayonnais","adm3_pcode":"HT0511-03","adm2_name":"Gonaives","adm1_name":"Artibonite"},"geometry":{"type":"Polygon","coordinates":[[[-72.59425,19.52623],[-72.59412,19.5287],[-72.60185,19.52741],[-72.61841,19.52022],[-72.62283,19.51303],[-72.62912,19.49044],[-72.60379,19.47198],[-72.59034,19.45248],[-72.58898,19.42984],[-72.59523,19.42621],[-72.59359,19.42349],[-72.59032,19.42361],[-72.59105,19.41194],[-72.59343,19.40365],[-72.5982,19.4008],[-72.58192,19.3915],[-72.56424,19.3949],[-72.55786,19.38873],[-72.54904,19.38932],[-72.5392,19.35722],[-72.51053,19.33672],[-72.49656,19.33714],[-72.49331,19.35343],[-72.49605,19.35988],[-72.4953,19.36974],[-72.48601,19.36848],[-72.48229,19.3747],[-72.47735,19.37765],[-72.47746,19.38326],[-72.46761,19.38386],[-72.46276,19.3921],[-72.45225,19.39543],[-72.45395,19.40075],[-72.45777,19.40241],[-72.47034,19.42415],[-72.47804,19.42893],[-72.48159,19.42875],[-72.49716,19.44154],[-72.50139,19.46035],[-72.50974,19.46036],[-72.52043,19.46625],[-72.52391,19.47177],[-72.52639,19.48394],[-72.53512,19.48619],[-72.5374,19.49139],[-72.5408,19.49263],[-72.55776,19.4942],[-72.55922,19.49115],[-72.56791,19.49209],[-72.57591,19.4985],[-72.58215,19.51123],[-72.59107,19.51792],[-72.59425,19.52623]]]}},{"type":"Feature","properties":{"adm3_name":"3e Section Quentin","adm3_pcode":"HT0741-03","adm2_name":"Coteaux","adm1_name":"South"},"geometry":{"type":"Polygon","coordinates":[[[-74.00562,18.29018],[-74.00716,18.29533],[-74.01624,18.3037],[-74.01875,18.29119],[-74.04069,18.28083],[-74.04602,18.28261],[-74.05396,18.27259],[-74.05575,18.26565],[-74.05871,18.26526],[-74.06197,18.26055],[-74.06237,18.25359],[-74.06615,18.24666],[-74.07333,18.24069],[-74.07661,18.23294],[-74.06549,18.22888],[-74.06368,18.23545],[-74.05192,18.24491],[-74.04917,18.25758],[-74.04325,18.27006],[-74.03178,18.27368],[-74.02763,18.26283],[-74.01383,18.26353],[-74.00552,18.2775],[-73.99378,18.2785],[-74.00562,18.29018]]]}},{"type":"Feature","properties":{"adm3_name":"3e Section Ravine Trompette","adm3_pcode":"HT0372-03","adm2_name":"Pilate","adm1_name":"North"},"geometry":{"type":"Polygon","coordinates":[[[-72.59191,19.70738],[-72.59921,19.7145],[-72.61019,19.70046],[-72.61168,19.70144],[-72.61582,19.69757],[-72.61496,19.69444],[-72.59857,19.68166],[-72.56943,19.67139],[-72.56142,19.68542],[-72.56227,19.69477],[-72.56718,19.69586],[-72.56855,19.7021],[-72.57654,19.71045],[-72.59191,19.70738]]]}},{"type":"Feature","properties":{"adm3_name":"3e Section Reserve ou Ti Paradis","adm3_pcode":"HT0932-03","adm2_name":"Baie de Henne","adm1_name":"North-West"},"geometry":{"type":"Polygon","coordinates":[[[-73.17091,19.77341],[-73.17275,19.78575],[-73.18332,19.79922],[-73.18771,19.79572],[-73.1864,19.78694],[-73.19541,19.77929],[-73.19597,19.77176],[-73.2034,19.77215],[-73.21452,19.7681],[-73.21597,19.76157],[-73.21187,19.75698],[-73.2004,19.76118],[-73.19407,19.76005],[-73.19946,19.74775],[-73.19853,19.7407],[-73.19193,19.7355],[-73.17657,19.71042],[-73.16855,19.71093],[-73.16295,19.70632],[-73.15211,19.71188],[-73.14572,19.72157],[-73.13915,19.73512],[-73.13976,19.74427],[-73.14889,19.74303],[-73.16117,19.75445],[-73.15653,19.75761],[-73.15756,19.76179],[-73.16798,19.76218],[-73.17091,19.77341]]]}},{"type":"Feature","properties":{"adm3_name":"3e Section Riaribes","adm3_pcode":"HT0632-03","adm2_name":"Belladere","adm1_name":"Centre"},"geometry":{"type":"Polygon","coordinates":[[[-71.82828,18.87031],[-71.83223,18.86901],[-71.83778,18.87418],[-71.84227,18.87313],[-71.8456,18.86785],[-71.86261,18.87313],[-71.87368,18.86547],[-71.87046,18.85558],[-71.88484,18.85077],[-71.89637,18.84125],[-71.89208,18.83341],[-71.87556,18.82393],[-71.8673,18.81437],[-71.86879,18.80174],[-71.85719,18.78501],[-71.84849,18.79195],[-71.8427,18.79323],[-71.83776,18.78856],[-71.82921,18.79098],[-71.8206,18.79687],[-71.8176,18.79663],[-71.81643,18.7932],[-71.82012,18.78811],[-71.81904,18.7852],[-71.8113,18.78002],[-71.80478,18.78133],[-71.80043,18.78461],[-71.80098,18.79078],[-71.79325,18.79781],[-71.78806,18.79629],[-71.78436,18.80152],[-71.79243,18.82247],[-71.808,18.82847],[-71.81028,18.8366],[-71.81615,18.84244],[-71.8204,18.84225],[-71.82712,18.84769],[-71.82828,18.87031]]]}},{"type":"Feature","properties":{"adm3_name":"3e Section Riviere Blanche","adm3_pcode":"HT0521-03","adm2_name":"Gros Morne","adm1_name":"Artibonite"},"geometry":{"type":"Polygon","coordinates":[[[-72.62887,19.74239],[-72.6466,19.74534],[-72.64858,19.75794],[-72.68565,19.73647],[-72.69027,19.73242],[-72.69295,19.71727],[-72.70217,19.71414],[-72.70555,19.71516],[-72.70742,19.71238],[-72.70781,19.69557],[-72.71262,19.68794],[-72.69623,19.68593],[-72.69571,19.6777],[-72.69278,19.67238],[-72.6714,19.66826],[-72.67872,19.67663],[-72.67895,19.68256],[-72.66924,19.7026],[-72.66541,19.7037],[-72.66256,19.70856],[-72.64688,19.7115],[-72.64924,19.71966],[-72.63737,19.72511],[-72.63211,19.72971],[-72.63207,19.73525],[-72.62279,19.74116],[-72.62351,19.74545],[-72.62648,19.7459],[-72.62887,19.74239]]]}},{"type":"Feature","properties":{"adm3_name":"3e Section Roche Plate","adm3_pcode":"HT0431-03","adm2_name":"Trou du Nord","adm1_name":"North-East"},"geometry":{"type":"Polygon","coordinates":[[[-72.05124,19.64986],[-72.0665,19.65566],[-72.06453,19.65162],[-72.06724,19.64883],[-72.06411,19.64478],[-72.06565,19.63542],[-72.07163,19.63091],[-72.0789,19.63161],[-72.09349,19.6262],[-72.09388,19.62145],[-72.08321,19.598],[-72.07854,19.59455],[-72.06639,19.59236],[-72.05714,19.58548],[-72.0548,19.57951],[-72.04821,19.57462],[-72.0498,19.56786],[-72.04386,19.56335],[-72.04861,19.55384],[-72.04684,19.54964],[-72.02646,19.5348],[-72.00931,19.54294],[-72.00498,19.55054],[-72.00498,19.55369],[-72.01107,19.56148],[-72.00413,19.5716],[-72.00311,19.57882],[-71.99954,19.58155],[-72.00142,19.58445],[-71.99789,19.58618],[-71.99927,19.59098],[-72.00816,19.59872],[-72.00576,19.603],[-72.01142,19.60417],[-72.01521,19.60977],[-72.01831,19.60976],[-72.01964,19.61471],[-72.018,19.61509],[-72.02438,19.62154],[-72.01523,19.63044],[-72.01642,19.63218],[-72.01193,19.64066],[-72.04456,19.6442],[-72.05124,19.64986]]]}},{"type":"Feature","properties":{"adm3_name":"3e Section Roucou","adm3_pcode":"HT0313-03","adm2_name":"Limonade","adm1_name":"North"},"geometry":{"type":"Polygon","coordinates":[[[-72.11222,19.68654],[-72.11554,19.68714],[-72.11824,19.67848],[-72.13122,19.66626],[-72.12714,19.66151],[-72.12699,19.65051],[-72.11905,19.63986],[-72.11129,19.6346],[-72.1061,19.63468],[-72.09349,19.6262],[-72.0789,19.63161],[-72.07163,19.63091],[-72.06565,19.63542],[-72.06411,19.64478],[-72.06724,19.64883],[-72.06453,19.65162],[-72.0665,19.65566],[-72.06121,19.66277],[-72.05927,19.67058],[-72.10129,19.68502],[-72.11222,19.68654]]]}},{"type":"Feature","properties":{"adm3_name":"3e Section Saut du Baril","adm3_pcode":"HT1021-03","adm2_name":"Anse-a-Veau","adm1_name":"Nippes"},"geometry":{"type":"Polygon","coordinates":[[[-73.29669,18.4841],[-73.2997,18.4873],[-73.31009,18.47961],[-73.31032,18.47402],[-73.30461,18.46637],[-73.30431,18.46192],[-73.31254,18.44272],[-73.29994,18.43182],[-73.29849,18.42712],[-73.31371,18.41905],[-73.31316,18.41558],[-73.27414,18.40393],[-73.26805,18.40424],[-73.26379,18.40115],[-73.2586,18.40817],[-73.26249,18.41448],[-73.25792,18.44158],[-73.26302,18.44715],[-73.27613,18.44952],[-73.27837,18.45284],[-73.27354,18.45933],[-73.27387,18.4832],[-73.29669,18.4841]]]}},{"type":"Feature","properties":{"adm3_name":"3e Section Savane Longue","adm3_pcode":"HT0421-03","adm2_name":"Ouanaminthe","adm1_name":"North-East"},"geometry":{"type":"Polygon","coordinates":[[[-71.71051,19.52269],[-71.71712,19.52938],[-71.71891,19.53771],[-71.72963,19.53478],[-71.73951,19.52176],[-71.74975,19.52526],[-71.75252,19.52374],[-71.75615,19.51511],[-71.75403,19.51102],[-71.75601,19.50297],[-71.75246,19.48849],[-71.76951,19.46842],[-71.7738,19.45438],[-71.78071,19.4501],[-71.77507,19.44626],[-71.76759,19.44976],[-71.75135,19.44088],[-71.73614,19.44011],[-71.73144,19.44273],[-71.73085,19.44525],[-71.73571,19.44785],[-71.73441,19.45045],[-71.72528,19.44946],[-71.72768,19.45525],[-71.72643,19.46437],[-71.72288,19.4628],[-71.72109,19.46613],[-71.71126,19.46656],[-71.71029,19.46973],[-71.71492,19.47986],[-71.70532,19.49243],[-71.70428,19.49789],[-71.70737,19.508],[-71.70707,19.51697],[-71.71051,19.52269]]]}},{"type":"Feature","properties":{"adm3_name":"3e Section Silegue","adm3_pcode":"HT1012-03","adm2_name":"Petite Riviere de Nippes","adm1_name":"Nippes"},"geometry":{"type":"Polygon","coordinates":[[[-73.18164,18.4887],[-73.20125,18.48772],[-73.21271,18.48086],[-73.23023,18.47747],[-73.23067,18.47197],[-73.22318,18.46537],[-73.22563,18.45396],[-73.21906,18.44758],[-73.20906,18.44979],[-73.20052,18.44856],[-73.18276,18.43672],[-73.15151,18.43693],[-73.16528,18.45296],[-73.16581,18.46375],[-73.17904,18.47315],[-73.16843,18.48182],[-73.16942,18.48665],[-73.18164,18.4887]]]}},{"type":"Feature","properties":{"adm3_name":"3e Section Solon","adm3_pcode":"HT0712-03","adm2_name":"Torbeck","adm1_name":"South"},"geometry":{"type":"Polygon","coordinates":[[[-73.92151,18.31315],[-73.94092,18.29552],[-73.95475,18.28682],[-73.95205,18.28457],[-73.95041,18.27476],[-73.93981,18.25974],[-73.92853,18.25621],[-73.92339,18.25111],[-73.91174,18.24955],[-73.89898,18.24312],[-73.89205,18.23743],[-73.88825,18.22659],[-73.87644,18.24015],[-73.86419,18.24297],[-73.8472,18.25543],[-73.86243,18.27386],[-73.86591,18.28174],[-73.8699,18.28045],[-73.8763,18.28567],[-73.87958,18.28392],[-73.89914,18.30209],[-73.91336,18.30634],[-73.92151,18.31315]]]}},{"type":"Feature","properties":{"adm3_name":"3e Section Sourcailles","adm3_pcode":"HT0115-03","adm2_name":"Kenscoff","adm1_name":"West"},"geometry":{"type":"Polygon","coordinates":[[[-72.29185,18.4768],[-72.29245,18.4851],[-72.30321,18.48034],[-72.29644,18.47566],[-72.29935,18.46598],[-72.30195,18.46466],[-72.31018,18.44667],[-72.30469,18.44409],[-72.31059,18.43845],[-72.3087,18.43399],[-72.31006,18.42969],[-72.32525,18.41562],[-72.32774,18.40946],[-72.32578,18.40431],[-72.33062,18.39742],[-72.325,18.3967],[-72.32247,18.39142],[-72.31567,18.3885],[-72.31204,18.38954],[-72.30864,18.38451],[-72.29543,18.38858],[-72.28841,18.38775],[-72.28232,18.37289],[-72.27566,18.37583],[-72.27195,18.38065],[-72.27174,18.38504],[-72.26431,18.3874],[-72.27119,18.40247],[-72.27125,18.40897],[-72.25988,18.43121],[-72.26576,18.43365],[-72.26675,18.44385],[-72.26933,18.4426],[-72.27359,18.44876],[-72.28115,18.4532],[-72.28782,18.47347],[-72.29185,18.4768]]]}},{"type":"Feature","properties":{"adm3_name":"3e Section Source Matelas","adm3_pcode":"HT0142-03","adm2_name":"Cabaret","adm1_name":"West"},"geometry":{"type":"Polygon","coordinates":[[[-72.3582,18.74733],[-72.36804,18.74747],[-72.37305,18.74447],[-72.3782,18.74676],[-72.38536,18.73572],[-72.38904,18.73553],[-72.39714,18.74062],[-72.40119,18.74005],[-72.39605,18.73028],[-72.39695,18.71478],[-72.38928,18.71222],[-72.37912,18.70381],[-72.37925,18.70113],[-72.36847,18.69825],[-72.35758,18.69064],[-72.35317,18.69008],[-72.35183,18.68719],[-72.35168,18.68958],[-72.33129,18.68297],[-72.321,18.69259],[-72.3167,18.69312],[-72.31189,18.70381],[-72.32265,18.70365],[-72.32576,18.70741],[-72.33629,18.71097],[-72.33398,18.71491],[-72.33807,18.72246],[-72.32857,18.73004],[-72.32851,18.73387],[-72.33186,18.73282],[-72.34423,18.73619],[-72.34952,18.734],[-72.3582,18.74733]]]}},{"type":"Feature","properties":{"adm3_name":"3e Section Taifer","adm3_pcode":"HT0113-03","adm2_name":"Carrefour","adm1_name":"West"},"geometry":{"type":"Polygon","coordinates":[[[-72.37588,18.48518],[-72.40478,18.48249],[-72.40812,18.48633],[-72.41404,18.48675],[-72.41174,18.50994],[-72.42083,18.5053],[-72.43362,18.50684],[-72.43422,18.49864],[-72.42819,18.49192],[-72.42738,18.48758],[-72.43165,18.47642],[-72.42671,18.47899],[-72.40985,18.4789],[-72.40755,18.47794],[-72.4088,18.47445],[-72.40186,18.46873],[-72.38946,18.47484],[-72.37944,18.47293],[-72.37588,18.48518]]]}},{"type":"Feature","properties":{"adm3_name":"3e Section Tibi Davezac","adm3_pcode":"HT0714-03","adm2_name":"Camp-Perrin","adm1_name":"South"},"geometry":{"type":"Polygon","coordinates":[[[-73.8947,18.36374],[-73.90658,18.3622],[-73.9279,18.36623],[-73.92689,18.35311],[-73.9299,18.34895],[-73.92568,18.34666],[-73.9278,18.34255],[-73.92286,18.33942],[-73.92661,18.33865],[-73.92646,18.3369],[-73.91144,18.32526],[-73.91001,18.31785],[-73.90415,18.31207],[-73.89194,18.30505],[-73.87957,18.30283],[-73.87178,18.31047],[-73.86803,18.31072],[-73.86803,18.33753],[-73.87395,18.34607],[-73.87593,18.35085],[-73.87451,18.35607],[-73.87957,18.36313],[-73.8947,18.36374]]]}},{"type":"Feature","properties":{"adm3_name":"3e Section Tournade (Quartier de Changeux)","adm3_pcode":"HT1023-04","adm2_name":"L'Asile","adm1_name":"Nippes"},"geometry":{"type":"Polygon","coordinates":[[[-73.35001,18.40874],[-73.35938,18.41453],[-73.36099,18.41264],[-73.35852,18.4073],[-73.37062,18.40123],[-73.37023,18.39643],[-73.37606,18.40228],[-73.37671,18.39535],[-73.38372,18.39843],[-73.38073,18.3883],[-73.36674,18.36771],[-73.35891,18.36982],[-73.35072,18.36764],[-73.34933,18.36996],[-73.34724,18.36697],[-73.34034,18.36699],[-73.33774,18.37015],[-73.33525,18.36811],[-73.3307,18.36934],[-73.33147,18.37779],[-73.33939,18.3866],[-73.32571,18.39873],[-73.32606,18.41114],[-73.33857,18.4111],[-73.34241,18.41425],[-73.3436,18.41026],[-73.35001,18.40874]]]}},{"type":"Feature","properties":{"adm3_name":"3e Section Trichet","adm3_pcode":"HT0722-03","adm2_name":"Saint Jean du Sud","adm1_name":"South"},"geometry":{"type":"Polygon","coordinates":[[[-73.81019,18.07586],[-73.81239,18.07799],[-73.81536,18.07542],[-73.83271,18.07485],[-73.83953,18.06859],[-73.83693,18.06032],[-73.8283,18.05156],[-73.83108,18.04349],[-73.82803,18.04175],[-73.82683,18.03678],[-73.82877,18.03472],[-73.82608,18.03306],[-73.82593,18.02503],[-73.8167,18.02239],[-73.80483,18.0226],[-73.80202,18.02652],[-73.79829,18.02398],[-73.79708,18.02776],[-73.79114,18.02658],[-73.78756,18.03216],[-73.79089,18.03842],[-73.78288,18.04333],[-73.78483,18.05068],[-73.78834,18.05183],[-73.78658,18.0537],[-73.78569,18.05234],[-73.78659,18.05517],[-73.79105,18.05882],[-73.78682,18.05449],[-73.79237,18.05552],[-73.80082,18.06211],[-73.80149,18.06573],[-73.80689,18.06719],[-73.81019,18.07586]]]}},{"type":"Feature","properties":{"adm3_name":"3e Section Trou Chouchou","adm3_pcode":"HT0122-03","adm2_name":"Petit-Goave","adm1_name":"West"},"geometry":{"type":"Polygon","coordinates":[[[-72.98708,18.46796],[-73.00179,18.46389],[-73.00991,18.46592],[-73.02703,18.46524],[-73.03295,18.46266],[-73.04231,18.4648],[-73.0441,18.46128],[-73.05068,18.46108],[-73.05477,18.45237],[-73.04457,18.4375],[-73.04089,18.44217],[-73.03482,18.44338],[-73.03292,18.44786],[-73.025,18.45154],[-73.02353,18.44975],[-73.0096,18.44902],[-73.00638,18.44536],[-73.00258,18.44639],[-72.99721,18.44221],[-72.98948,18.44251],[-72.98715,18.44478],[-72.97841,18.44391],[-72.97135,18.44008],[-72.94232,18.43777],[-72.90275,18.4411],[-72.90056,18.4434],[-72.89603,18.44174],[-72.8949,18.44334],[-72.8927,18.44112],[-72.89001,18.44237],[-72.89308,18.44279],[-72.89763,18.4485],[-72.91156,18.449],[-72.91539,18.45288],[-72.9314,18.45805],[-72.93458,18.4567],[-72.96288,18.46463],[-72.98311,18.46526],[-72.98708,18.46796]]]}},{"type":"Feature","properties":{"adm3_name":"3e Section Trou d'Eau","adm3_pcode":"HT0132-03","adm2_name":"Thomazeau","adm1_name":"West"},"geometry":{"type":"Polygon","coordinates":[[[-72.00625,18.72436],[-72.00804,18.7277],[-72.00531,18.73007],[-72.00593,18.73514],[-72.00944,18.73699],[-72.01708,18.72417],[-72.02759,18.72692],[-72.04423,18.71934],[-72.06327,18.71917],[-72.06814,18.72076],[-72.07355,18.73669],[-72.08398,18.72705],[-72.0869,18.71374],[-72.09172,18.71056],[-72.09794,18.71154],[-72.10984,18.70831],[-72.11552,18.70361],[-72.11642,18.69654],[-72.10669,18.69451],[-72.1067,18.68966],[-72.10291,18.68452],[-72.09512,18.68551],[-72.09565,18.68337],[-72.0864,18.6784],[-72.07699,18.68166],[-72.05745,18.68089],[-72.05475,18.68679],[-72.04065,18.69178],[-72.03629,18.69746],[-72.01477,18.71237],[-72.00901,18.71418],[-72.00675,18.71129],[-72.00763,18.70597],[-72.00112,18.70296],[-71.99874,18.70552],[-72.00144,18.70873],[-71.99906,18.71667],[-72.00389,18.7189],[-72.00625,18.72436]]]}},{"type":"Feature","properties":{"adm3_name":"3e Section Trou Louis","adm3_pcode":"HT0152-04","adm2_name":"Pointe a Raquette","adm1_name":"West"},"geometry":{"type":"Polygon","coordinates":[[[-73.08091,18.84466],[-73.08699,18.85077],[-73.09932,18.84272],[-73.11393,18.84971],[-73.11475,18.84681],[-73.12313,18.84237],[-73.12272,18.83943],[-73.10865,18.83552],[-73.10687,18.82703],[-73.11375,18.81805],[-73.11079,18.81077],[-73.10662,18.80751],[-73.1088,18.80445],[-73.09767,18.79791],[-73.08935,18.79631],[-73.08362,18.798],[-73.07626,18.79559],[-73.07182,18.79103],[-73.07154,18.78578],[-73.06171,18.78155],[-73.05419,18.77012],[-73.04505,18.76512],[-73.03671,18.75651],[-73.03085,18.75639],[-72.99626,18.74364],[-72.99431,18.75085],[-72.99714,18.75879],[-72.99565,18.78685],[-72.99728,18.79356],[-72.99481,18.79826],[-73.00552,18.81793],[-73.02586,18.82215],[-73.03207,18.81944],[-73.03664,18.82529],[-73.03978,18.82554],[-73.04195,18.83153],[-73.04653,18.83088],[-73.05198,18.83886],[-73.06236,18.84084],[-73.06815,18.83478],[-73.08023,18.84166],[-73.08091,18.84466]]]}},{"type":"Feature","properties":{"adm3_name":"3e Section Vassal Labiche","adm3_pcode":"HT1025-03","adm2_name":"Plaisance du Sud","adm1_name":"Nippes"},"geometry":{"type":"Polygon","coordinates":[[[-73.54729,18.42541],[-73.55097,18.42659],[-73.55475,18.42303],[-73.56407,18.42454],[-73.57808,18.41864],[-73.57851,18.40647],[-73.57388,18.40119],[-73.56224,18.40142],[-73.55945,18.39943],[-73.55897,18.39124],[-73.54865,18.38751],[-73.54634,18.3893],[-73.54182,18.3853],[-73.51812,18.38793],[-73.511,18.38304],[-73.50146,18.38424],[-73.49941,18.39518],[-73.49407,18.40368],[-73.49651,18.41124],[-73.49912,18.41356],[-73.5061,18.41306],[-73.51097,18.42076],[-73.53198,18.42165],[-73.54094,18.42641],[-73.54729,18.42541]]]}},{"type":"Feature","properties":{"adm3_name":"3e Section Vieille Hatte","adm3_pcode":"HT0934-03","adm2_name":"Jean Rabel","adm1_name":"North-West"},"geometry":{"type":"Polygon","coordinates":[[[-73.15728,19.92792],[-73.15876,19.93039],[-73.16737,19.9296],[-73.17,19.92634],[-73.18393,19.92092],[-73.1982,19.90733],[-73.18993,19.88429],[-73.19155,19.85289],[-73.17504,19.8277],[-73.17694,19.82102],[-73.1725,19.81686],[-73.16836,19.81664],[-73.15011,19.79951],[-73.13511,19.78252],[-73.12692,19.76918],[-73.13045,19.76712],[-73.12613,19.76376],[-73.12212,19.74919],[-73.11723,19.74264],[-73.13441,19.7299],[-73.13039,19.72552],[-73.12935,19.71215],[-73.12435,19.70623],[-73.12445,19.70255],[-73.11598,19.70306],[-73.10377,19.69637],[-73.10173,19.69954],[-73.10563,19.70256],[-73.08707,19.71445],[-73.08006,19.73123],[-73.07348,19.73301],[-73.07004,19.73128],[-73.06548,19.73634],[-73.07359,19.74015],[-73.08738,19.75603],[-73.12714,19.82572],[-73.16273,19.86925],[-73.16507,19.87802],[-73.1534,19.89654],[-73.15679,19.91768],[-73.16099,19.92209],[-73.15728,19.92792]]]}},{"type":"Feature","properties":{"adm3_name":"4e Section Aguahedionde (Rive Gauche)","adm3_pcode":"HT0611-04","adm2_name":"Hinche","adm1_name":"Centre"},"geometry":{"type":"Polygon","coordinates":[[[-72.03096,19.30741],[-72.04357,19.30423],[-72.05636,19.29772],[-72.07089,19.2853],[-72.08059,19.28131],[-72.08138,19.27764],[-72.08532,19.27662],[-72.09464,19.26667],[-72.11874,19.26527],[-72.13498,19.25497],[-72.12245,19.2476],[-72.11991,19.23919],[-72.1159,19.23522],[-72.10883,19.23373],[-72.10288,19.22557],[-72.09486,19.22578],[-72.09134,19.2223],[-72.08196,19.19931],[-72.08569,19.19529],[-72.08381,19.18953],[-72.08593,19.18694],[-72.08583,19.17503],[-72.08927,19.17065],[-72.08498,19.16827],[-72.08204,19.17127],[-72.0833,19.174],[-72.07638,19.17233],[-72.07637,19.1672],[-72.0803,19.16333],[-72.07537,19.16139],[-72.06888,19.16394],[-72.0658,19.16886],[-72.06557,19.16143],[-72.06156,19.15762],[-72.05429,19.16197],[-72.05183,19.15822],[-72.04759,19.15809],[-72.04389,19.16667],[-72.04121,19.16751],[-72.03796,19.16528],[-72.03958,19.1567],[-72.0351,19.15698],[-72.02562,19.16293],[-72.02424,19.16144],[-72.02275,19.14702],[-72.01594,19.15079],[-72.00194,19.14922],[-71.99673,19.15176],[-71.99778,19.15495],[-71.99281,19.1524],[-71.99039,19.15906],[-71.98966,19.16174],[-71.9948,19.16825],[-71.99451,19.17089],[-71.98965,19.17349],[-71.98809,19.18128],[-71.99091,19.18139],[-71.99108,19.18406],[-71.98814,19.18388],[-71.98836,19.18597],[-71.99408,19.19225],[-71.99093,19.19621],[-71.98878,19.19525],[-71.98532,19.20175],[-71.98816,19.20199],[-71.98825,19.20891],[-71.98222,19.21164],[-71.98625,19.21263],[-71.98495,19.2171],[-71.98688,19.22007],[-71.98558,19.22339],[-71.98078,19.22257],[-71.97633,19.22559],[-71.97312,19.24666],[-71.97942,19.25505],[-72.00275,19.27013],[-71.9998,19.27407],[-72.01572,19.29117],[-72.01724,19.29863],[-72.02462,19.29854],[-72.03096,19.30741]]]}},{"type":"Feature","properties":{"adm3_name":"4e Section Amazone","adm3_pcode":"HT0222-04","adm2_name":"Cotes de Fer","adm1_name":"South-East"},"geometry":{"type":"Polygon","coordinates":[[[-72.89621,18.28775],[-72.8897,18.29512],[-72.8996,18.29155],[-72.92312,18.28987],[-72.92948,18.28668],[-72.92974,18.27464],[-72.92744,18.27019],[-72.93143,18.26477],[-72.93021,18.25392],[-72.91837,18.24277],[-72.91226,18.24086],[-72.90839,18.24253],[-72.91072,18.24611],[-72.91058,18.261],[-72.91256,18.26483],[-72.90591,18.27888],[-72.89621,18.28775]]]}},{"type":"Feature","properties":{"adm3_name":"4e Section Basse Guinaudee","adm3_pcode":"HT0811-04","adm2_name":"Jeremie","adm1_name":"Grande'Anse"},"geometry":{"type":"Polygon","coordinates":[[[-74.10953,18.62764],[-74.11149,18.63231],[-74.11521,18.63073],[-74.11417,18.62421],[-74.11496,18.62219],[-74.12112,18.62109],[-74.11953,18.61646],[-74.12764,18.60915],[-74.13838,18.60772],[-74.14607,18.5966],[-74.14824,18.60488],[-74.1705,18.60282],[-74.16402,18.59697],[-74.17155,18.59887],[-74.17001,18.5882],[-74.17494,18.57887],[-74.17413,18.57373],[-74.17661,18.56748],[-74.17508,18.55708],[-74.16586,18.5582],[-74.14785,18.56967],[-74.14153,18.56147],[-74.13734,18.56045],[-74.13853,18.55569],[-74.1296,18.55939],[-74.12663,18.57613],[-74.11468,18.59867],[-74.10894,18.60297],[-74.10953,18.62764]]]}},{"type":"Feature","properties":{"adm3_name":"4e Section Bassin Diamant","adm3_pcode":"HT0322-04","adm2_name":"Plaine du Nord","adm1_name":"North"},"geometry":{"type":"Polygon","coordinates":[[[-72.2334,19.67121],[-72.25092,19.66735],[-72.25696,19.65236],[-72.25634,19.64742],[-72.26523,19.6312],[-72.24886,19.63034],[-72.24987,19.63942],[-72.24494,19.64254],[-72.24537,19.65077],[-72.24275,19.65162],[-72.24365,19.6544],[-72.2334,19.67121]]]}},{"type":"Feature","properties":{"adm3_name":"4e Section Belle Fontaine","adm3_pcode":"HT0115-04","adm2_name":"Kenscoff","adm1_name":"West"},"geometry":{"type":"Polygon","coordinates":[[[-72.21035,18.40448],[-72.23253,18.40103],[-72.23653,18.38641],[-72.25914,18.39049],[-72.27174,18.38504],[-72.27195,18.38065],[-72.27566,18.37583],[-72.28583,18.36927],[-72.28767,18.36003],[-72.27826,18.3539],[-72.25728,18.35829],[-72.21815,18.34853],[-72.19945,18.35227],[-72.20452,18.3651],[-72.20164,18.3787],[-72.20451,18.38366],[-72.20291,18.3903],[-72.21035,18.40448]]]}},{"type":"Feature","properties":{"adm3_name":"4e Section Bellevue","adm3_pcode":"HT0118-04","adm2_name":"Tabarre","adm1_name":"West"},"geometry":{"type":"Polygon","coordinates":[[[-72.24288,18.57603],[-72.24845,18.5814],[-72.26612,18.5751],[-72.27405,18.57676],[-72.27425,18.57497],[-72.26639,18.56346],[-72.26859,18.55952],[-72.25662,18.55451],[-72.25769,18.5503],[-72.25361,18.54479],[-72.24782,18.54252],[-72.24472,18.53656],[-72.23835,18.54046],[-72.23943,18.5451],[-72.2374,18.54639],[-72.22741,18.53665],[-72.22338,18.53945],[-72.22772,18.54344],[-72.22925,18.55052],[-72.24288,18.57603]]]}},{"type":"Feature","properties":{"adm3_name":"4e Section Bellevue la Montagne","adm3_pcode":"HT0114-04","adm2_name":"Petion-Ville","adm1_name":"West"},"geometry":{"type":"Polygon","coordinates":[[[-72.26863,18.50697],[-72.27189,18.51115],[-72.27942,18.50535],[-72.28039,18.49452],[-72.29188,18.4779],[-72.28265,18.46066],[-72.26679,18.45808],[-72.26219,18.46014],[-72.25833,18.45721],[-72.24749,18.46005],[-72.24441,18.46424],[-72.23648,18.46799],[-72.23567,18.4639],[-72.23006,18.46544],[-72.22589,18.47679],[-72.22883,18.47736],[-72.2281,18.48121],[-72.21056,18.49655],[-72.22031,18.50948],[-72.23453,18.50422],[-72.24647,18.50533],[-72.2569,18.51018],[-72.26083,18.50569],[-72.26863,18.50697]]]}},{"type":"Feature","properties":{"adm3_name":"4e Section Bezin","adm3_pcode":"HT1012-04","adm2_name":"Petite Riviere de Nippes","adm1_name":"Nippes"},"geometry":{"type":"Polygon","coordinates":[[[-73.13478,18.47714],[-73.16942,18.48665],[-73.16843,18.48182],[-73.17904,18.47315],[-73.16581,18.46375],[-73.16635,18.45513],[-73.15806,18.44237],[-73.14312,18.43161],[-73.1377,18.43397],[-73.13688,18.4381],[-73.13284,18.44058],[-73.13615,18.44362],[-73.13317,18.44719],[-73.11217,18.44739],[-73.10713,18.44979],[-73.10813,18.45297],[-73.10373,18.45166],[-73.1068,18.45431],[-73.1061,18.45644],[-73.11074,18.45552],[-73.11056,18.45327],[-73.11529,18.45637],[-73.11393,18.46211],[-73.11699,18.46138],[-73.11784,18.46317],[-73.11799,18.46066],[-73.1247,18.46247],[-73.12033,18.4653],[-73.12013,18.468],[-73.1219,18.4701],[-73.12519,18.46664],[-73.12522,18.47494],[-73.13478,18.47714]]]}},{"type":"Feature","properties":{"adm3_name":"4e Section Boucan Bois Pin","adm3_pcode":"HT0134-04","adm2_name":"Cornillon / Grand Bois","adm1_name":"West"},"geometry":{"type":"Polygon","coordinates":[[[-71.89433,18.68456],[-71.90002,18.687],[-71.90319,18.68545],[-71.90474,18.67288],[-71.89817,18.6683],[-71.89852,18.66578],[-71.90494,18.66308],[-71.91319,18.66633],[-71.92409,18.65738],[-71.91174,18.64851],[-71.90218,18.64763],[-71.88427,18.63662],[-71.88056,18.62721],[-71.8734,18.62801],[-71.86857,18.63766],[-71.85232,18.63586],[-71.84436,18.62946],[-71.83619,18.62972],[-71.82759,18.63335],[-71.81538,18.63071],[-71.80715,18.63545],[-71.80895,18.65157],[-71.81337,18.64714],[-71.82447,18.64681],[-71.83179,18.64238],[-71.84958,18.65497],[-71.85905,18.65434],[-71.86127,18.65684],[-71.86815,18.65759],[-71.87153,18.66286],[-71.8702,18.66712],[-71.87277,18.66905],[-71.87293,18.67476],[-71.89433,18.68456]]]}},{"type":"Feature","properties":{"adm3_name":"4e Section Cocoyers-Ducheine","adm3_pcode":"HT1013-04","adm2_name":"Fonds des Negres","adm1_name":"Nippes"},"geometry":{"type":"Polygon","coordinates":[[[-73.28688,18.40763],[-73.31104,18.41327],[-73.30925,18.40688],[-73.30168,18.4065],[-73.29708,18.40122],[-73.29909,18.39267],[-73.29618,18.39109],[-73.29594,18.38767],[-73.29162,18.38873],[-73.28838,18.38341],[-73.28362,18.38418],[-73.2853,18.3712],[-73.2887,18.37241],[-73.29001,18.37051],[-73.28788,18.36986],[-73.29147,18.36881],[-73.29121,18.36703],[-73.28687,18.36771],[-73.2716,18.35918],[-73.26683,18.35985],[-73.26702,18.3639],[-73.26202,18.36477],[-73.26478,18.36801],[-73.25948,18.37165],[-73.26283,18.37314],[-73.26486,18.37873],[-73.26266,18.38275],[-73.26798,18.39173],[-73.26404,18.39662],[-73.26379,18.40115],[-73.26805,18.40424],[-73.28688,18.40763]]]}},{"type":"Feature","properties":{"adm3_name":"4e Section Corail Lamothe","adm3_pcode":"HT0231-04","adm2_name":"Belle Anse","adm1_name":"South-East"},"geometry":{"type":"Polygon","coordinates":[[[-72.08718,18.3368],[-72.13208,18.33732],[-72.13299,18.33462],[-72.12748,18.33004],[-72.12724,18.32039],[-72.11734,18.3148],[-72.12023,18.30981],[-72.11898,18.30451],[-72.1211,18.29445],[-72.11662,18.28141],[-72.12321,18.27801],[-72.12296,18.27075],[-72.1264,18.26077],[-72.113,18.24815],[-72.10444,18.23437],[-72.09404,18.23634],[-72.08851,18.23416],[-72.08378,18.23893],[-72.0754,18.23654],[-72.06881,18.24376],[-72.06994,18.25148],[-72.0668,18.25275],[-72.06603,18.25672],[-72.07014,18.25812],[-72.07431,18.26383],[-72.08251,18.26729],[-72.08465,18.27083],[-72.08101,18.28443],[-72.08282,18.30123],[-72.06742,18.32033],[-72.07552,18.32453],[-72.08718,18.3368]]]}},{"type":"Feature","properties":{"adm3_name":"4e Section Crete Brûlee","adm3_pcode":"HT0621-04","adm2_name":"Mirebalais","adm1_name":"Centre"},"geometry":{"type":"Polygon","coordinates":[[[-72.10162,18.83419],[-72.10462,18.83897],[-72.10904,18.82334],[-72.10667,18.81666],[-72.11003,18.81553],[-72.10724,18.80459],[-72.11018,18.79505],[-72.11703,18.79338],[-72.12143,18.78168],[-72.12062,18.77306],[-72.12282,18.7695],[-72.13029,18.76872],[-72.13913,18.76295],[-72.14255,18.75607],[-72.1487,18.75099],[-72.14938,18.69533],[-72.14722,18.69468],[-72.12721,18.7064],[-72.12291,18.70373],[-72.11552,18.70361],[-72.10984,18.70831],[-72.09794,18.71154],[-72.09172,18.71056],[-72.0869,18.71374],[-72.08398,18.72705],[-72.07355,18.73669],[-72.06971,18.7534],[-72.07132,18.76686],[-72.0768,18.76993],[-72.07845,18.77572],[-72.08374,18.77627],[-72.08784,18.78154],[-72.09074,18.78939],[-72.08846,18.79271],[-72.09121,18.7956],[-72.0896,18.79996],[-72.07869,18.80176],[-72.07356,18.81004],[-72.07204,18.81758],[-72.08855,18.82959],[-72.10162,18.83419]]]}},{"type":"Feature","properties":{"adm3_name":"4e Section Dalmette","adm3_pcode":"HT0753-04","adm2_name":"Tiburon","adm1_name":"South"},"geometry":{"type":"Polygon","coordinates":[[[-74.22821,18.3504],[-74.23954,18.34998],[-74.25521,18.34377],[-74.26309,18.33733],[-74.2755,18.33599],[-74.28242,18.33281],[-74.29036,18.32586],[-74.28817,18.3152],[-74.30997,18.30148],[-74.3313,18.30031],[-74.33414,18.2979],[-74.33603,18.28993],[-74.31161,18.28499],[-74.30161,18.2875],[-74.25755,18.31155],[-74.25207,18.31101],[-74.23386,18.33111],[-74.22174,18.33676],[-74.22821,18.3504]]]}},{"type":"Feature","properties":{"adm3_name":"4e Section des Crochus","adm3_pcode":"HT0132-04","adm2_name":"Thomazeau","adm1_name":"West"},"geometry":{"type":"Polygon","coordinates":[[[-72.20681,18.75805],[-72.21787,18.77375],[-72.22498,18.77243],[-72.2265,18.76696],[-72.22159,18.75694],[-72.23099,18.75275],[-72.2306,18.73814],[-72.23909,18.7303],[-72.23971,18.72617],[-72.23538,18.71844],[-72.23746,18.71671],[-72.23814,18.707],[-72.24182,18.70329],[-72.24074,18.69716],[-72.24429,18.69287],[-72.23775,18.65153],[-72.22858,18.6576],[-72.2137,18.66138],[-72.211,18.65799],[-72.21228,18.65639],[-72.20037,18.64518],[-72.18067,18.66424],[-72.1803,18.67184],[-72.1708,18.68181],[-72.16867,18.67808],[-72.15715,18.67663],[-72.15881,18.68917],[-72.15561,18.69745],[-72.16658,18.70265],[-72.1973,18.73218],[-72.20117,18.74184],[-72.19393,18.75152],[-72.19984,18.75852],[-72.20316,18.7562],[-72.20681,18.75805]]]}},{"type":"Feature","properties":{"adm3_name":"4e Section Desarmes (Quartier de Desarmes)","adm3_pcode":"HT0532-04","adm2_name":"Verrettes","adm1_name":"Artibonite"},"geometry":{"type":"Polygon","coordinates":[[[-72.43887,19.01433],[-72.44055,19.0146],[-72.43329,19.0179],[-72.43284,19.03474],[-72.45253,19.05019],[-72.46195,19.05365],[-72.46926,19.04301],[-72.47097,19.03345],[-72.46835,19.02239],[-72.47676,19.01224],[-72.47785,19.00637],[-72.48266,19.00353],[-72.48161,18.99724],[-72.48682,18.99372],[-72.48639,18.98067],[-72.50028,18.97488],[-72.49923,18.96155],[-72.49849,18.95843],[-72.49575,18.95895],[-72.46702,18.92582],[-72.45949,18.92725],[-72.45496,18.91983],[-72.44298,18.92404],[-72.43564,18.92346],[-72.43713,18.92034],[-72.4285,18.91732],[-72.42809,18.91482],[-72.41754,18.92356],[-72.41576,18.93766],[-72.3939,18.94736],[-72.38919,18.95943],[-72.38018,18.96824],[-72.37786,18.97566],[-72.38324,18.98069],[-72.38605,18.98917],[-72.39221,18.99652],[-72.40554,18.99474],[-72.40679,19.00559],[-72.4087,19.00147],[-72.40982,19.0049],[-72.4217,19.01146],[-72.43887,19.01433]]]}},{"type":"Feature","properties":{"adm3_name":"4e Section Flamands","adm3_pcode":"HT0731-04","adm2_name":"Aquin","adm1_name":"South"},"geometry":{"type":"Polygon","coordinates":[[[-73.15576,18.27433],[-73.16957,18.28541],[-73.17882,18.2774],[-73.1915,18.27321],[-73.20929,18.28347],[-73.23638,18.27898],[-73.25603,18.28347],[-73.26874,18.27893],[-73.26793,18.27627],[-73.27454,18.27387],[-73.28196,18.26317],[-73.27803,18.25035],[-73.28722,18.24876],[-73.28386,18.24291],[-73.29019,18.23915],[-73.30524,18.2467],[-73.31159,18.23966],[-73.30751,18.23043],[-73.29349,18.23264],[-73.27408,18.23045],[-73.26978,18.22453],[-73.27048,18.21747],[-73.26662,18.21522],[-73.24145,18.21652],[-73.23607,18.21187],[-73.21143,18.2133],[-73.20712,18.21013],[-73.18575,18.21128],[-73.17816,18.20914],[-73.17192,18.21137],[-73.16453,18.206],[-73.15212,18.20357],[-73.14065,18.19696],[-73.10755,18.18906],[-73.10534,18.20827],[-73.10882,18.2084],[-73.10935,18.21895],[-73.11318,18.22563],[-73.10736,18.23219],[-73.10865,18.23814],[-73.10574,18.24458],[-73.11318,18.24953],[-73.11848,18.25738],[-73.12998,18.25815],[-73.13602,18.26704],[-73.1485,18.26856],[-73.15576,18.27433]]]}},{"type":"Feature","properties":{"adm3_name":"4e Section Fond Arabie","adm3_pcode":"HT0122-04","adm2_name":"Petit-Goave","adm1_name":"West"},"geometry":{"type":"Polygon","coordinates":[[[-72.9955,18.39812],[-73.0001,18.39966],[-73.00633,18.39111],[-73.01901,18.38311],[-73.02557,18.37467],[-73.01469,18.3669],[-73.01089,18.36065],[-73.01372,18.3525],[-73.02015,18.34851],[-73.01726,18.34165],[-72.99668,18.32401],[-72.99369,18.32703],[-72.98682,18.32085],[-72.98731,18.31543],[-72.97725,18.3194],[-72.9761,18.32207],[-72.97878,18.32486],[-72.96862,18.33796],[-72.97081,18.34308],[-72.96935,18.35123],[-72.96336,18.35574],[-72.95693,18.36713],[-72.96272,18.37276],[-72.96833,18.37105],[-72.9852,18.39391],[-72.99271,18.39357],[-72.9955,18.39812]]]}},{"type":"Feature","properties":{"adm3_name":"4e Section Fond de Boudin","adm3_pcode":"HT0121-04","adm2_name":"Leogane","adm1_name":"West"},"geometry":{"type":"Polygon","coordinates":[[[-72.62551,18.39099],[-72.63519,18.39762],[-72.64045,18.39854],[-72.64955,18.39599],[-72.64948,18.39164],[-72.66337,18.37385],[-72.67193,18.37151],[-72.67385,18.36348],[-72.68459,18.35832],[-72.67775,18.35663],[-72.67086,18.35134],[-72.65288,18.35218],[-72.65265,18.3365],[-72.65042,18.33543],[-72.64859,18.32607],[-72.64195,18.33064],[-72.64242,18.34401],[-72.63244,18.36593],[-72.61932,18.37382],[-72.61832,18.37863],[-72.61281,18.38331],[-72.61076,18.3838],[-72.6054,18.37566],[-72.61127,18.3689],[-72.59418,18.36808],[-72.59631,18.37044],[-72.59773,18.38415],[-72.60345,18.38612],[-72.6052,18.39392],[-72.60901,18.39522],[-72.61962,18.39072],[-72.62551,18.39099]]]}},{"type":"Feature","properties":{"adm3_name":"4e Section Fond Jean Noël","adm3_pcode":"HT0212-04","adm2_name":"Marigot","adm1_name":"South-East"},"geometry":{"type":"Polygon","coordinates":[[[-72.229,18.26356],[-72.23053,18.27036],[-72.22692,18.28087],[-72.22934,18.28339],[-72.23243,18.29914],[-72.22933,18.30438],[-72.23844,18.31951],[-72.24049,18.32751],[-72.23573,18.33651],[-72.25342,18.35218],[-72.2572,18.34805],[-72.25339,18.33827],[-72.26557,18.32751],[-72.25992,18.31982],[-72.26231,18.31261],[-72.26761,18.3062],[-72.27466,18.30552],[-72.28599,18.29071],[-72.28891,18.28185],[-72.29612,18.27823],[-72.30443,18.26465],[-72.29692,18.26512],[-72.29258,18.25579],[-72.28781,18.25245],[-72.28133,18.25172],[-72.28079,18.24947],[-72.27023,18.25439],[-72.26196,18.25004],[-72.2555,18.24965],[-72.24826,18.25734],[-72.23472,18.25765],[-72.2318,18.26283],[-72.229,18.26356]]]}},{"type":"Feature","properties":{"adm3_name":"4e Section Fonds des Blancs (Casale)","adm3_pcode":"HT0142-04","adm2_name":"Cabaret","adm1_name":"West"},"geometry":{"type":"Polygon","coordinates":[[[-72.36033,18.85595],[-72.37829,18.85336],[-72.38071,18.85091],[-72.37576,18.84192],[-72.38075,18.8412],[-72.38507,18.84733],[-72.38673,18.84102],[-72.38933,18.83933],[-72.39876,18.84483],[-72.40067,18.84212],[-72.40874,18.84321],[-72.40752,18.83976],[-72.41111,18.83524],[-72.42302,18.84084],[-72.42099,18.83668],[-72.42256,18.83482],[-72.42531,18.83535],[-72.435,18.82866],[-72.43683,18.82462],[-72.44135,18.8237],[-72.44286,18.82058],[-72.45672,18.8156],[-72.46232,18.8195],[-72.4667,18.81894],[-72.46985,18.79488],[-72.47993,18.78577],[-72.47345,18.77899],[-72.45731,18.77344],[-72.45373,18.76917],[-72.45229,18.77256],[-72.44851,18.77384],[-72.44083,18.76941],[-72.43741,18.77071],[-72.42938,18.76807],[-72.40599,18.76877],[-72.39794,18.77281],[-72.3908,18.76851],[-72.36473,18.76413],[-72.35756,18.76459],[-72.35239,18.76944],[-72.34396,18.77076],[-72.33265,18.78067],[-72.33626,18.78291],[-72.32635,18.78939],[-72.33226,18.79629],[-72.32757,18.79693],[-72.3194,18.81166],[-72.33575,18.83835],[-72.35128,18.85145],[-72.36033,18.85595]]]}},{"type":"Feature","properties":{"adm3_name":"4e Section Gambade","adm3_pcode":"HT0331-04","adm2_name":"Grande Riviere Du Nord","adm1_name":"North"},"geometry":{"type":"Polygon","coordinates":[[[-72.14714,19.5482],[-72.15072,19.55574],[-72.17107,19.5265],[-72.1713,19.51925],[-72.17686,19.50809],[-72.17615,19.50182],[-72.17806,19.49801],[-72.18332,19.49519],[-72.18105,19.4922],[-72.15398,19.50609],[-72.14577,19.50231],[-72.13492,19.50546],[-72.13844,19.51957],[-72.13514,19.5311],[-72.13792,19.54233],[-72.13402,19.54627],[-72.13536,19.54828],[-72.13822,19.54594],[-72.14125,19.54861],[-72.14714,19.5482]]]}},{"type":"Feature","properties":{"adm3_name":"4e Section Grand Lagon","adm3_pcode":"HT0151-04","adm2_name":"Anse a Galets","adm1_name":"West"},"geometry":{"type":"Polygon","coordinates":[[[-73.06945,18.92403],[-73.08036,18.92953],[-73.0905,18.93053],[-73.09003,18.92154],[-73.09833,18.91326],[-73.11875,18.91251],[-73.12198,18.90902],[-73.1215,18.86307],[-73.11766,18.85351],[-73.09932,18.84272],[-73.08699,18.85077],[-73.08023,18.84166],[-73.06815,18.83478],[-73.06236,18.84084],[-73.05198,18.83886],[-73.04653,18.83088],[-73.04195,18.83153],[-73.03978,18.82554],[-73.03664,18.82529],[-73.03207,18.81944],[-73.02586,18.82215],[-73.00552,18.81793],[-72.99739,18.80066],[-72.99548,18.80907],[-72.9847,18.81634],[-72.9805,18.82263],[-72.97911,18.83033],[-72.9681,18.85074],[-72.96595,18.85959],[-72.96765,18.8717],[-72.99467,18.88442],[-72.99605,18.89152],[-72.99989,18.89456],[-73.00926,18.89716],[-73.02292,18.90613],[-73.04196,18.91118],[-73.04611,18.91812],[-73.05871,18.9255],[-73.06945,18.92403]]]}},{"type":"Feature","properties":{"adm3_name":"4e Section Grande Ravine","adm3_pcode":"HT0321-04","adm2_name":"Acul du Nord","adm1_name":"North"},"geometry":{"type":"Polygon","coordinates":[[[-72.31143,19.64194],[-72.32437,19.64854],[-72.33949,19.64815],[-72.34955,19.62648],[-72.33783,19.60577],[-72.33524,19.59617],[-72.33997,19.58678],[-72.34915,19.58036],[-72.34437,19.57268],[-72.33486,19.57073],[-72.32779,19.5721],[-72.32466,19.57002],[-72.32249,19.5614],[-72.31912,19.55874],[-72.29445,19.55806],[-72.2927,19.56193],[-72.30377,19.57271],[-72.31139,19.5905],[-72.31015,19.60235],[-72.31264,19.61575],[-72.3061,19.62378],[-72.31289,19.63074],[-72.31143,19.64194]]]}},{"type":"Feature","properties":{"adm3_name":"4e Section Haut Grandou","adm3_pcode":"HT0221-04","adm2_name":"Bainet","adm1_name":"South-East"},"geometry":{"type":"Polygon","coordinates":[[[-72.81809,18.28719],[-72.82238,18.28713],[-72.82441,18.28233],[-72.81963,18.27419],[-72.81657,18.25904],[-72.80817,18.26248],[-72.79776,18.25759],[-72.79408,18.25131],[-72.79648,18.24053],[-72.7901,18.23256],[-72.78995,18.22841],[-72.78375,18.22518],[-72.77987,18.23254],[-72.78271,18.23333],[-72.77791,18.24571],[-72.76627,18.24628],[-72.76172,18.24927],[-72.75943,18.25829],[-72.76258,18.26298],[-72.76054,18.26468],[-72.76188,18.26849],[-72.76726,18.26673],[-72.79474,18.27548],[-72.80864,18.28678],[-72.81809,18.28719]]]}},{"type":"Feature","properties":{"adm3_name":"4e Section Haut Madeleine","adm3_pcode":"HT0411-04","adm2_name":"Fort-Liberte","adm1_name":"North-East"},"geometry":{"type":"Polygon","coordinates":[[[-71.89315,19.49803],[-71.89598,19.50062],[-71.90805,19.49682],[-71.91105,19.49969],[-71.91782,19.49906],[-71.92114,19.49398],[-71.92795,19.49151],[-71.93787,19.47963],[-71.91012,19.45868],[-71.89384,19.46226],[-71.89077,19.46045],[-71.88255,19.47346],[-71.88694,19.48564],[-71.88164,19.49106],[-71.88413,19.49762],[-71.89315,19.49803]]]}},{"type":"Feature","properties":{"adm3_name":"4e Section Haut Petit Borgne","adm3_pcode":"HT0352-04","adm2_name":"Port-Margot","adm1_name":"North"},"geometry":{"type":"Polygon","coordinates":[[[-72.45976,19.79427],[-72.46402,19.80807],[-72.47761,19.79611],[-72.47699,19.79142],[-72.48549,19.79134],[-72.48794,19.79545],[-72.49939,19.79424],[-72.51276,19.79743],[-72.50844,19.79063],[-72.51077,19.78584],[-72.5072,19.77663],[-72.50896,19.76809],[-72.5018,19.76404],[-72.49383,19.763],[-72.4916,19.76001],[-72.4785,19.76204],[-72.46922,19.7577],[-72.4652,19.76233],[-72.45241,19.76487],[-72.44951,19.76669],[-72.4563,19.77137],[-72.44953,19.78711],[-72.45478,19.78759],[-72.45494,19.79443],[-72.45976,19.79427]]]}},{"type":"Feature","properties":{"adm3_name":"4e Section Joly","adm3_pcode":"HT0372-04","adm2_name":"Pilate","adm1_name":"North"},"geometry":{"type":"Polygon","coordinates":[[[-72.55082,19.73349],[-72.55353,19.73642],[-72.55763,19.73442],[-72.56202,19.73667],[-72.56997,19.73312],[-72.57743,19.72583],[-72.57775,19.71159],[-72.56855,19.7021],[-72.56718,19.69586],[-72.56227,19.69477],[-72.56142,19.68542],[-72.55944,19.68609],[-72.56104,19.68805],[-72.55813,19.68803],[-72.55969,19.70028],[-72.55583,19.71453],[-72.55802,19.71893],[-72.55633,19.72355],[-72.5529,19.72361],[-72.54988,19.72844],[-72.55082,19.73349]]]}},{"type":"Feature","properties":{"adm3_name":"4e Section l'Acul","adm3_pcode":"HT0521-04","adm2_name":"Gros Morne","adm1_name":"Artibonite"},"geometry":{"type":"Polygon","coordinates":[[[-72.66832,19.77632],[-72.67362,19.77871],[-72.67658,19.78869],[-72.70774,19.77543],[-72.72104,19.7596],[-72.724,19.75284],[-72.72256,19.73612],[-72.71644,19.72526],[-72.70555,19.71516],[-72.70217,19.71414],[-72.69295,19.71727],[-72.69027,19.73242],[-72.64858,19.75794],[-72.64714,19.76441],[-72.64121,19.76786],[-72.64052,19.77171],[-72.6374,19.77376],[-72.64319,19.78548],[-72.65631,19.78565],[-72.6533,19.77675],[-72.66832,19.77632]]]}},{"type":"Feature","properties":{"adm3_name":"4e Section l'Estere Dere","adm3_pcode":"HT0932-04","adm2_name":"Baie de Henne","adm1_name":"North-West"},"geometry":{"type":"Polygon","coordinates":[[[-73.12935,19.71215],[-73.13039,19.72552],[-73.13915,19.73512],[-73.15211,19.71188],[-73.16295,19.70632],[-73.16855,19.71093],[-73.17657,19.71042],[-73.19946,19.67936],[-73.20831,19.67132],[-73.20697,19.66193],[-73.19281,19.64748],[-73.17917,19.63889],[-73.1446,19.62561],[-73.1274,19.62283],[-73.12205,19.63194],[-73.12819,19.63344],[-73.13625,19.64045],[-73.13631,19.64367],[-73.13065,19.65077],[-73.11745,19.681],[-73.1184,19.68981],[-73.12223,19.69241],[-73.1206,19.70207],[-73.12445,19.70255],[-73.12435,19.70623],[-73.12935,19.71215]]]}},{"type":"Feature","properties":{"adm3_name":"4e Section La Gosseline","adm3_pcode":"HT0211-04","adm2_name":"Jacmel","adm1_name":"South-East"},"geometry":{"type":"Polygon","coordinates":[[[-72.38346,18.38014],[-72.38383,18.38777],[-72.38901,18.3916],[-72.39404,18.39177],[-72.39636,18.38618],[-72.4044,18.38401],[-72.40985,18.37879],[-72.42711,18.37397],[-72.4305,18.37642],[-72.43501,18.37332],[-72.43233,18.34968],[-72.43996,18.34253],[-72.45362,18.34169],[-72.45439,18.33898],[-72.46147,18.33568],[-72.46205,18.32699],[-72.45365,18.33376],[-72.43305,18.33486],[-72.4244,18.33761],[-72.41451,18.33493],[-72.38897,18.33442],[-72.37246,18.33153],[-72.37286,18.336],[-72.36563,18.33879],[-72.3621,18.34297],[-72.36476,18.3499],[-72.36388,18.35521],[-72.36689,18.35719],[-72.3697,18.36645],[-72.3671,18.37806],[-72.37069,18.38138],[-72.38346,18.38014]]]}},{"type":"Feature","properties":{"adm3_name":"4e Section la Montagne","adm3_pcode":"HT0934-04","adm2_name":"Jean Rabel","adm1_name":"North-West"},"geometry":{"type":"Polygon","coordinates":[[[-73.13441,19.7299],[-73.11723,19.74264],[-73.12212,19.74919],[-73.12613,19.76376],[-73.13045,19.76712],[-73.12692,19.76918],[-73.13511,19.78252],[-73.15011,19.79951],[-73.16836,19.81664],[-73.1725,19.81686],[-73.17694,19.82102],[-73.17504,19.8277],[-73.18197,19.83674],[-73.18816,19.83261],[-73.18253,19.82473],[-73.18332,19.79922],[-73.17275,19.78575],[-73.17085,19.76779],[-73.16798,19.76218],[-73.15756,19.76179],[-73.15653,19.75761],[-73.16117,19.75445],[-73.14889,19.74303],[-73.13976,19.74427],[-73.14065,19.73807],[-73.13441,19.7299]]]}},{"type":"Feature","properties":{"adm3_name":"4e Section la Plaine","adm3_pcode":"HT1031-04","adm2_name":"Baraderes","adm1_name":"Nippes"},"geometry":{"type":"Polygon","coordinates":[[[-73.70342,18.49988],[-73.70798,18.5015],[-73.71387,18.49596],[-73.72029,18.49663],[-73.72351,18.49326],[-73.72581,18.49508],[-73.74042,18.49161],[-73.74237,18.48929],[-73.73799,18.48408],[-73.74624,18.47534],[-73.73067,18.46972],[-73.72317,18.47123],[-73.71775,18.47515],[-73.7004,18.47389],[-73.69804,18.47685],[-73.69281,18.47462],[-73.6916,18.47824],[-73.68132,18.47744],[-73.67639,18.47118],[-73.67928,18.46163],[-73.67614,18.45849],[-73.67139,18.46185],[-73.66605,18.46211],[-73.65446,18.45086],[-73.6491,18.44887],[-73.64507,18.44141],[-73.63934,18.48234],[-73.64562,18.48405],[-73.65372,18.48084],[-73.65971,18.48779],[-73.6701,18.48125],[-73.68344,18.48292],[-73.69334,18.48842],[-73.69754,18.49955],[-73.70342,18.49988]]]}},{"type":"Feature","properties":{"adm3_name":"4e Section la Seringue","adm3_pcode":"HT0812-04","adm2_name":"Abricots","adm1_name":"Grande'Anse"},"geometry":{"type":"Polygon","coordinates":[[[-74.32181,18.6555],[-74.33001,18.65536],[-74.3372,18.64797],[-74.34372,18.65134],[-74.34429,18.64753],[-74.34915,18.64842],[-74.35286,18.64301],[-74.36031,18.6394],[-74.36362,18.64045],[-74.36755,18.63594],[-74.37637,18.63587],[-74.38573,18.64402],[-74.38973,18.64103],[-74.38202,18.62764],[-74.36921,18.62015],[-74.37093,18.61657],[-74.37697,18.61572],[-74.3815,18.60489],[-74.37393,18.59098],[-74.36131,18.58821],[-74.35542,18.59222],[-74.34746,18.60744],[-74.34976,18.61128],[-74.3408,18.62431],[-74.33215,18.63135],[-74.32119,18.63022],[-74.30935,18.63608],[-74.30638,18.64268],[-74.30818,18.64634],[-74.31685,18.65074],[-74.31768,18.65467],[-74.32181,18.6555]]]}},{"type":"Feature","properties":{"adm3_name":"4e Section Laguille","adm3_pcode":"HT0342-04","adm2_name":"Dondon","adm1_name":"North"},"geometry":{"type":"Polygon","coordinates":[[[-72.27172,19.56516],[-72.2849,19.56474],[-72.28566,19.56188],[-72.28813,19.56171],[-72.28796,19.55861],[-72.29912,19.55924],[-72.28573,19.54407],[-72.28408,19.53937],[-72.28635,19.5324],[-72.2936,19.5235],[-72.29347,19.51507],[-72.29024,19.50903],[-72.25538,19.50991],[-72.25599,19.51208],[-72.2488,19.52302],[-72.23795,19.52627],[-72.23828,19.53225],[-72.24563,19.53263],[-72.24856,19.53616],[-72.24682,19.54638],[-72.27172,19.56516]]]}},{"type":"Feature","properties":{"adm3_name":"4e Section Lalomas","adm3_pcode":"HT0551-04","adm2_name":"Saint-Michel de l'Attalaye","adm1_name":"Artibonite"},"geometry":{"type":"Polygon","coordinates":[[[-72.24955,19.47699],[-72.26073,19.47585],[-72.2654,19.47067],[-72.27321,19.46983],[-72.27564,19.46396],[-72.28819,19.46785],[-72.29702,19.46577],[-72.30129,19.45359],[-72.30064,19.44316],[-72.30347,19.44049],[-72.31471,19.43948],[-72.31583,19.42718],[-72.31269,19.41491],[-72.3153,19.40178],[-72.30186,19.39518],[-72.2956,19.38634],[-72.29046,19.3854],[-72.28582,19.39202],[-72.28124,19.39312],[-72.27692,19.39096],[-72.27364,19.3836],[-72.26244,19.38392],[-72.25291,19.38875],[-72.24866,19.38463],[-72.24051,19.38789],[-72.22883,19.38423],[-72.23144,19.39157],[-72.22933,19.40012],[-72.23111,19.41723],[-72.223,19.41559],[-72.22292,19.4192],[-72.22988,19.42622],[-72.22694,19.4332],[-72.25014,19.44437],[-72.25196,19.45346],[-72.25708,19.45609],[-72.25366,19.47171],[-72.24955,19.47699]]]}},{"type":"Feature","properties":{"adm3_name":"4e Section Lalouere","adm3_pcode":"HT0531-04","adm2_name":"Saint-Marc","adm1_name":"Artibonite"},"geometry":{"type":"Polygon","coordinates":[[[-72.60848,19.14129],[-72.6171,19.14388],[-72.61782,19.14697],[-72.63165,19.14122],[-72.63332,19.1461],[-72.63829,19.1438],[-72.64091,19.14563],[-72.65698,19.13677],[-72.65665,19.13327],[-72.66617,19.12979],[-72.66782,19.13225],[-72.67187,19.13093],[-72.67915,19.12207],[-72.69185,19.11659],[-72.68833,19.11312],[-72.67882,19.11094],[-72.67181,19.09734],[-72.64917,19.08565],[-72.64294,19.0741],[-72.62462,19.06327],[-72.61942,19.05775],[-72.61095,19.05288],[-72.59174,19.05016],[-72.58844,19.04495],[-72.57948,19.04122],[-72.56878,19.04712],[-72.55594,19.06642],[-72.55622,19.06912],[-72.55324,19.07039],[-72.55369,19.07538],[-72.54756,19.07726],[-72.54735,19.07918],[-72.55465,19.08332],[-72.55801,19.09002],[-72.55801,19.09445],[-72.55284,19.10296],[-72.55804,19.10914],[-72.57897,19.12224],[-72.60612,19.13343],[-72.60848,19.14129]]]}},{"type":"Feature","properties":{"adm3_name":"4e Section Laurent","adm3_pcode":"HT0711-04","adm2_name":"Les Cayes","adm1_name":"South"},"geometry":{"type":"Polygon","coordinates":[[[-73.72659,18.30796],[-73.73117,18.30893],[-73.74144,18.30461],[-73.74189,18.29849],[-73.74469,18.2979],[-73.74324,18.28891],[-73.74823,18.27959],[-73.75178,18.2787],[-73.75606,18.2727],[-73.75438,18.26677],[-73.76073,18.25597],[-73.75795,18.25174],[-73.76116,18.25064],[-73.76028,18.24809],[-73.76296,18.24796],[-73.76447,18.24451],[-73.75863,18.22338],[-73.75193,18.21434],[-73.74759,18.21491],[-73.755,18.22934],[-73.7519,18.23548],[-73.74598,18.23622],[-73.7425,18.23953],[-73.74363,18.25103],[-73.73805,18.254],[-73.73607,18.26098],[-73.71564,18.26449],[-73.71799,18.27976],[-73.714,18.30235],[-73.71774,18.30741],[-73.72659,18.30796]]]}},{"type":"Feature","properties":{"adm3_name":"4e Section les Gommiers","adm3_pcode":"HT0832-04","adm2_name":"Roseaux","adm1_name":"Grande'Anse"},"geometry":{"type":"Polygon","coordinates":[[[-74.07734,18.61602],[-74.072,18.59809],[-74.07266,18.59278],[-74.06674,18.58753],[-74.05816,18.56781],[-74.05278,18.56387],[-74.04434,18.56307],[-74.04372,18.56104],[-74.04993,18.55518],[-74.02198,18.55448],[-74.01833,18.54702],[-74.01116,18.54638],[-74.00449,18.55215],[-74.00192,18.56522],[-73.98708,18.57897],[-73.99896,18.58508],[-73.99063,18.58928],[-74.00599,18.60068],[-74.03408,18.60273],[-74.06704,18.61119],[-74.07734,18.61602]]]}},{"type":"Feature","properties":{"adm3_name":"4e Section Mahotiere","adm3_pcode":"HT0911-04","adm2_name":"Port-de-Paix","adm1_name":"North-West"},"geometry":{"type":"Polygon","coordinates":[[[-73.01989,19.83764],[-73.02484,19.82963],[-73.0217,19.82411],[-73.02029,19.81361],[-73.02236,19.79554],[-73.02062,19.79178],[-73.02353,19.78369],[-73.03364,19.77418],[-73.03208,19.76195],[-73.02256,19.75573],[-73.01726,19.73959],[-73.01188,19.73486],[-73.00831,19.72746],[-72.99219,19.72238],[-72.97852,19.72246],[-72.9672,19.7284],[-72.95302,19.72481],[-72.93756,19.72579],[-72.92744,19.72927],[-72.92442,19.72595],[-72.92376,19.7362],[-72.92711,19.74987],[-72.9262,19.76666],[-72.92318,19.76734],[-72.92214,19.77047],[-72.92323,19.77643],[-72.9276,19.78155],[-72.93893,19.78517],[-72.94299,19.79364],[-72.94574,19.79348],[-72.94601,19.79753],[-72.95032,19.79779],[-72.94969,19.80098],[-72.95483,19.80436],[-72.95767,19.81198],[-72.95497,19.81498],[-72.96472,19.82688],[-72.99593,19.82714],[-73.01075,19.83562],[-73.01989,19.83764]]]}},{"type":"Feature","properties":{"adm3_name":"4e Section Mandou","adm3_pcode":"HT0821-04","adm2_name":"Anse d'Hainault","adm1_name":"Grande'Anse"},"geometry":{"type":"Polygon","coordinates":[[[-74.42245,18.45142],[-74.42904,18.45671],[-74.4397,18.45048],[-74.46082,18.44798],[-74.47088,18.44964],[-74.46956,18.44379],[-74.47375,18.44022],[-74.47259,18.43392],[-74.47973,18.42752],[-74.47482,18.42738],[-74.47317,18.424],[-74.47489,18.42197],[-74.4727,18.42006],[-74.46548,18.41842],[-74.45068,18.4201],[-74.4501,18.42259],[-74.44744,18.42155],[-74.44674,18.42501],[-74.44111,18.42435],[-74.44278,18.42985],[-74.43529,18.43854],[-74.42869,18.43643],[-74.4151,18.43898],[-74.411,18.44191],[-74.40816,18.43649],[-74.39734,18.42705],[-74.39505,18.43171],[-74.39765,18.43877],[-74.38689,18.44876],[-74.39154,18.45053],[-74.40104,18.44838],[-74.40803,18.45056],[-74.41508,18.447],[-74.42245,18.45142]]]}},{"type":"Feature","properties":{"adm3_name":"4e Section Mapou","adm3_pcode":"HT0371-04","adm2_name":"Plaisance","adm1_name":"North"},"geometry":{"type":"Polygon","coordinates":[[[-72.51516,19.62196],[-72.53132,19.61667],[-72.54599,19.60356],[-72.54148,19.59876],[-72.54247,19.5888],[-72.53588,19.58257],[-72.52574,19.57815],[-72.51663,19.58208],[-72.50787,19.57804],[-72.49304,19.58082],[-72.48965,19.58576],[-72.48378,19.58762],[-72.48052,19.59681],[-72.48322,19.59534],[-72.48345,19.60076],[-72.49729,19.59679],[-72.50966,19.60075],[-72.51184,19.60418],[-72.51087,19.61609],[-72.51516,19.62196]]]}},{"type":"Feature","properties":{"adm3_name":"4e Section Mare Henri","adm3_pcode":"HT0733-04","adm2_name":"Cavaillon","adm1_name":"South"},"geometry":{"type":"Polygon","coordinates":[[[-73.60288,18.42146],[-73.60965,18.42713],[-73.61183,18.42165],[-73.62493,18.41764],[-73.6269,18.41481],[-73.62098,18.41418],[-73.62637,18.41114],[-73.62532,18.40174],[-73.62722,18.40543],[-73.62992,18.40053],[-73.63469,18.39866],[-73.63863,18.40242],[-73.63972,18.3986],[-73.64292,18.4004],[-73.64347,18.39739],[-73.63845,18.39149],[-73.64918,18.3926],[-73.65186,18.3853],[-73.65628,18.38456],[-73.6459,18.37114],[-73.6401,18.36839],[-73.63459,18.37088],[-73.63025,18.37862],[-73.61599,18.36602],[-73.57838,18.36633],[-73.57106,18.36903],[-73.55493,18.36997],[-73.5462,18.37542],[-73.543,18.37583],[-73.54178,18.37365],[-73.53863,18.38462],[-73.54634,18.3893],[-73.54865,18.38751],[-73.55897,18.39124],[-73.55945,18.39943],[-73.56224,18.40142],[-73.57388,18.40119],[-73.5789,18.4072],[-73.57799,18.42053],[-73.59154,18.41885],[-73.60288,18.42146]]]}},{"type":"Feature","properties":{"adm3_name":"4e Section Mare Roseaux","adm3_pcode":"HT0133-05","adm2_name":"Ganthier","adm1_name":"West"},"geometry":{"type":"Polygon","coordinates":[[[-72.07042,18.53258],[-72.08264,18.53702],[-72.08563,18.53089],[-72.09255,18.5291],[-72.09847,18.52147],[-72.1005,18.51688],[-72.09544,18.51025],[-72.10617,18.50536],[-72.11323,18.50612],[-72.11611,18.50274],[-72.11807,18.49832],[-72.11637,18.49285],[-72.12076,18.48725],[-72.12107,18.47403],[-72.1121,18.45656],[-72.11201,18.45073],[-72.10315,18.44629],[-72.10177,18.44233],[-72.09539,18.44062],[-72.09564,18.43705],[-72.09292,18.43459],[-72.08389,18.43944],[-72.07719,18.43884],[-72.07288,18.43313],[-72.06403,18.43008],[-72.06527,18.42259],[-72.05456,18.41251],[-72.04224,18.41688],[-72.03575,18.42578],[-72.032,18.42679],[-72.02271,18.42188],[-72.02108,18.4258],[-72.01831,18.42527],[-72.01744,18.4206],[-72.01269,18.41843],[-72.00712,18.4202],[-72.00537,18.42345],[-72.01093,18.42965],[-72.00668,18.44553],[-72.01084,18.45101],[-72.02542,18.45757],[-72.04403,18.46176],[-72.05206,18.48541],[-72.06984,18.4961],[-72.07748,18.49712],[-72.07522,18.50988],[-72.06806,18.51163],[-72.06643,18.51495],[-72.06503,18.52448],[-72.07042,18.53258]]]}},{"type":"Feature","properties":{"adm3_name":"4e Section Montagne Terrible","adm3_pcode":"HT0622-04","adm2_name":"Saut d'Eau","adm1_name":"Centre"},"geometry":{"type":"Polygon","coordinates":[[[-72.34897,18.8682],[-72.35987,18.86942],[-72.36469,18.86587],[-72.36184,18.86423],[-72.36328,18.85903],[-72.33575,18.83835],[-72.3194,18.81166],[-72.30311,18.81821],[-72.2968,18.81696],[-72.29732,18.82053],[-72.29234,18.82654],[-72.29728,18.8337],[-72.29689,18.83908],[-72.28399,18.85338],[-72.25683,18.85725],[-72.2646,18.86202],[-72.27884,18.86014],[-72.28925,18.86376],[-72.30499,18.86366],[-72.31545,18.85807],[-72.32503,18.86284],[-72.34897,18.8682]]]}},{"type":"Feature","properties":{"adm3_name":"4e Section Montrouis","adm3_pcode":"HT0141-04","adm2_name":"Arcahaie","adm1_name":"West"},"geometry":{"type":"Polygon","coordinates":[[[-72.62698,18.97347],[-72.62826,18.97717],[-72.63182,18.97296],[-72.63442,18.97629],[-72.63803,18.97088],[-72.64999,18.97228],[-72.65761,18.96738],[-72.66111,18.96796],[-72.66437,18.97217],[-72.67064,18.96858],[-72.67861,18.96859],[-72.67715,18.9725],[-72.68158,18.97306],[-72.68456,18.96747],[-72.68862,18.96708],[-72.69931,18.95854],[-72.70824,18.94813],[-72.70999,18.94234],[-72.69035,18.94115],[-72.64806,18.91844],[-72.64326,18.91013],[-72.6351,18.90642],[-72.63461,18.90194],[-72.63141,18.90144],[-72.62485,18.89005],[-72.61925,18.88727],[-72.61625,18.88109],[-72.61668,18.87208],[-72.59622,18.87777],[-72.59173,18.88799],[-72.58483,18.89561],[-72.60109,18.91134],[-72.59777,18.91509],[-72.59853,18.92335],[-72.59376,18.92575],[-72.59524,18.92889],[-72.5929,18.93831],[-72.59604,18.94489],[-72.59212,18.94679],[-72.58904,18.95344],[-72.58089,18.95643],[-72.5806,18.95998],[-72.58923,18.96363],[-72.59107,18.97331],[-72.59815,18.97156],[-72.60164,18.97209],[-72.60344,18.97533],[-72.61638,18.97642],[-72.6202,18.97091],[-72.62698,18.97347]]]}},{"type":"Feature","properties":{"adm3_name":"4e Section Moreau","adm3_pcode":"HT0712-04","adm2_name":"Torbeck","adm1_name":"South"},"geometry":{"type":"Polygon","coordinates":[[[-73.94278,18.37051],[-73.96754,18.36992],[-73.97199,18.36554],[-73.9767,18.36456],[-73.98061,18.35463],[-73.98835,18.34869],[-73.98342,18.34081],[-73.97929,18.34008],[-73.97265,18.32342],[-73.96663,18.32173],[-73.95167,18.32316],[-73.94637,18.31893],[-73.94239,18.31015],[-73.94416,18.3026],[-73.9475,18.3021],[-73.94915,18.29764],[-73.9526,18.29648],[-73.95591,18.29182],[-73.95532,18.28724],[-73.94092,18.29552],[-73.92151,18.31315],[-73.91336,18.30634],[-73.89914,18.30209],[-73.87958,18.28392],[-73.8763,18.28567],[-73.8699,18.28045],[-73.86591,18.28174],[-73.87577,18.29937],[-73.86959,18.29966],[-73.86658,18.30469],[-73.86803,18.31072],[-73.87178,18.31047],[-73.87957,18.30283],[-73.89194,18.30505],[-73.90415,18.31207],[-73.91001,18.31785],[-73.91144,18.32526],[-73.92646,18.3369],[-73.92661,18.33865],[-73.92286,18.33942],[-73.9278,18.34255],[-73.92568,18.34666],[-73.9299,18.34895],[-73.92689,18.35311],[-73.9279,18.36623],[-73.93093,18.36553],[-73.94278,18.37051]]]}},{"type":"Feature","properties":{"adm3_name":"4e Section Morisseau","adm3_pcode":"HT1023-01","adm2_name":"L'Asile","adm1_name":"Nippes"},"geometry":{"type":"Polygon","coordinates":[[[-73.40216,18.37595],[-73.40532,18.37981],[-73.41295,18.37501],[-73.42715,18.37639],[-73.42916,18.36736],[-73.42273,18.34231],[-73.41227,18.34202],[-73.40453,18.34755],[-73.36299,18.34525],[-73.35522,18.34251],[-73.34837,18.34861],[-73.33643,18.3694],[-73.34568,18.36676],[-73.34933,18.36996],[-73.35072,18.36764],[-73.35891,18.36982],[-73.37222,18.36651],[-73.37587,18.36329],[-73.38181,18.36363],[-73.38552,18.37082],[-73.38955,18.36672],[-73.392,18.36734],[-73.40216,18.37595]]]}},{"type":"Feature","properties":{"adm3_name":"4e Section Moussambe","adm3_pcode":"HT0123-04","adm2_name":"Grand-Goave","adm1_name":"West"},"geometry":{"type":"Polygon","coordinates":[[[-72.73832,18.37743],[-72.74211,18.37756],[-72.7475,18.36594],[-72.74991,18.36547],[-72.75566,18.36482],[-72.77335,18.37109],[-72.77397,18.35952],[-72.76627,18.35624],[-72.76587,18.3538],[-72.76578,18.33333],[-72.7689,18.33153],[-72.77116,18.31841],[-72.77069,18.31215],[-72.76445,18.30631],[-72.7618,18.28573],[-72.76403,18.28393],[-72.76158,18.28151],[-72.75068,18.2897],[-72.74722,18.29042],[-72.7422,18.28704],[-72.74075,18.29001],[-72.74119,18.30747],[-72.73842,18.31455],[-72.7447,18.32551],[-72.73638,18.33181],[-72.73555,18.34875],[-72.72859,18.35503],[-72.72647,18.36871],[-72.73352,18.37683],[-72.7371,18.37576],[-72.73832,18.37743]]]}},{"type":"Feature","properties":{"adm3_name":"4e Section Petit Bois","adm3_pcode":"HT0131-04","adm2_name":"Croix-Des-Bouquets","adm1_name":"West"},"geometry":{"type":"Polygon","coordinates":[[[-72.18777,18.56598],[-72.20833,18.56901],[-72.19866,18.54942],[-72.19897,18.5468],[-72.20395,18.54414],[-72.20229,18.539],[-72.19818,18.53923],[-72.19653,18.53507],[-72.18389,18.53839],[-72.17929,18.52815],[-72.17442,18.52496],[-72.1707,18.52505],[-72.16609,18.52927],[-72.15972,18.52657],[-72.14204,18.52491],[-72.14365,18.5326],[-72.14104,18.54061],[-72.1531,18.54154],[-72.15534,18.55235],[-72.14886,18.56002],[-72.15064,18.56325],[-72.18777,18.56598]]]}},{"type":"Feature","properties":{"adm3_name":"4e Section Petite Riviere","adm3_pcode":"HT0822-04","adm2_name":"Dame Marie","adm1_name":"Grande'Anse"},"geometry":{"type":"Polygon","coordinates":[[[-74.38475,18.63385],[-74.38821,18.63728],[-74.39505,18.63222],[-74.39617,18.62669],[-74.39939,18.63014],[-74.40717,18.62994],[-74.40974,18.62371],[-74.4248,18.61619],[-74.4247,18.60796],[-74.42902,18.6057],[-74.42744,18.60047],[-74.42213,18.59591],[-74.41769,18.59569],[-74.41266,18.58706],[-74.39284,18.59062],[-74.37766,18.58655],[-74.37225,18.58994],[-74.3815,18.60489],[-74.37697,18.61572],[-74.37093,18.61657],[-74.36921,18.62015],[-74.38202,18.62764],[-74.38475,18.63385]]]}},{"type":"Feature","properties":{"adm3_name":"4e Section Pointe a Raquette","adm3_pcode":"HT0152-05","adm2_name":"Pointe a Raquette","adm1_name":"West"},"geometry":{"type":"Polygon","coordinates":[[[-73.13857,18.94001],[-73.1458,18.94441],[-73.15185,18.93138],[-73.15124,18.92431],[-73.16531,18.90947],[-73.16944,18.91005],[-73.17093,18.90806],[-73.17402,18.91205],[-73.1758,18.91127],[-73.17386,18.90541],[-73.17102,18.90643],[-73.16935,18.89899],[-73.16302,18.89041],[-73.1479,18.88755],[-73.12211,18.8751],[-73.12198,18.90902],[-73.11875,18.91251],[-73.09833,18.91326],[-73.09003,18.92154],[-73.0905,18.93053],[-73.11437,18.9316],[-73.13857,18.94001]]]}},{"type":"Feature","properties":{"adm3_name":"4e Section Poste Pierrot","adm3_pcode":"HT0541-04","adm2_name":"Dessalines","adm1_name":"Artibonite"},"geometry":{"type":"Polygon","coordinates":[[[-72.4523,19.28649],[-72.45511,19.2884],[-72.45442,19.27641],[-72.4569,19.27266],[-72.45281,19.26099],[-72.47263,19.25944],[-72.48008,19.26327],[-72.48679,19.26117],[-72.4961,19.26273],[-72.503,19.25833],[-72.51123,19.26152],[-72.5154,19.25518],[-72.51294,19.24399],[-72.51476,19.23829],[-72.50942,19.22558],[-72.5046,19.22011],[-72.49513,19.22707],[-72.48583,19.2253],[-72.47537,19.2167],[-72.47321,19.20262],[-72.46549,19.19792],[-72.47362,19.19133],[-72.47969,19.18166],[-72.47972,19.17614],[-72.45695,19.17288],[-72.45229,19.16899],[-72.44588,19.15466],[-72.45144,19.14249],[-72.44939,19.13813],[-72.44262,19.13148],[-72.43422,19.13121],[-72.4278,19.13374],[-72.4218,19.1303],[-72.41368,19.13128],[-72.40224,19.13634],[-72.38901,19.15161],[-72.39883,19.1577],[-72.40501,19.15781],[-72.40944,19.16064],[-72.40711,19.17046],[-72.41594,19.18114],[-72.41228,19.18501],[-72.4159,19.19109],[-72.42224,19.196],[-72.43707,19.20036],[-72.42771,19.22057],[-72.42194,19.2275],[-72.4121,19.22891],[-72.40717,19.24112],[-72.4093,19.24482],[-72.42244,19.25299],[-72.4523,19.28649]]]}},{"type":"Feature","properties":{"adm3_name":"4e Section Poteaux","adm3_pcode":"HT0511-04","adm2_name":"Gonaives","adm1_name":"Artibonite"},"geometry":{"type":"Polygon","coordinates":[[[-72.6214,19.62748],[-72.65421,19.61204],[-72.65756,19.60626],[-72.65129,19.58751],[-72.64709,19.582],[-72.64492,19.56993],[-72.63117,19.5515],[-72.64072,19.52604],[-72.6445,19.52346],[-72.64898,19.5137],[-72.65445,19.48594],[-72.64071,19.49512],[-72.64109,19.48782],[-72.63352,19.48792],[-72.62912,19.49044],[-72.62283,19.51303],[-72.61841,19.52022],[-72.60185,19.52741],[-72.58376,19.52957],[-72.5833,19.53877],[-72.58068,19.54346],[-72.58464,19.55244],[-72.59817,19.56902],[-72.60136,19.57176],[-72.60842,19.57126],[-72.61211,19.57469],[-72.61708,19.57192],[-72.62454,19.57388],[-72.62276,19.58756],[-72.61724,19.59091],[-72.61959,19.59431],[-72.62944,19.59905],[-72.63209,19.61349],[-72.62426,19.61772],[-72.6214,19.62748]]]}},{"type":"Feature","properties":{"adm3_name":"4e Section Procy","adm3_pcode":"HT0113-04","adm2_name":"Carrefour","adm1_name":"West"},"geometry":{"type":"Polygon","coordinates":[[[-72.36432,18.48491],[-72.36499,18.48846],[-72.37588,18.48518],[-72.37944,18.47293],[-72.38946,18.47484],[-72.39443,18.47301],[-72.39866,18.46998],[-72.39987,18.46344],[-72.40457,18.46376],[-72.40707,18.46026],[-72.40429,18.4524],[-72.39651,18.44437],[-72.39385,18.43594],[-72.36412,18.44214],[-72.35782,18.44635],[-72.35566,18.45242],[-72.34953,18.45375],[-72.34951,18.45625],[-72.35577,18.45994],[-72.36208,18.45715],[-72.3744,18.46423],[-72.37483,18.4668],[-72.37124,18.46624],[-72.36516,18.47104],[-72.36735,18.47807],[-72.36414,18.48101],[-72.36432,18.48491]]]}},{"type":"Feature","properties":{"adm3_name":"4e Section Puilboreau","adm3_pcode":"HT0512-04","adm2_name":"Ennery","adm1_name":"Artibonite"},"geometry":{"type":"Polygon","coordinates":[[[-72.46241,19.52636],[-72.47111,19.53398],[-72.48119,19.52741],[-72.49005,19.51726],[-72.48805,19.50585],[-72.49763,19.49938],[-72.49687,19.49547],[-72.49051,19.49361],[-72.48964,19.48645],[-72.48492,19.47975],[-72.47517,19.47828],[-72.46797,19.4825],[-72.46877,19.47488],[-72.46043,19.47207],[-72.45861,19.46946],[-72.4601,19.46574],[-72.45398,19.46176],[-72.44877,19.46668],[-72.44486,19.46728],[-72.43948,19.46322],[-72.43349,19.46376],[-72.42811,19.46039],[-72.42546,19.46336],[-72.41747,19.46488],[-72.41274,19.46985],[-72.40729,19.4697],[-72.40349,19.47224],[-72.40405,19.48059],[-72.40968,19.48436],[-72.41666,19.50049],[-72.43182,19.50839],[-72.43539,19.51505],[-72.43942,19.51281],[-72.44602,19.51763],[-72.4472,19.52139],[-72.45528,19.52237],[-72.46241,19.52636]]]}},{"type":"Feature","properties":{"adm3_name":"4e Section Riviere de Barre","adm3_pcode":"HT0921-04","adm2_name":"Saint-Louis du Nord","adm1_name":"North-West"},"geometry":{"type":"Polygon","coordinates":[[[-72.68498,19.91991],[-72.68781,19.92085],[-72.68846,19.92467],[-72.6968,19.925],[-72.70173,19.92884],[-72.70731,19.91806],[-72.70171,19.91258],[-72.70214,19.90962],[-72.70565,19.90842],[-72.70737,19.90164],[-72.70495,19.89751],[-72.70608,19.89166],[-72.709,19.88411],[-72.71126,19.88334],[-72.70867,19.87075],[-72.70575,19.86895],[-72.70576,19.86481],[-72.69985,19.85647],[-72.69691,19.84097],[-72.6846,19.83163],[-72.67726,19.83278],[-72.67871,19.84925],[-72.66171,19.87062],[-72.67207,19.86807],[-72.68035,19.86942],[-72.68976,19.87439],[-72.69572,19.89366],[-72.69004,19.89688],[-72.69376,19.90882],[-72.68498,19.91991]]]}},{"type":"Feature","properties":{"adm3_name":"4e Section San-Yago","adm3_pcode":"HT0341-04","adm2_name":"Saint-Raphael","adm1_name":"North"},"geometry":{"type":"Polygon","coordinates":[[[-72.19904,19.45406],[-72.20171,19.45528],[-72.2056,19.4532],[-72.21083,19.43837],[-72.20874,19.43192],[-72.21129,19.4148],[-72.21924,19.41402],[-72.23111,19.41723],[-72.22933,19.40012],[-72.23144,19.39157],[-72.22883,19.38423],[-72.24051,19.38789],[-72.24866,19.38463],[-72.24149,19.37472],[-72.23235,19.36909],[-72.23029,19.36375],[-72.23329,19.35838],[-72.22775,19.34397],[-72.23076,19.3434],[-72.22435,19.33853],[-72.22396,19.32506],[-72.20837,19.31914],[-72.20071,19.31144],[-72.20333,19.30055],[-72.18301,19.29386],[-72.17384,19.28562],[-72.16582,19.28196],[-72.15913,19.28282],[-72.15866,19.27921],[-72.15069,19.28459],[-72.15153,19.28914],[-72.1569,19.29451],[-72.155,19.3009],[-72.15175,19.30184],[-72.15452,19.30545],[-72.15136,19.30772],[-72.16116,19.309],[-72.16454,19.31161],[-72.16294,19.31684],[-72.16475,19.3186],[-72.15985,19.32197],[-72.16008,19.32503],[-72.16242,19.32514],[-72.16398,19.33103],[-72.16751,19.33231],[-72.16545,19.33419],[-72.16699,19.33667],[-72.1717,19.33563],[-72.17261,19.34043],[-72.18021,19.34492],[-72.17752,19.34933],[-72.16911,19.34796],[-72.17263,19.35201],[-72.17072,19.35866],[-72.17242,19.35995],[-72.16826,19.36107],[-72.16848,19.36299],[-72.17251,19.3642],[-72.17228,19.36757],[-72.17871,19.36733],[-72.17724,19.36985],[-72.17984,19.37149],[-72.17735,19.37395],[-72.18108,19.37756],[-72.18501,19.37782],[-72.17857,19.38727],[-72.18082,19.38977],[-72.17722,19.39044],[-72.18085,19.39251],[-72.17925,19.39722],[-72.18222,19.39533],[-72.18222,19.40382],[-72.18991,19.40877],[-72.18678,19.41002],[-72.1887,19.41161],[-72.19158,19.41088],[-72.18844,19.41615],[-72.1896,19.41906],[-72.19438,19.42064],[-72.19313,19.42623],[-72.18975,19.42738],[-72.19576,19.43136],[-72.19112,19.43367],[-72.19104,19.43851],[-72.19727,19.43981],[-72.19577,19.45015],[-72.19904,19.45406]]]}},{"type":"Feature","properties":{"adm3_name":"4e Section Sarazin","adm3_pcode":"HT0432-04","adm2_name":"Sainte Suzanne","adm1_name":"North-East"},"geometry":{"type":"Polygon","coordinates":[[[-72.0482,19.56615],[-72.04982,19.56958],[-72.04821,19.57462],[-72.0548,19.57951],[-72.05714,19.58548],[-72.06853,19.5937],[-72.07396,19.58775],[-72.07643,19.58832],[-72.07803,19.58067],[-72.08936,19.58296],[-72.08198,19.55434],[-72.07774,19.55298],[-72.07459,19.55741],[-72.06101,19.56413],[-72.0482,19.56615]]]}},{"type":"Feature","properties":{"adm3_name":"4e Section Savane a Roche","adm3_pcode":"HT0542-04","adm2_name":"Petite Riviere de l'Artibonite","adm1_name":"Artibonite"},"geometry":{"type":"Polygon","coordinates":[[[-72.38035,19.06847],[-72.38494,19.07202],[-72.3876,19.06933],[-72.38826,19.0644],[-72.38354,19.0561],[-72.38899,19.05337],[-72.38708,19.04759],[-72.39204,19.04211],[-72.3873,19.03016],[-72.37975,19.02555],[-72.38568,19.01536],[-72.37681,19.01147],[-72.37476,19.00624],[-72.36853,19.00395],[-72.36855,18.9961],[-72.37359,18.99209],[-72.3728,18.98922],[-72.36729,18.99134],[-72.36122,18.98874],[-72.35625,18.99021],[-72.35436,18.98821],[-72.3545,18.98454],[-72.35762,18.9824],[-72.36615,18.98468],[-72.36595,18.97795],[-72.35699,18.96945],[-72.35418,18.97574],[-72.35139,18.9749],[-72.35144,18.96921],[-72.34942,18.96797],[-72.34592,18.97032],[-72.34372,18.97623],[-72.34127,18.97559],[-72.34292,18.97309],[-72.33833,18.97012],[-72.341,18.95979],[-72.33958,18.95591],[-72.32565,18.94237],[-72.32019,18.93872],[-72.31772,18.93976],[-72.30949,18.93166],[-72.28867,18.91996],[-72.28406,18.92353],[-72.27971,18.91817],[-72.27167,18.91434],[-72.26679,18.92159],[-72.25994,18.91691],[-72.246,18.91997],[-72.24393,18.91821],[-72.24278,18.92455],[-72.23755,18.93246],[-72.23774,18.93803],[-72.22685,18.94833],[-72.22496,18.95641],[-72.23822,18.97035],[-72.24098,18.98514],[-72.23699,18.99311],[-72.23986,19.00588],[-72.2445,19.01048],[-72.25409,19.01115],[-72.27054,19.01746],[-72.28321,19.01654],[-72.29225,19.02026],[-72.29846,19.01948],[-72.30867,19.01215],[-72.31355,19.01241],[-72.32462,19.01968],[-72.33268,19.02197],[-72.3385,19.02907],[-72.33834,19.03231],[-72.34441,19.03097],[-72.34178,19.03946],[-72.34927,19.04249],[-72.36623,19.0612],[-72.36903,19.06727],[-72.38035,19.06847]]]}},{"type":"Feature","properties":{"adm3_name":"4e Section Savane au Lait","adm3_pcode":"HT0421-04","adm2_name":"Ouanaminthe","adm1_name":"North-East"},"geometry":{"type":"Polygon","coordinates":[[[-71.75252,19.52374],[-71.75479,19.52667],[-71.7535,19.53182],[-71.77167,19.5317],[-71.77611,19.53507],[-71.78825,19.51775],[-71.79447,19.51438],[-71.79612,19.50982],[-71.79236,19.50832],[-71.79808,19.50663],[-71.79408,19.50154],[-71.79711,19.50107],[-71.79432,19.49732],[-71.79898,19.49553],[-71.80001,19.49211],[-71.79652,19.48911],[-71.80123,19.48968],[-71.80365,19.48585],[-71.79758,19.47893],[-71.80421,19.47471],[-71.80137,19.4692],[-71.80529,19.46051],[-71.80042,19.45565],[-71.79221,19.45524],[-71.78071,19.4501],[-71.7738,19.45438],[-71.76951,19.46842],[-71.75246,19.48849],[-71.75601,19.50297],[-71.75403,19.51102],[-71.75615,19.51511],[-71.75252,19.52374]]]}},{"type":"Feature","properties":{"adm3_name":"4e Section Soufriere","adm3_pcode":"HT0361-04","adm2_name":"Limbe","adm1_name":"North"},"geometry":{"type":"Polygon","coordinates":[[[-72.38844,19.67832],[-72.39553,19.6829],[-72.39662,19.67258],[-72.38963,19.66951],[-72.38883,19.66451],[-72.40166,19.6565],[-72.40334,19.65909],[-72.41155,19.65943],[-72.41698,19.66441],[-72.42111,19.66411],[-72.4188,19.65642],[-72.3995,19.63946],[-72.39055,19.63851],[-72.37741,19.6507],[-72.37213,19.65167],[-72.37073,19.6553],[-72.36528,19.65462],[-72.35893,19.65784],[-72.36098,19.66599],[-72.37518,19.67384],[-72.37889,19.68022],[-72.38844,19.67832]]]}},{"type":"Feature","properties":{"adm3_name":"4e Section St-Michel","adm3_pcode":"HT1011-04","adm2_name":"Miragoane","adm1_name":"Nippes"},"geometry":{"type":"Polygon","coordinates":[[[-73.09548,18.38628],[-73.09417,18.38889],[-73.09783,18.40092],[-73.10592,18.40704],[-73.11495,18.40608],[-73.12171,18.38848],[-73.12938,18.3859],[-73.13779,18.38807],[-73.14927,18.38459],[-73.15583,18.3878],[-73.15534,18.37971],[-73.15136,18.37521],[-73.15328,18.36685],[-73.15104,18.36374],[-73.15656,18.35546],[-73.16306,18.35545],[-73.169,18.36252],[-73.17452,18.35755],[-73.1645,18.35056],[-73.15602,18.35031],[-73.14394,18.36347],[-73.13994,18.36475],[-73.12519,18.35886],[-73.11859,18.36297],[-73.11466,18.36052],[-73.11046,18.36185],[-73.10045,18.35305],[-73.10469,18.36203],[-73.10035,18.37752],[-73.09497,18.38118],[-73.09902,18.38348],[-73.09548,18.38628]]]}},{"type":"Feature","properties":{"adm3_name":"4e Section Tozia","adm3_pcode":"HT0834-04","adm2_name":"Pestel","adm1_name":"Grande'Anse"},"geometry":{"type":"Polygon","coordinates":[[[-73.81873,18.50027],[-73.82123,18.5021],[-73.83662,18.50131],[-73.85291,18.49761],[-73.85746,18.49949],[-73.88137,18.48729],[-73.88919,18.49084],[-73.8923,18.48964],[-73.89658,18.47718],[-73.89035,18.46782],[-73.88193,18.46099],[-73.86808,18.4557],[-73.8698,18.45112],[-73.86674,18.44424],[-73.86747,18.43439],[-73.85761,18.42323],[-73.86273,18.40626],[-73.84288,18.40677],[-73.78562,18.42407],[-73.78002,18.42395],[-73.77913,18.43787],[-73.78585,18.44036],[-73.78632,18.44908],[-73.78216,18.46606],[-73.78431,18.46746],[-73.79633,18.46491],[-73.79666,18.47174],[-73.80714,18.47993],[-73.80872,18.4926],[-73.81873,18.50027]]]}},{"type":"Feature","properties":{"adm3_name":"4e Section Trou d'Enfer","adm3_pcode":"HT0351-04","adm2_name":"Borgne","adm1_name":"North"},"geometry":{"type":"Polygon","coordinates":[[[-72.60039,19.78769],[-72.61542,19.78642],[-72.6165,19.78814],[-72.61973,19.78577],[-72.62111,19.7809],[-72.62616,19.77681],[-72.62258,19.76391],[-72.597,19.75879],[-72.58833,19.76397],[-72.58333,19.7639],[-72.58137,19.76726],[-72.5745,19.76593],[-72.58006,19.77031],[-72.57984,19.77565],[-72.59737,19.78122],[-72.60039,19.78769]]]}},{"type":"Feature","properties":{"adm3_name":"4e Section Zanglais","adm3_pcode":"HT0732-04","adm2_name":"Saint Louis du Sud","adm1_name":"South"},"geometry":{"type":"Polygon","coordinates":[[[-73.4275,18.29331],[-73.43144,18.29541],[-73.44802,18.29212],[-73.45819,18.29308],[-73.46617,18.283],[-73.48409,18.28237],[-73.4877,18.27895],[-73.48781,18.27232],[-73.49365,18.26755],[-73.49326,18.25961],[-73.48826,18.25522],[-73.48009,18.25652],[-73.47837,18.25011],[-73.47494,18.25],[-73.47727,18.25513],[-73.47228,18.25914],[-73.45903,18.26174],[-73.4516,18.25517],[-73.45486,18.2624],[-73.45336,18.26625],[-73.44852,18.26676],[-73.44356,18.25878],[-73.44278,18.2654],[-73.43886,18.26303],[-73.4347,18.26527],[-73.43032,18.26231],[-73.43075,18.25394],[-73.42823,18.25572],[-73.41961,18.25495],[-73.42102,18.25968],[-73.41738,18.2744],[-73.4275,18.29331]]]}},{"type":"Feature","properties":{"adm3_name":"5e Section Baliverne","adm3_pcode":"HT0822-05","adm2_name":"Dame Marie","adm1_name":"Grande'Anse"},"geometry":{"type":"Polygon","coordinates":[[[-74.41317,18.58872],[-74.41551,18.5908],[-74.41497,18.58207],[-74.42118,18.5677],[-74.41291,18.5613],[-74.40548,18.56348],[-74.4075,18.5585],[-74.38345,18.55431],[-74.37392,18.55497],[-74.36622,18.55124],[-74.36444,18.5456],[-74.35802,18.54358],[-74.35333,18.54386],[-74.35224,18.54642],[-74.34284,18.54627],[-74.3383,18.54942],[-74.33998,18.5445],[-74.3361,18.54815],[-74.3288,18.54872],[-74.33495,18.56107],[-74.34046,18.56416],[-74.33581,18.57211],[-74.34668,18.57275],[-74.35221,18.58263],[-74.35838,18.58423],[-74.36131,18.58821],[-74.37225,18.58994],[-74.37766,18.58655],[-74.39284,18.59062],[-74.41266,18.58706],[-74.41317,18.58872]]]}},{"type":"Feature","properties":{"adm3_name":"5e Section Bas de Grandou","adm3_pcode":"HT0221-05","adm2_name":"Bainet","adm1_name":"South-East"},"geometry":{"type":"Polygon","coordinates":[[[-72.80327,18.25983],[-72.80817,18.26248],[-72.81657,18.25904],[-72.81777,18.25488],[-72.8217,18.25361],[-72.82572,18.24825],[-72.82364,18.23425],[-72.8271,18.23177],[-72.82571,18.22839],[-72.82817,18.22507],[-72.81677,18.21986],[-72.81716,18.21594],[-72.82195,18.21626],[-72.82286,18.21339],[-72.81998,18.20734],[-72.81475,18.20473],[-72.81188,18.20006],[-72.81403,18.19272],[-72.79595,18.19037],[-72.79143,18.18172],[-72.78325,18.1844],[-72.77746,18.17838],[-72.76992,18.17519],[-72.76592,18.17559],[-72.76263,18.18083],[-72.75587,18.18],[-72.75025,18.18391],[-72.74673,18.18251],[-72.74683,18.18979],[-72.75094,18.18985],[-72.7518,18.19672],[-72.757,18.20284],[-72.76123,18.21455],[-72.76241,18.22878],[-72.75934,18.24104],[-72.77255,18.23776],[-72.77987,18.23254],[-72.78375,18.22518],[-72.7873,18.22584],[-72.79326,18.23824],[-72.79648,18.24053],[-72.79438,18.25288],[-72.79776,18.25759],[-72.80327,18.25983]]]}},{"type":"Feature","properties":{"adm3_name":"5e Section Bas des Moustiques","adm3_pcode":"HT0911-05","adm2_name":"Port-de-Paix","adm1_name":"North-West"},"geometry":{"type":"Polygon","coordinates":[[[-72.92069,19.91409],[-72.91609,19.92457],[-72.91736,19.93217],[-72.9451,19.92684],[-72.95503,19.9226],[-72.95593,19.91355],[-72.95896,19.90957],[-72.96421,19.911],[-72.96432,19.91618],[-72.97374,19.92413],[-72.99468,19.92113],[-73.00045,19.91722],[-72.99955,19.90617],[-73.00248,19.90086],[-72.99978,19.88071],[-73.00702,19.87285],[-73.00351,19.867],[-73.00468,19.85444],[-73.01408,19.84489],[-73.01406,19.83705],[-72.99993,19.82802],[-72.98397,19.82561],[-72.98236,19.82826],[-72.96472,19.82688],[-72.95497,19.81498],[-72.95767,19.81198],[-72.95483,19.80436],[-72.94969,19.80098],[-72.95032,19.79779],[-72.94601,19.79753],[-72.94574,19.79348],[-72.94299,19.79364],[-72.93502,19.78701],[-72.92403,19.79266],[-72.92335,19.79712],[-72.92901,19.80707],[-72.92886,19.8108],[-72.88606,19.83767],[-72.88461,19.84108],[-72.88506,19.84763],[-72.89334,19.86042],[-72.91038,19.87225],[-72.90734,19.88394],[-72.9084,19.88715],[-72.91549,19.88746],[-72.91386,19.8952],[-72.92156,19.90695],[-72.92069,19.91409]]]}},{"type":"Feature","properties":{"adm3_name":"5e Section Bas Quartier","adm3_pcode":"HT0352-05","adm2_name":"Port-Margot","adm1_name":"North"},"geometry":{"type":"Polygon","coordinates":[[[-72.47967,19.82147],[-72.48826,19.83033],[-72.48912,19.83416],[-72.49165,19.83402],[-72.49273,19.82976],[-72.48961,19.82635],[-72.49001,19.81922],[-72.48664,19.81498],[-72.4753,19.81537],[-72.46832,19.81232],[-72.46402,19.80807],[-72.45976,19.79427],[-72.45494,19.79443],[-72.45478,19.78759],[-72.44953,19.78711],[-72.45396,19.78057],[-72.45611,19.76973],[-72.44951,19.76669],[-72.44111,19.77219],[-72.40395,19.76854],[-72.40642,19.77436],[-72.41435,19.77833],[-72.42214,19.7951],[-72.41678,19.80027],[-72.41897,19.80693],[-72.41705,19.80908],[-72.42333,19.81415],[-72.42313,19.81706],[-72.42952,19.81954],[-72.42975,19.82214],[-72.42506,19.82516],[-72.42723,19.82927],[-72.43257,19.83093],[-72.43418,19.82969],[-72.43313,19.82135],[-72.44464,19.81741],[-72.4578,19.82243],[-72.46044,19.82565],[-72.45976,19.8286],[-72.47022,19.83301],[-72.47021,19.83035],[-72.46707,19.82851],[-72.46792,19.82507],[-72.47183,19.82211],[-72.47967,19.82147]]]}},{"type":"Feature","properties":{"adm3_name":"5e Section Bastien","adm3_pcode":"HT0532-05","adm2_name":"Verrettes","adm1_name":"Artibonite"},"geometry":{"type":"Polygon","coordinates":[[[-72.55064,19.06712],[-72.55594,19.06642],[-72.56878,19.04712],[-72.57682,19.04379],[-72.58481,19.03508],[-72.58666,19.02937],[-72.57998,19.01804],[-72.58383,19.01181],[-72.57007,19.00594],[-72.55773,19.00978],[-72.53765,19.00478],[-72.52855,18.9986],[-72.52859,18.99542],[-72.50646,18.98532],[-72.50028,18.97488],[-72.48639,18.98067],[-72.48682,18.99372],[-72.48161,18.99724],[-72.48266,19.00353],[-72.47785,19.00637],[-72.47676,19.01224],[-72.46835,19.02239],[-72.47097,19.03345],[-72.46926,19.04301],[-72.46195,19.05365],[-72.46714,19.05503],[-72.47931,19.04846],[-72.49583,19.05008],[-72.52342,19.04762],[-72.52185,19.05196],[-72.51778,19.05317],[-72.52027,19.05958],[-72.52669,19.05977],[-72.52722,19.06346],[-72.53614,19.06694],[-72.55064,19.06712]]]}},{"type":"Feature","properties":{"adm3_name":"5e Section Bel Air","adm3_pcode":"HT0231-05","adm2_name":"Belle Anse","adm1_name":"South-East"},"geometry":{"type":"Polygon","coordinates":[[[-72.03446,18.32141],[-72.03926,18.3276],[-72.04181,18.32065],[-72.04577,18.32052],[-72.04826,18.32515],[-72.05582,18.32647],[-72.06476,18.31999],[-72.06742,18.32033],[-72.08282,18.30123],[-72.08101,18.28443],[-72.08431,18.27647],[-72.08434,18.26877],[-72.06603,18.25672],[-72.0668,18.25275],[-72.06994,18.25148],[-72.06881,18.24376],[-72.0754,18.23654],[-72.0665,18.23483],[-72.06417,18.23693],[-72.05176,18.23732],[-72.04975,18.23538],[-72.04287,18.23661],[-72.03391,18.23415],[-72.02554,18.23451],[-72.02177,18.23793],[-72.02261,18.24708],[-72.02708,18.24894],[-72.02941,18.26592],[-72.0252,18.26784],[-72.02379,18.27495],[-72.01107,18.28555],[-72.01122,18.28873],[-72.01403,18.29131],[-72.01419,18.29682],[-72.02396,18.30974],[-72.02411,18.31271],[-72.01956,18.31797],[-72.03446,18.32141]]]}},{"type":"Feature","properties":{"adm3_name":"5e Section Bellevue Chardonniere","adm3_pcode":"HT0114-05","adm2_name":"Petion-Ville","adm1_name":"West"},"geometry":{"type":"Polygon","coordinates":[[[-72.25708,18.54946],[-72.26166,18.54891],[-72.26286,18.54474],[-72.2656,18.54587],[-72.26701,18.54152],[-72.27901,18.53325],[-72.28166,18.52287],[-72.2838,18.52213],[-72.28759,18.52833],[-72.30195,18.53024],[-72.29728,18.52401],[-72.29746,18.51739],[-72.29285,18.51584],[-72.28642,18.50843],[-72.28588,18.50175],[-72.28016,18.5016],[-72.27942,18.50535],[-72.27189,18.51115],[-72.26863,18.50697],[-72.26083,18.50569],[-72.2569,18.51018],[-72.24647,18.50533],[-72.23453,18.50422],[-72.22031,18.50948],[-72.21026,18.49603],[-72.19734,18.49909],[-72.20739,18.51042],[-72.2104,18.52172],[-72.22338,18.53945],[-72.22796,18.53646],[-72.2374,18.54639],[-72.23943,18.5451],[-72.23835,18.54046],[-72.24468,18.53654],[-72.24782,18.54252],[-72.25361,18.54479],[-72.25708,18.54946]]]}},{"type":"Feature","properties":{"adm3_name":"5e Section Bocozelle","adm3_pcode":"HT0531-05","adm2_name":"Saint-Marc","adm1_name":"Artibonite"},"geometry":{"type":"Polygon","coordinates":[[[-72.74594,19.25667],[-72.74636,19.26142],[-72.74909,19.25772],[-72.74751,19.25198],[-72.75036,19.25376],[-72.75257,19.24894],[-72.75464,19.25567],[-72.75968,19.25679],[-72.76086,19.25561],[-72.75622,19.24796],[-72.76099,19.25061],[-72.77076,19.24839],[-72.77545,19.2398],[-72.78587,19.23767],[-72.78674,19.23485],[-72.77698,19.22677],[-72.76885,19.24356],[-72.76861,19.24063],[-72.76392,19.24311],[-72.75681,19.23933],[-72.75208,19.23295],[-72.75777,19.23113],[-72.767,19.23233],[-72.7797,19.21948],[-72.77995,19.22535],[-72.78345,19.21964],[-72.79058,19.21972],[-72.79482,19.22298],[-72.7996,19.22124],[-72.79278,19.21462],[-72.79387,19.21107],[-72.79029,19.20978],[-72.79045,19.20656],[-72.7859,19.20639],[-72.78214,19.19969],[-72.77741,19.19654],[-72.76213,19.16462],[-72.74761,19.1515],[-72.73167,19.14222],[-72.70526,19.13222],[-72.70022,19.12817],[-72.70068,19.11525],[-72.69733,19.11424],[-72.67915,19.12207],[-72.67187,19.13093],[-72.66782,19.13225],[-72.66617,19.12979],[-72.65665,19.13327],[-72.65698,19.13677],[-72.64091,19.14563],[-72.63829,19.1438],[-72.63332,19.1461],[-72.63165,19.14122],[-72.61782,19.14697],[-72.6171,19.14388],[-72.60848,19.14129],[-72.60781,19.14942],[-72.61675,19.15731],[-72.62098,19.15757],[-72.62908,19.16587],[-72.62615,19.17007],[-72.62252,19.16923],[-72.61957,19.16503],[-72.61699,19.16561],[-72.6195,19.17132],[-72.62534,19.17146],[-72.62653,19.17338],[-72.62451,19.1823],[-72.61958,19.18056],[-72.61475,19.18437],[-72.61705,19.18834],[-72.62417,19.18865],[-72.62267,19.19669],[-72.61999,19.19205],[-72.6155,19.19254],[-72.61068,19.18482],[-72.60456,19.19163],[-72.60738,19.19913],[-72.6006,19.20152],[-72.60228,19.2037],[-72.60807,19.20373],[-72.61059,19.20674],[-72.61488,19.20583],[-72.61445,19.21043],[-72.61744,19.2132],[-72.61554,19.21642],[-72.61172,19.21446],[-72.61034,19.20976],[-72.60581,19.20877],[-72.6033,19.21095],[-72.61094,19.21639],[-72.61203,19.21974],[-72.61661,19.2185],[-72.62027,19.22111],[-72.6211,19.21289],[-72.62827,19.2157],[-72.63449,19.21234],[-72.63529,19.2167],[-72.62929,19.2225],[-72.63545,19.22468],[-72.6348,19.23064],[-72.63865,19.22897],[-72.64244,19.22038],[-72.64255,19.22521],[-72.64684,19.22885],[-72.65388,19.22812],[-72.65941,19.22087],[-72.66025,19.22434],[-72.66596,19.22153],[-72.6714,19.2265],[-72.6681,19.23954],[-72.66305,19.24064],[-72.66838,19.24191],[-72.67095,19.24677],[-72.68393,19.24975],[-72.68587,19.2578],[-72.68921,19.25441],[-72.69066,19.24332],[-72.6965,19.24853],[-72.69318,19.25505],[-72.69759,19.25812],[-72.70382,19.25514],[-72.7064,19.24875],[-72.7129,19.24825],[-72.7123,19.24562],[-72.70688,19.24422],[-72.709,19.24157],[-72.71651,19.24809],[-72.72065,19.24416],[-72.72096,19.25006],[-72.72636,19.24777],[-72.73063,19.259],[-72.73478,19.25403],[-72.73993,19.25758],[-72.74594,19.25667]]]}},{"type":"Feature","properties":{"adm3_name":"5e Section Bonneau","adm3_pcode":"HT0921-05","adm2_name":"Saint-Louis du Nord","adm1_name":"North-West"},"geometry":{"type":"Polygon","coordinates":[[[-72.67776,19.92248],[-72.68202,19.92215],[-72.69162,19.91227],[-72.69376,19.90882],[-72.69004,19.89688],[-72.69572,19.89366],[-72.68976,19.87439],[-72.68035,19.86942],[-72.67207,19.86807],[-72.66171,19.87062],[-72.66654,19.87706],[-72.65307,19.88995],[-72.64661,19.90626],[-72.65227,19.91366],[-72.65923,19.91436],[-72.66166,19.91714],[-72.66888,19.91608],[-72.67079,19.92068],[-72.67776,19.92248]]]}},{"type":"Feature","properties":{"adm3_name":"5e Section Boucan Belier","adm3_pcode":"HT0222-05","adm2_name":"Cotes de Fer","adm1_name":"South-East"},"geometry":{"type":"Polygon","coordinates":[[[-72.94087,18.291],[-72.94287,18.29436],[-72.95291,18.29347],[-72.9568,18.28218],[-72.95417,18.27952],[-72.95728,18.27559],[-72.95489,18.27387],[-72.95739,18.26835],[-72.95615,18.26003],[-72.94538,18.25235],[-72.93021,18.25392],[-72.93143,18.26477],[-72.92744,18.27019],[-72.92974,18.27464],[-72.92948,18.28668],[-72.93269,18.28766],[-72.93482,18.29285],[-72.94087,18.291]]]}},{"type":"Feature","properties":{"adm3_name":"5e Section Champagne","adm3_pcode":"HT0351-05","adm2_name":"Borgne","adm1_name":"North"},"geometry":{"type":"Polygon","coordinates":[[[-72.61501,19.81799],[-72.62855,19.81291],[-72.63337,19.80592],[-72.63382,19.78259],[-72.63494,19.77889],[-72.63853,19.77801],[-72.6374,19.77376],[-72.63962,19.7723],[-72.63139,19.77132],[-72.63099,19.76602],[-72.62435,19.7636],[-72.62258,19.76391],[-72.62601,19.77742],[-72.62111,19.7809],[-72.61812,19.78733],[-72.60768,19.79491],[-72.61216,19.80349],[-72.60622,19.81511],[-72.60701,19.8172],[-72.61501,19.81799]]]}},{"type":"Feature","properties":{"adm3_name":"5e Section Coupe a David","adm3_pcode":"HT0321-05","adm2_name":"Acul du Nord","adm1_name":"North"},"geometry":{"type":"Polygon","coordinates":[[[-72.32361,19.6557],[-72.32515,19.66314],[-72.33153,19.67048],[-72.33172,19.67364],[-72.33867,19.67515],[-72.34222,19.67966],[-72.3422,19.68565],[-72.36098,19.66599],[-72.35893,19.65784],[-72.36528,19.65462],[-72.37073,19.6553],[-72.37213,19.65167],[-72.34955,19.62648],[-72.33949,19.64815],[-72.32437,19.64854],[-72.32361,19.6557]]]}},{"type":"Feature","properties":{"adm3_name":"5e Section Coupeau","adm3_pcode":"HT0113-05","adm2_name":"Carrefour","adm1_name":"West"},"geometry":{"type":"Polygon","coordinates":[[[-72.45019,18.42116],[-72.44646,18.42821],[-72.43864,18.4354],[-72.43979,18.45242],[-72.43003,18.45937],[-72.43713,18.47949],[-72.44394,18.47692],[-72.44494,18.47835],[-72.44939,18.47391],[-72.45449,18.47611],[-72.4616,18.4745],[-72.46907,18.47628],[-72.46587,18.46432],[-72.45565,18.45673],[-72.45552,18.45055],[-72.45879,18.44447],[-72.45224,18.43327],[-72.45416,18.42878],[-72.45019,18.42116]]]}},{"type":"Feature","properties":{"adm3_name":"5e Section Delices","adm3_pcode":"HT0141-05","adm2_name":"Arcahaie","adm1_name":"West"},"geometry":{"type":"Polygon","coordinates":[[[-72.42809,18.91482],[-72.44405,18.89847],[-72.44421,18.89097],[-72.46468,18.88873],[-72.4666,18.88085],[-72.47717,18.87454],[-72.47875,18.86526],[-72.47712,18.85873],[-72.48067,18.85567],[-72.47812,18.84788],[-72.48022,18.84351],[-72.47767,18.8384],[-72.4818,18.83631],[-72.48413,18.84057],[-72.49009,18.8395],[-72.49225,18.83681],[-72.52131,18.84211],[-72.523,18.8395],[-72.52001,18.83876],[-72.51968,18.83496],[-72.51466,18.82975],[-72.51126,18.83057],[-72.50532,18.82385],[-72.50017,18.81513],[-72.49621,18.79917],[-72.49046,18.79271],[-72.47954,18.78601],[-72.46985,18.79488],[-72.4667,18.81894],[-72.46232,18.8195],[-72.45672,18.8156],[-72.44286,18.82058],[-72.44135,18.8237],[-72.43683,18.82462],[-72.435,18.82866],[-72.42531,18.83535],[-72.42256,18.83482],[-72.42099,18.83668],[-72.42302,18.84084],[-72.41111,18.83524],[-72.40752,18.83976],[-72.40874,18.84321],[-72.40067,18.84212],[-72.39876,18.84483],[-72.38933,18.83933],[-72.38673,18.84102],[-72.38507,18.84733],[-72.38075,18.8412],[-72.37576,18.84192],[-72.38071,18.85091],[-72.37829,18.85336],[-72.36033,18.85595],[-72.36328,18.85903],[-72.36184,18.86423],[-72.38154,18.87931],[-72.39222,18.89323],[-72.39685,18.89432],[-72.40394,18.90187],[-72.41482,18.90363],[-72.42038,18.91268],[-72.42343,18.91173],[-72.42809,18.91482]]]}},{"type":"Feature","properties":{"adm3_name":"5e Section Dessources","adm3_pcode":"HT0934-05","adm2_name":"Jean Rabel","adm1_name":"North-West"},"geometry":{"type":"Polygon","coordinates":[[[-73.22456,19.75775],[-73.22776,19.77454],[-73.22287,19.79285],[-73.22074,19.82457],[-73.21692,19.82717],[-73.21654,19.83259],[-73.20523,19.83978],[-73.20341,19.84386],[-73.23166,19.83161],[-73.26159,19.82325],[-73.25942,19.80368],[-73.26325,19.80175],[-73.26363,19.79618],[-73.25493,19.7726],[-73.24965,19.77097],[-73.24028,19.75104],[-73.23071,19.75172],[-73.22749,19.75543],[-73.22412,19.75485],[-73.22456,19.75775]]]}},{"type":"Feature","properties":{"adm3_name":"5e Section Dubourg","adm3_pcode":"HT0372-05","adm2_name":"Pilate","adm1_name":"North"},"geometry":{"type":"Polygon","coordinates":[[[-72.51596,19.74283],[-72.5183,19.73864],[-72.53197,19.73739],[-72.53336,19.73324],[-72.54091,19.73405],[-72.54129,19.72422],[-72.53446,19.71726],[-72.5379,19.70858],[-72.53427,19.70011],[-72.53629,19.69361],[-72.53345,19.69059],[-72.53573,19.68713],[-72.53139,19.68294],[-72.52093,19.68649],[-72.51722,19.69853],[-72.50779,19.70261],[-72.51032,19.71439],[-72.50682,19.71798],[-72.51524,19.73144],[-72.51596,19.74283]]]}},{"type":"Feature","properties":{"adm3_name":"5e Section Duchity","adm3_pcode":"HT0834-05","adm2_name":"Pestel","adm1_name":"Grande'Anse"},"geometry":{"type":"Polygon","coordinates":[[[-73.89332,18.47212],[-73.89628,18.47848],[-73.90741,18.47638],[-73.91703,18.4676],[-73.92215,18.46659],[-73.92999,18.45579],[-73.93077,18.4417],[-73.93515,18.42798],[-73.93275,18.42286],[-73.9384,18.41628],[-73.94044,18.40502],[-73.93799,18.39718],[-73.9273,18.39431],[-73.93214,18.38273],[-73.9403,18.37401],[-73.93993,18.37017],[-73.93093,18.36553],[-73.92609,18.36651],[-73.92291,18.36411],[-73.90658,18.3622],[-73.8956,18.36306],[-73.89294,18.37537],[-73.89789,18.37706],[-73.9062,18.38924],[-73.90569,18.39902],[-73.87864,18.40739],[-73.87513,18.40557],[-73.86273,18.40626],[-73.85761,18.42323],[-73.86747,18.43439],[-73.86674,18.44424],[-73.8698,18.45112],[-73.86808,18.4557],[-73.88193,18.46099],[-73.89332,18.47212]]]}},{"type":"Feature","properties":{"adm3_name":"5e Section Fiefe ou Petit Cahos","adm3_pcode":"HT0541-05","adm2_name":"Dessalines","adm1_name":"Artibonite"},"geometry":{"type":"Polygon","coordinates":[[[-72.30017,19.15124],[-72.31143,19.15601],[-72.31893,19.17111],[-72.3421,19.17502],[-72.35496,19.1836],[-72.36525,19.17894],[-72.36766,19.17549],[-72.36696,19.16679],[-72.38139,19.15878],[-72.3968,19.14305],[-72.3754,19.13199],[-72.37049,19.13257],[-72.35472,19.11987],[-72.3419,19.1174],[-72.33471,19.10989],[-72.32143,19.11418],[-72.32287,19.12104],[-72.3181,19.11893],[-72.31265,19.12276],[-72.30671,19.14289],[-72.30017,19.15124]]]}},{"type":"Feature","properties":{"adm3_name":"5e Section Génipailler","adm3_pcode":"HT0134-05","adm2_name":"Cornillon / Grand Bois","adm1_name":"West"},"geometry":{"type":"Polygon","coordinates":[[[-71.94701,18.73955],[-71.96091,18.74093],[-71.9711,18.74684],[-71.97786,18.73411],[-71.98854,18.73772],[-72.00804,18.7277],[-72.00389,18.7189],[-71.99906,18.71667],[-71.98604,18.7174],[-71.9852,18.71996],[-71.94562,18.70305],[-71.93996,18.70297],[-71.93931,18.69883],[-71.93435,18.69598],[-71.90934,18.68723],[-71.90783,18.68451],[-71.89358,18.69067],[-71.88262,18.7099],[-71.88209,18.71809],[-71.89351,18.71955],[-71.91105,18.72966],[-71.92095,18.73139],[-71.92597,18.73896],[-71.94701,18.73955]]]}},{"type":"Feature","properties":{"adm3_name":"5e Section Gens de Nantes","adm3_pcode":"HT0421-05","adm2_name":"Ouanaminthe","adm1_name":"North-East"},"geometry":{"type":"Polygon","coordinates":[[[-71.79779,19.45415],[-71.80599,19.45983],[-71.80805,19.44173],[-71.79853,19.44023],[-71.77958,19.41753],[-71.75836,19.40332],[-71.75202,19.40348],[-71.7508,19.42418],[-71.74241,19.43626],[-71.73614,19.44011],[-71.75135,19.44088],[-71.76878,19.45013],[-71.77507,19.44626],[-71.79221,19.45524],[-71.79779,19.45415]]]}},{"type":"Feature","properties":{"adm3_name":"5e Section Grand Fond","adm3_pcode":"HT0115-05","adm2_name":"Kenscoff","adm1_name":"West"},"geometry":{"type":"Polygon","coordinates":[[[-72.23025,18.45821],[-72.23614,18.46093],[-72.23648,18.46799],[-72.24441,18.46424],[-72.24749,18.46005],[-72.25833,18.45721],[-72.26219,18.46014],[-72.26679,18.45808],[-72.28265,18.46066],[-72.28115,18.4532],[-72.27359,18.44876],[-72.26933,18.4426],[-72.26675,18.44385],[-72.26576,18.43365],[-72.25988,18.43121],[-72.27125,18.40897],[-72.27119,18.40247],[-72.26431,18.3874],[-72.25914,18.39049],[-72.25308,18.38886],[-72.25152,18.39034],[-72.24364,18.38646],[-72.23653,18.38641],[-72.23253,18.40103],[-72.21035,18.40448],[-72.19819,18.41874],[-72.196,18.41854],[-72.19489,18.42091],[-72.20196,18.42167],[-72.2045,18.42501],[-72.21186,18.42025],[-72.21296,18.42826],[-72.21884,18.42983],[-72.2268,18.44235],[-72.23066,18.4425],[-72.2305,18.44903],[-72.22633,18.44803],[-72.22465,18.45062],[-72.23025,18.45821]]]}},{"type":"Feature","properties":{"adm3_name":"5e Section Grande Colline","adm3_pcode":"HT0123-05","adm2_name":"Grand-Goave","adm1_name":"West"},"geometry":{"type":"Polygon","coordinates":[[[-72.67086,18.35134],[-72.67775,18.35663],[-72.68459,18.35832],[-72.67385,18.36348],[-72.67193,18.37151],[-72.66337,18.37385],[-72.65585,18.38465],[-72.67261,18.37899],[-72.68749,18.38096],[-72.68954,18.37788],[-72.705,18.38109],[-72.71244,18.37636],[-72.69652,18.36737],[-72.69865,18.36298],[-72.70556,18.3546],[-72.71327,18.35475],[-72.72326,18.35993],[-72.72647,18.36871],[-72.72859,18.35503],[-72.73555,18.34875],[-72.73741,18.33423],[-72.73638,18.33181],[-72.73104,18.33389],[-72.72014,18.32654],[-72.71795,18.31926],[-72.6997,18.32156],[-72.69587,18.32521],[-72.69545,18.34059],[-72.6853,18.35053],[-72.67107,18.34822],[-72.67086,18.35134]]]}},{"type":"Feature","properties":{"adm3_name":"5e Section Gros Mangle","adm3_pcode":"HT0152-01","adm2_name":"Pointe a Raquette","adm1_name":"West"},"geometry":{"type":"Polygon","coordinates":[[[-73.20477,18.96978],[-73.23729,18.96565],[-73.25065,18.96654],[-73.25755,18.96437],[-73.25884,18.96606],[-73.28517,18.95075],[-73.30051,18.93748],[-73.30115,18.93267],[-73.2885,18.92722],[-73.27468,18.92639],[-73.26279,18.93384],[-73.25821,18.93226],[-73.25084,18.93417],[-73.25105,18.92964],[-73.23497,18.92773],[-73.22981,18.92054],[-73.21705,18.91788],[-73.20419,18.92085],[-73.199,18.9196],[-73.19725,18.92151],[-73.18291,18.91385],[-73.17623,18.91377],[-73.17208,18.90839],[-73.16531,18.90947],[-73.15124,18.92431],[-73.15185,18.93138],[-73.1458,18.94441],[-73.16094,18.951],[-73.17991,18.96347],[-73.20477,18.96978]]]}},{"type":"Feature","properties":{"adm3_name":"5e Section Haut du Trou","adm3_pcode":"HT0342-05","adm2_name":"Dondon","adm1_name":"North"},"geometry":{"type":"Polygon","coordinates":[[[-72.29242,19.51171],[-72.2936,19.5235],[-72.28635,19.5324],[-72.28408,19.53937],[-72.28573,19.54407],[-72.29912,19.55924],[-72.31912,19.55874],[-72.32304,19.55431],[-72.32502,19.53949],[-72.33119,19.53251],[-72.32545,19.52662],[-72.32208,19.51101],[-72.31911,19.508],[-72.31265,19.50889],[-72.31,19.50582],[-72.30216,19.51136],[-72.29623,19.50747],[-72.29024,19.50903],[-72.29242,19.51171]]]}},{"type":"Feature","properties":{"adm3_name":"5e Section Jolitrou","adm3_pcode":"HT0331-05","adm2_name":"Grande Riviere Du Nord","adm1_name":"North"},"geometry":{"type":"Polygon","coordinates":[[[-72.16053,19.55691],[-72.1655,19.578],[-72.1753,19.56117],[-72.17497,19.55636],[-72.18009,19.55067],[-72.19693,19.548],[-72.20245,19.54531],[-72.20464,19.54077],[-72.21111,19.54157],[-72.21768,19.53891],[-72.21974,19.52422],[-72.21462,19.52081],[-72.21155,19.51387],[-72.19392,19.49508],[-72.18332,19.49519],[-72.17754,19.49851],[-72.17107,19.5265],[-72.14981,19.55723],[-72.16053,19.55691]]]}},{"type":"Feature","properties":{"adm3_name":"5e Section l'Ermite","adm3_pcode":"HT0551-05","adm2_name":"Saint-Michel de l'Attalaye","adm1_name":"Artibonite"},"geometry":{"type":"Polygon","coordinates":[[[-72.24233,19.26179],[-72.25024,19.26303],[-72.26102,19.27546],[-72.27186,19.27581],[-72.2784,19.27355],[-72.28337,19.26893],[-72.28517,19.26193],[-72.29778,19.25123],[-72.32571,19.23999],[-72.32739,19.23423],[-72.32412,19.22886],[-72.33756,19.22191],[-72.32295,19.21443],[-72.31156,19.21389],[-72.29862,19.20536],[-72.28675,19.20908],[-72.2813,19.20707],[-72.27413,19.21305],[-72.26801,19.21339],[-72.26157,19.21871],[-72.25618,19.22746],[-72.24886,19.23154],[-72.24168,19.2322],[-72.2391,19.25193],[-72.24233,19.26179]]]}},{"type":"Feature","properties":{"adm3_name":"5e Section la Trouble","adm3_pcode":"HT0371-05","adm2_name":"Plaisance","adm1_name":"North"},"geometry":{"type":"Polygon","coordinates":[[[-72.45049,19.60626],[-72.45264,19.60667],[-72.453,19.60291],[-72.46397,19.60417],[-72.47038,19.59643],[-72.47234,19.58843],[-72.46996,19.58637],[-72.47064,19.57728],[-72.46584,19.57769],[-72.46728,19.57609],[-72.46192,19.57238],[-72.45805,19.56061],[-72.45048,19.5552],[-72.43495,19.564],[-72.42719,19.56396],[-72.4248,19.55888],[-72.42305,19.56626],[-72.42729,19.57323],[-72.4438,19.58555],[-72.44581,19.58991],[-72.44489,19.60249],[-72.45049,19.60626]]]}},{"type":"Feature","properties":{"adm3_name":"5e Section Labranle","adm3_pcode":"HT0511-05","adm2_name":"Gonaives","adm1_name":"Artibonite"},"geometry":{"type":"Polygon","coordinates":[[[-72.54144,19.57833],[-72.53588,19.58257],[-72.54305,19.59039],[-72.54148,19.59876],[-72.56513,19.62645],[-72.56917,19.63391],[-72.57084,19.64418],[-72.60577,19.64957],[-72.62023,19.63366],[-72.6176,19.62937],[-72.6214,19.62748],[-72.62313,19.61924],[-72.63209,19.61349],[-72.62944,19.59905],[-72.61959,19.59431],[-72.61724,19.59091],[-72.62276,19.58756],[-72.62454,19.57388],[-72.61708,19.57192],[-72.61211,19.57469],[-72.60842,19.57126],[-72.60136,19.57176],[-72.58464,19.55244],[-72.58068,19.54346],[-72.57497,19.55601],[-72.56181,19.56979],[-72.55445,19.57337],[-72.54746,19.56941],[-72.54144,19.57833]]]}},{"type":"Feature","properties":{"adm3_name":"5e Section Laroque","adm3_pcode":"HT0733-05","adm2_name":"Cavaillon","adm1_name":"South"},"geometry":{"type":"Polygon","coordinates":[[[-73.66357,18.43067],[-73.66816,18.43334],[-73.66993,18.43019],[-73.67203,18.43074],[-73.67102,18.40575],[-73.67392,18.4001],[-73.67975,18.39888],[-73.69104,18.40906],[-73.69657,18.40416],[-73.69724,18.39919],[-73.69135,18.38964],[-73.69776,18.3787],[-73.69727,18.37278],[-73.6933,18.36688],[-73.67748,18.3661],[-73.67435,18.36398],[-73.66924,18.3665],[-73.66474,18.37326],[-73.67143,18.37676],[-73.67208,18.38285],[-73.66902,18.38698],[-73.66466,18.38797],[-73.65628,18.38456],[-73.65186,18.3853],[-73.64918,18.3926],[-73.63845,18.39149],[-73.64347,18.39739],[-73.64292,18.4004],[-73.63972,18.3986],[-73.63863,18.40242],[-73.63469,18.39866],[-73.62992,18.40053],[-73.62722,18.40543],[-73.62532,18.40174],[-73.62637,18.41114],[-73.62098,18.41418],[-73.6269,18.41481],[-73.62493,18.41764],[-73.61183,18.42165],[-73.60965,18.42713],[-73.6261,18.42567],[-73.63154,18.42201],[-73.63889,18.42496],[-73.64357,18.43021],[-73.6534,18.42584],[-73.66357,18.43067]]]}},{"type":"Feature","properties":{"adm3_name":"5e Section Marbial","adm3_pcode":"HT0211-05","adm2_name":"Jacmel","adm1_name":"South-East"},"geometry":{"type":"Polygon","coordinates":[[[-72.43501,18.37332],[-72.44376,18.36767],[-72.45382,18.37287],[-72.45664,18.37911],[-72.46635,18.37793],[-72.47107,18.37996],[-72.4728,18.37765],[-72.48295,18.37595],[-72.46622,18.35547],[-72.47249,18.34107],[-72.46851,18.3303],[-72.46205,18.32699],[-72.46147,18.33568],[-72.45439,18.33898],[-72.45362,18.34169],[-72.43996,18.34253],[-72.43233,18.34968],[-72.43501,18.37332]]]}},{"type":"Feature","properties":{"adm3_name":"5e Section Mare a Coiffe","adm3_pcode":"HT0731-05","adm2_name":"Aquin","adm1_name":"South"},"geometry":{"type":"Polygon","coordinates":[[[-73.40115,18.346],[-73.40453,18.34755],[-73.40943,18.34297],[-73.41526,18.3418],[-73.41162,18.33017],[-73.39832,18.31112],[-73.39691,18.29332],[-73.39007,18.28043],[-73.38479,18.28555],[-73.36813,18.29047],[-73.36691,18.29697],[-73.35992,18.30274],[-73.36217,18.30682],[-73.35717,18.30944],[-73.35516,18.3137],[-73.37791,18.33772],[-73.38132,18.34677],[-73.40115,18.346]]]}},{"type":"Feature","properties":{"adm3_name":"5e Section Mercy","adm3_pcode":"HT0711-05","adm2_name":"Les Cayes","adm1_name":"South"},"geometry":{"type":"Polygon","coordinates":[[[-73.72272,18.316],[-73.72931,18.32078],[-73.72975,18.32436],[-73.73251,18.32435],[-73.73412,18.33167],[-73.73641,18.33177],[-73.73963,18.33022],[-73.73896,18.3236],[-73.74098,18.32322],[-73.74709,18.33078],[-73.75109,18.33059],[-73.76309,18.325],[-73.77401,18.31476],[-73.77086,18.3074],[-73.77151,18.30172],[-73.7794,18.28964],[-73.77369,18.2702],[-73.78086,18.26648],[-73.77265,18.23906],[-73.75795,18.25174],[-73.76073,18.25597],[-73.75833,18.25755],[-73.7601,18.26001],[-73.75438,18.26677],[-73.75606,18.2727],[-73.75178,18.2787],[-73.74823,18.27959],[-73.74324,18.28891],[-73.74469,18.2979],[-73.74189,18.29849],[-73.74144,18.30461],[-73.73117,18.30893],[-73.72659,18.30796],[-73.72272,18.316]]]}},{"type":"Feature","properties":{"adm3_name":"5e Section Moka Neuf","adm3_pcode":"HT0432-05","adm2_name":"Sainte Suzanne","adm1_name":"North-East"},"geometry":{"type":"Polygon","coordinates":[[[-72.01714,19.52174],[-72.02737,19.53653],[-72.03403,19.53855],[-72.03846,19.53582],[-72.05056,19.53425],[-72.05778,19.52103],[-72.06498,19.52185],[-72.07914,19.51415],[-72.0889,19.51568],[-72.095,19.51127],[-72.09113,19.49752],[-72.08297,19.49041],[-72.06298,19.48021],[-72.06212,19.47768],[-72.05892,19.4825],[-72.05524,19.48311],[-72.05898,19.48925],[-72.05708,19.49079],[-72.04361,19.49191],[-72.03113,19.49691],[-72.01931,19.4971],[-72.00972,19.51067],[-72.01714,19.52174]]]}},{"type":"Feature","properties":{"adm3_name":"5e Section Palmiste a Vin","adm3_pcode":"HT0121-05","adm2_name":"Leogane","adm1_name":"West"},"geometry":{"type":"Polygon","coordinates":[[[-72.63239,18.44701],[-72.6353,18.45116],[-72.6684,18.45107],[-72.68671,18.44321],[-72.70014,18.43266],[-72.6991,18.42914],[-72.69245,18.42788],[-72.68669,18.4214],[-72.68702,18.41911],[-72.69276,18.41815],[-72.6913,18.41185],[-72.69921,18.40572],[-72.69432,18.39945],[-72.69716,18.39778],[-72.68669,18.38902],[-72.67927,18.39015],[-72.68143,18.38071],[-72.67261,18.37899],[-72.65585,18.38465],[-72.64948,18.39164],[-72.64955,18.39599],[-72.64045,18.39854],[-72.64072,18.40775],[-72.63844,18.41],[-72.64235,18.42495],[-72.64105,18.43355],[-72.63332,18.44206],[-72.63239,18.44701]]]}},{"type":"Feature","properties":{"adm3_name":"5e Section Pays Pourri","adm3_pcode":"HT0133-04","adm2_name":"Ganthier","adm1_name":"West"},"geometry":{"type":"Polygon","coordinates":[[[-72.03032,18.52345],[-72.05491,18.5331],[-72.07042,18.53258],[-72.06503,18.52448],[-72.06643,18.51495],[-72.06806,18.51163],[-72.07522,18.50988],[-72.07748,18.49712],[-72.06984,18.4961],[-72.05206,18.48541],[-72.04403,18.46176],[-72.03998,18.46222],[-72.03538,18.45834],[-72.02542,18.45757],[-72.01687,18.45389],[-72.01084,18.45101],[-72.00668,18.44553],[-72.01093,18.42965],[-72.00537,18.42345],[-72.00712,18.4202],[-72.01269,18.41843],[-72.01744,18.4206],[-72.01831,18.42527],[-72.02108,18.4258],[-72.02271,18.42188],[-72.032,18.42679],[-72.03575,18.42578],[-72.04224,18.41688],[-72.05456,18.41251],[-72.05004,18.40916],[-72.05002,18.40192],[-72.04188,18.3921],[-72.03442,18.39817],[-72.01816,18.39404],[-72.01453,18.39734],[-72.00671,18.39544],[-72.00475,18.39857],[-72.00465,18.40833],[-72.00671,18.4091],[-72.0047,18.41376],[-71.99398,18.41058],[-71.98357,18.41164],[-71.97417,18.41959],[-71.97231,18.42606],[-71.9676,18.42732],[-71.95813,18.44159],[-71.95937,18.44671],[-71.97087,18.46056],[-71.96924,18.47144],[-71.97617,18.48547],[-71.98335,18.4916],[-71.98753,18.49043],[-71.99012,18.49499],[-71.99311,18.49521],[-71.99385,18.49187],[-71.99648,18.49131],[-72.00184,18.49606],[-71.99844,18.50495],[-72.00262,18.51663],[-72.01284,18.51661],[-72.02021,18.52299],[-72.03032,18.52345]]]}},{"type":"Feature","properties":{"adm3_name":"5e Section Pendu","adm3_pcode":"HT0521-05","adm2_name":"Gros Morne","adm1_name":"Artibonite"},"geometry":{"type":"Polygon","coordinates":[[[-72.69573,19.81251],[-72.69931,19.81567],[-72.72165,19.81147],[-72.72702,19.80727],[-72.72896,19.79949],[-72.73933,19.79075],[-72.74026,19.7851],[-72.74569,19.78281],[-72.75503,19.78525],[-72.75254,19.77057],[-72.75317,19.75562],[-72.72345,19.74902],[-72.72104,19.7596],[-72.70774,19.77543],[-72.67658,19.78869],[-72.68147,19.80376],[-72.67802,19.80893],[-72.68819,19.80822],[-72.69573,19.81251]]]}},{"type":"Feature","properties":{"adm3_name":"5e Section Perodin","adm3_pcode":"HT0542-05","adm2_name":"Petite Riviere de l'Artibonite","adm1_name":"Artibonite"},"geometry":{"type":"Polygon","coordinates":[[[-72.2445,19.15678],[-72.25507,19.16112],[-72.25441,19.16696],[-72.25707,19.17028],[-72.26186,19.16967],[-72.26866,19.16269],[-72.27363,19.1622],[-72.27488,19.15676],[-72.28371,19.15904],[-72.29824,19.15296],[-72.30671,19.14289],[-72.31265,19.12276],[-72.3181,19.11893],[-72.32287,19.12104],[-72.32143,19.11418],[-72.33471,19.10989],[-72.3419,19.1174],[-72.35472,19.11987],[-72.37049,19.13257],[-72.3754,19.13199],[-72.3968,19.14305],[-72.40418,19.13477],[-72.41368,19.13128],[-72.4218,19.1303],[-72.4278,19.13374],[-72.43422,19.13121],[-72.44262,19.13148],[-72.4403,19.12668],[-72.43316,19.12422],[-72.43303,19.11684],[-72.41606,19.11054],[-72.40762,19.09347],[-72.38934,19.10305],[-72.38329,19.09594],[-72.37483,19.09743],[-72.37566,19.09264],[-72.37332,19.09045],[-72.3651,19.09576],[-72.35264,19.0991],[-72.34188,19.08509],[-72.3294,19.077],[-72.32058,19.07415],[-72.3065,19.07562],[-72.29779,19.06791],[-72.29207,19.06803],[-72.27999,19.06198],[-72.25923,19.07039],[-72.25762,19.08417],[-72.24834,19.0916],[-72.23502,19.08779],[-72.23116,19.09369],[-72.23929,19.10154],[-72.24064,19.11574],[-72.22078,19.12724],[-72.2196,19.13095],[-72.2445,19.15678]]]}},{"type":"Feature","properties":{"adm3_name":"5e Section Petit Bois","adm3_pcode":"HT0131-05","adm2_name":"Croix-Des-Bouquets","adm1_name":"West"},"geometry":{"type":"Polygon","coordinates":[[[-72.1886,18.61802],[-72.19364,18.63518],[-72.20432,18.64041],[-72.21409,18.61424],[-72.22367,18.60023],[-72.2259,18.59255],[-72.22739,18.58591],[-72.22298,18.57234],[-72.19617,18.56657],[-72.15064,18.56325],[-72.15179,18.57984],[-72.15649,18.58676],[-72.15362,18.58813],[-72.15225,18.59498],[-72.15184,18.60354],[-72.15454,18.60774],[-72.17188,18.61054],[-72.17302,18.61273],[-72.18597,18.60907],[-72.1886,18.61802]]]}},{"type":"Feature","properties":{"adm3_name":"5e Section Picmy","adm3_pcode":"HT0151-05","adm2_name":"Anse a Galets","adm1_name":"West"},"geometry":{"type":"Polygon","coordinates":[[[-72.85298,18.71927],[-72.84429,18.75445],[-72.84846,18.76561],[-72.86989,18.76572],[-72.87722,18.76249],[-72.89586,18.76026],[-72.90238,18.7532],[-72.91133,18.74859],[-72.91699,18.73608],[-72.8852,18.72559],[-72.86745,18.72497],[-72.85298,18.71927]]]}},{"type":"Feature","properties":{"adm3_name":"5e Section Ravine a Charles","adm3_pcode":"HT0811-05","adm2_name":"Jeremie","adm1_name":"Grande'Anse"},"geometry":{"type":"Polygon","coordinates":[[[-74.17155,18.59887],[-74.17612,18.59692],[-74.17924,18.60143],[-74.17926,18.59758],[-74.1844,18.59674],[-74.18828,18.6018],[-74.19105,18.60051],[-74.19117,18.59484],[-74.19813,18.59774],[-74.19652,18.59349],[-74.19777,18.59201],[-74.20199,18.59454],[-74.20366,18.59282],[-74.20627,18.58787],[-74.20371,18.58236],[-74.20504,18.58039],[-74.21006,18.58121],[-74.21193,18.57593],[-74.21006,18.57303],[-74.21293,18.57074],[-74.20732,18.57097],[-74.20711,18.56765],[-74.20981,18.56861],[-74.20369,18.56027],[-74.20508,18.5572],[-74.20234,18.55587],[-74.20538,18.55009],[-74.2014,18.54553],[-74.2057,18.5436],[-74.20308,18.5399],[-74.20558,18.53541],[-74.20405,18.53327],[-74.21413,18.52462],[-74.18945,18.50764],[-74.18699,18.4894],[-74.19005,18.48076],[-74.16167,18.48116],[-74.16559,18.49288],[-74.16707,18.50883],[-74.17621,18.50643],[-74.17792,18.51141],[-74.17608,18.52113],[-74.17004,18.52731],[-74.17415,18.53334],[-74.1738,18.54022],[-74.17703,18.54684],[-74.17264,18.54668],[-74.16995,18.55016],[-74.17575,18.55499],[-74.17661,18.56748],[-74.17413,18.57373],[-74.17494,18.57887],[-74.17001,18.5882],[-74.17155,18.59887]]]}},{"type":"Feature","properties":{"adm3_name":"5e Section Ravine Desroches","adm3_pcode":"HT0361-05","adm2_name":"Limbe","adm1_name":"North"},"geometry":{"type":"Polygon","coordinates":[[[-72.39958,19.70729],[-72.40922,19.70786],[-72.4109,19.71328],[-72.4176,19.7146],[-72.42896,19.72329],[-72.42881,19.71972],[-72.43452,19.71366],[-72.43419,19.70908],[-72.4464,19.7004],[-72.44419,19.69413],[-72.44621,19.68562],[-72.43213,19.68626],[-72.41624,19.6989],[-72.39773,19.69798],[-72.39165,19.70384],[-72.39263,19.70719],[-72.39958,19.70729]]]}},{"type":"Feature","properties":{"adm3_name":"5e Section Riviere Salee","adm3_pcode":"HT1031-05","adm2_name":"Baraderes","adm1_name":"Nippes"},"geometry":{"type":"Polygon","coordinates":[[[-73.72443,18.54431],[-73.73161,18.54971],[-73.73553,18.54585],[-73.73152,18.54072],[-73.73739,18.5361],[-73.74328,18.52324],[-73.75394,18.51712],[-73.76533,18.50611],[-73.76829,18.50191],[-73.76733,18.49649],[-73.74487,18.48903],[-73.73493,18.4934],[-73.72581,18.49508],[-73.72351,18.49326],[-73.72029,18.49663],[-73.71387,18.49596],[-73.70625,18.50144],[-73.69754,18.49955],[-73.69334,18.48842],[-73.68344,18.48292],[-73.6701,18.48125],[-73.65971,18.48779],[-73.65372,18.48084],[-73.64562,18.48405],[-73.63934,18.48234],[-73.6375,18.49029],[-73.63455,18.4923],[-73.63573,18.50624],[-73.65732,18.4988],[-73.66327,18.50026],[-73.66515,18.50505],[-73.66364,18.50613],[-73.67261,18.50747],[-73.67063,18.51336],[-73.67195,18.51701],[-73.66681,18.52525],[-73.66431,18.5245],[-73.66613,18.52833],[-73.66004,18.53287],[-73.66023,18.53492],[-73.66312,18.53519],[-73.66351,18.54119],[-73.67002,18.54238],[-73.67447,18.54031],[-73.67773,18.54492],[-73.6807,18.54485],[-73.68169,18.53808],[-73.68455,18.53644],[-73.68432,18.54502],[-73.68948,18.54501],[-73.68911,18.54213],[-73.69287,18.53939],[-73.69382,18.54553],[-73.69959,18.54126],[-73.70024,18.54349],[-73.7083,18.54142],[-73.71232,18.54294],[-73.71069,18.54064],[-73.71585,18.54399],[-73.71788,18.54198],[-73.72067,18.54619],[-73.72316,18.54214],[-73.72443,18.54431]]]}},{"type":"Feature","properties":{"adm3_name":"5e Section Savane Dubois","adm3_pcode":"HT0212-05","adm2_name":"Marigot","adm1_name":"South-East"},"geometry":{"type":"Polygon","coordinates":[[[-72.3339,18.26371],[-72.33972,18.26607],[-72.33786,18.26095],[-72.32724,18.25888],[-72.32009,18.25309],[-72.31643,18.2312],[-72.30362,18.22261],[-72.29537,18.22257],[-72.28616,18.22734],[-72.2818,18.22605],[-72.27486,18.22848],[-72.24571,18.22768],[-72.24112,18.22322],[-72.22407,18.22224],[-72.221,18.25137],[-72.229,18.26356],[-72.2318,18.26283],[-72.23472,18.25765],[-72.24826,18.25734],[-72.2555,18.24965],[-72.26196,18.25004],[-72.27023,18.25439],[-72.28079,18.24947],[-72.28133,18.25172],[-72.28781,18.25245],[-72.29258,18.25579],[-72.29692,18.26512],[-72.30443,18.26465],[-72.31064,18.25757],[-72.32453,18.26347],[-72.3339,18.26371]]]}},{"type":"Feature","properties":{"adm3_name":"5e Section Sucrerie Henri","adm3_pcode":"HT0732-05","adm2_name":"Saint Louis du Sud","adm1_name":"South"},"geometry":{"type":"Polygon","coordinates":[[[-73.56413,18.32627],[-73.57101,18.32041],[-73.58274,18.32062],[-73.58185,18.31595],[-73.58478,18.31583],[-73.58818,18.30762],[-73.59386,18.30198],[-73.5892,18.29719],[-73.58944,18.29409],[-73.57126,18.29021],[-73.58195,18.28274],[-73.58549,18.27589],[-73.57715,18.27392],[-73.57248,18.27689],[-73.54829,18.27748],[-73.54015,18.28033],[-73.53832,18.28424],[-73.53668,18.28873],[-73.5417,18.28914],[-73.56566,18.31315],[-73.56662,18.31799],[-73.56413,18.32627]]]}},{"type":"Feature","properties":{"adm3_name":"5e Section Trou Canari","adm3_pcode":"HT0122-05","adm2_name":"Petit-Goave","adm1_name":"West"},"geometry":{"type":"Polygon","coordinates":[[[-72.92129,18.39278],[-72.92354,18.39356],[-72.93284,18.38821],[-72.9355,18.39164],[-72.93906,18.38887],[-72.94227,18.38967],[-72.94696,18.38646],[-72.95183,18.38727],[-72.96141,18.38332],[-72.96351,18.37909],[-72.96272,18.37276],[-72.95693,18.36713],[-72.94047,18.36536],[-72.92847,18.35559],[-72.92582,18.36231],[-72.93028,18.37852],[-72.92134,18.38859],[-72.92129,18.39278]]]}},{"type":"Feature","properties":{"adm3_name":"6e Section Bas de Lacroix","adm3_pcode":"HT0221-06","adm2_name":"Bainet","adm1_name":"South-East"},"geometry":{"type":"Polygon","coordinates":[[[-72.82441,18.28233],[-72.82238,18.28713],[-72.82753,18.28935],[-72.83144,18.28226],[-72.85627,18.2812],[-72.85607,18.2736],[-72.85065,18.26344],[-72.85319,18.25601],[-72.84956,18.25247],[-72.84172,18.25319],[-72.83722,18.25017],[-72.83483,18.26193],[-72.8181,18.26905],[-72.82441,18.28233]]]}},{"type":"Feature","properties":{"adm3_name":"6e Section Belle Fontaine","adm3_pcode":"HT0131-06","adm2_name":"Croix-Des-Bouquets","adm1_name":"West"},"geometry":{"type":"Polygon","coordinates":[[[-72.16771,18.42417],[-72.17216,18.42966],[-72.17246,18.42406],[-72.17827,18.41765],[-72.19489,18.42091],[-72.21035,18.40448],[-72.20291,18.3903],[-72.20451,18.38366],[-72.20164,18.3787],[-72.20452,18.3651],[-72.19945,18.35227],[-72.18991,18.35333],[-72.17595,18.34602],[-72.1563,18.34807],[-72.12764,18.33645],[-72.10608,18.33552],[-72.09027,18.33765],[-72.08403,18.33477],[-72.08209,18.34402],[-72.08593,18.35128],[-72.09224,18.34761],[-72.10234,18.34639],[-72.10315,18.34888],[-72.09374,18.35161],[-72.09879,18.36559],[-72.10902,18.36737],[-72.12181,18.37399],[-72.13522,18.38446],[-72.1358,18.39146],[-72.12865,18.39743],[-72.13592,18.4081],[-72.14631,18.41449],[-72.15305,18.41275],[-72.15833,18.423],[-72.16771,18.42417]]]}},{"type":"Feature","properties":{"adm3_name":"6e Section Boulmier","adm3_pcode":"HT0711-06","adm2_name":"Les Cayes","adm1_name":"South"},"geometry":{"type":"Polygon","coordinates":[[[-73.70809,18.31522],[-73.71444,18.31995],[-73.72272,18.316],[-73.72659,18.30796],[-73.71774,18.30741],[-73.714,18.30235],[-73.71799,18.27976],[-73.71564,18.26449],[-73.71999,18.23179],[-73.71827,18.2104],[-73.70169,18.21259],[-73.69963,18.21555],[-73.70276,18.2207],[-73.70003,18.22308],[-73.69931,18.2308],[-73.69649,18.23256],[-73.69753,18.23554],[-73.69102,18.23873],[-73.68495,18.23856],[-73.68565,18.24455],[-73.69255,18.25503],[-73.68392,18.254],[-73.68435,18.25728],[-73.68072,18.26034],[-73.68881,18.28195],[-73.68212,18.29028],[-73.68522,18.30314],[-73.68371,18.31206],[-73.68753,18.3119],[-73.69888,18.31822],[-73.70809,18.31522]]]}},{"type":"Feature","properties":{"adm3_name":"6e Section Bouvier","adm3_pcode":"HT0113-06","adm2_name":"Carrefour","adm1_name":"West"},"geometry":{"type":"Polygon","coordinates":[[[-72.43165,18.47642],[-72.43713,18.47949],[-72.43003,18.45937],[-72.43979,18.45242],[-72.43864,18.4354],[-72.45291,18.41821],[-72.45084,18.4128],[-72.45264,18.41035],[-72.44928,18.40622],[-72.45137,18.39706],[-72.42352,18.40113],[-72.42214,18.39758],[-72.41899,18.39989],[-72.42662,18.40567],[-72.43911,18.4066],[-72.43598,18.40921],[-72.43513,18.41523],[-72.42541,18.42591],[-72.42368,18.43132],[-72.42664,18.43544],[-72.4224,18.44241],[-72.42705,18.44304],[-72.4267,18.45572],[-72.4208,18.46961],[-72.42296,18.47327],[-72.4211,18.47932],[-72.43165,18.47642]]]}},{"type":"Feature","properties":{"adm3_name":"6e Section Bras Gauche","adm3_pcode":"HT0352-06","adm2_name":"Port-Margot","adm1_name":"North"},"geometry":{"type":"Polygon","coordinates":[[[-72.45373,19.73315],[-72.46209,19.73788],[-72.48031,19.73173],[-72.47525,19.7239],[-72.47531,19.71671],[-72.48303,19.71215],[-72.48686,19.70517],[-72.47951,19.69043],[-72.47407,19.67542],[-72.4759,19.67101],[-72.47146,19.6632],[-72.46565,19.67289],[-72.44621,19.68562],[-72.44419,19.69413],[-72.4464,19.7004],[-72.43419,19.70908],[-72.43452,19.71366],[-72.42881,19.71972],[-72.42896,19.72329],[-72.43721,19.72883],[-72.44879,19.72647],[-72.45373,19.73315]]]}},{"type":"Feature","properties":{"adm3_name":"6e Section Charrette","adm3_pcode":"HT0531-06","adm2_name":"Saint-Marc","adm1_name":"Artibonite"},"geometry":{"type":"Polygon","coordinates":[[[-72.68995,19.11485],[-72.69185,19.11659],[-72.69581,19.11429],[-72.70068,19.11525],[-72.70581,19.10249],[-72.69652,19.0998],[-72.69841,19.09656],[-72.69242,19.0959],[-72.6896,19.08921],[-72.6932,19.08081],[-72.70102,19.07478],[-72.68773,19.06636],[-72.67657,19.0548],[-72.6727,19.03822],[-72.65041,19.04038],[-72.63896,19.05295],[-72.64359,19.07699],[-72.64917,19.08565],[-72.67181,19.09734],[-72.67882,19.11094],[-72.68995,19.11485]]]}},{"type":"Feature","properties":{"adm3_name":"6e Section Cormiers","adm3_pcode":"HT0331-06","adm2_name":"Grande Riviere Du Nord","adm1_name":"North"},"geometry":{"type":"Polygon","coordinates":[[[-72.1718,19.58262],[-72.17452,19.58582],[-72.1819,19.57999],[-72.20456,19.57693],[-72.20864,19.57394],[-72.21438,19.56415],[-72.21718,19.53924],[-72.21111,19.54157],[-72.20464,19.54077],[-72.20245,19.54531],[-72.19693,19.548],[-72.19046,19.5478],[-72.17657,19.55356],[-72.17403,19.55899],[-72.1753,19.56117],[-72.1655,19.578],[-72.16866,19.58348],[-72.1718,19.58262]]]}},{"type":"Feature","properties":{"adm3_name":"6e Section Fond Bleu","adm3_pcode":"HT0432-06","adm2_name":"Sainte Suzanne","adm1_name":"North-East"},"geometry":{"type":"Polygon","coordinates":[[[-72.02308,19.49695],[-72.03113,19.49691],[-72.04361,19.49191],[-72.05871,19.48993],[-72.05524,19.48311],[-72.05892,19.4825],[-72.06429,19.47471],[-72.06274,19.47216],[-72.06712,19.4705],[-72.0664,19.46701],[-72.07091,19.46014],[-72.06971,19.45571],[-72.08011,19.45856],[-72.08751,19.44908],[-72.09181,19.44701],[-72.08221,19.44004],[-72.07941,19.44325],[-72.07904,19.43712],[-72.07287,19.43492],[-72.06707,19.43473],[-72.0644,19.43707],[-72.06915,19.44171],[-72.06356,19.44501],[-72.05071,19.43732],[-72.04666,19.43844],[-72.04408,19.43233],[-72.0384,19.43249],[-72.03685,19.42959],[-72.00877,19.44906],[-72.00322,19.44591],[-72.00434,19.45392],[-72.01285,19.4704],[-72.02365,19.47817],[-72.02522,19.49391],[-72.02308,19.49695]]]}},{"type":"Feature","properties":{"adm3_name":"6e Section Grande Colline","adm3_pcode":"HT0123-06","adm2_name":"Grand-Goave","adm1_name":"West"},"geometry":{"type":"Polygon","coordinates":[[[-72.65198,18.35046],[-72.65288,18.35218],[-72.67086,18.35134],[-72.67107,18.34822],[-72.6853,18.35053],[-72.69545,18.34059],[-72.69587,18.32521],[-72.6997,18.32156],[-72.71795,18.31926],[-72.72014,18.32654],[-72.73104,18.33389],[-72.7447,18.32551],[-72.73071,18.31765],[-72.72852,18.31312],[-72.72156,18.31148],[-72.71849,18.30869],[-72.71835,18.30361],[-72.71141,18.29616],[-72.70711,18.29655],[-72.70762,18.30473],[-72.71127,18.30896],[-72.70297,18.30804],[-72.69585,18.31716],[-72.69257,18.31602],[-72.68858,18.31853],[-72.6874,18.32264],[-72.68274,18.32154],[-72.68159,18.32464],[-72.67476,18.3249],[-72.67065,18.33033],[-72.66377,18.32869],[-72.65902,18.32429],[-72.64859,18.32607],[-72.65042,18.33543],[-72.65265,18.3365],[-72.65198,18.35046]]]}},{"type":"Feature","properties":{"adm3_name":"6e Section Grande Source","adm3_pcode":"HT0934-06","adm2_name":"Jean Rabel","adm1_name":"North-West"},"geometry":{"type":"Polygon","coordinates":[[[-73.19155,19.85289],[-73.19798,19.85276],[-73.20523,19.83978],[-73.21654,19.83259],[-73.21692,19.82717],[-73.22074,19.82457],[-73.22287,19.79285],[-73.22776,19.77454],[-73.22412,19.75485],[-73.21393,19.75738],[-73.21597,19.76157],[-73.21452,19.7681],[-73.2034,19.77215],[-73.19597,19.77176],[-73.19541,19.77929],[-73.1864,19.78694],[-73.18771,19.79572],[-73.18332,19.79922],[-73.18147,19.81625],[-73.18253,19.82473],[-73.18816,19.83261],[-73.18197,19.83674],[-73.19155,19.85289]]]}},{"type":"Feature","properties":{"adm3_name":"6e Section Îles Blanches","adm3_pcode":"HT0811-06","adm2_name":"Jeremie","adm1_name":"Grande'Anse"},"geometry":{"type":"Polygon","coordinates":[[[-74.21006,18.58121],[-74.22068,18.5855],[-74.22891,18.57985],[-74.22384,18.55591],[-74.22565,18.54386],[-74.22325,18.54169],[-74.22466,18.53485],[-74.23073,18.52544],[-74.22999,18.51718],[-74.23327,18.51049],[-74.22779,18.50235],[-74.23797,18.49725],[-74.24473,18.48735],[-74.25309,18.48037],[-74.25334,18.47767],[-74.24586,18.46803],[-74.24476,18.45864],[-74.24193,18.45729],[-74.23567,18.45751],[-74.22044,18.4652],[-74.21715,18.46333],[-74.20671,18.47366],[-74.19005,18.48076],[-74.18699,18.4894],[-74.18945,18.50764],[-74.21413,18.52462],[-74.20405,18.53327],[-74.20558,18.53541],[-74.20308,18.5399],[-74.2057,18.5436],[-74.2014,18.54553],[-74.20538,18.55009],[-74.20234,18.55587],[-74.20508,18.5572],[-74.20369,18.56027],[-74.20981,18.56861],[-74.20711,18.56765],[-74.20732,18.57097],[-74.21293,18.57074],[-74.21006,18.57303],[-74.21193,18.57593],[-74.21006,18.58121]]]}},{"type":"Feature","properties":{"adm3_name":"6e Section Ilot-a-Corne","adm3_pcode":"HT0361-06","adm2_name":"Limbe","adm1_name":"North"},"geometry":{"type":"Polygon","coordinates":[[[-72.42393,19.62484],[-72.42791,19.62822],[-72.43853,19.62711],[-72.44319,19.62395],[-72.44443,19.6166],[-72.45192,19.61081],[-72.44974,19.60576],[-72.44489,19.60249],[-72.44581,19.58991],[-72.4438,19.58555],[-72.42729,19.57323],[-72.42313,19.56529],[-72.4034,19.57725],[-72.40285,19.58007],[-72.40629,19.58333],[-72.40318,19.59439],[-72.40629,19.59859],[-72.40254,19.60461],[-72.40481,19.60826],[-72.40281,19.61056],[-72.3958,19.61093],[-72.39522,19.6169],[-72.39705,19.61937],[-72.41077,19.62384],[-72.42393,19.62484]]]}},{"type":"Feature","properties":{"adm3_name":"6e Section Jamais Vu","adm3_pcode":"HT0222-06","adm2_name":"Cotes de Fer","adm1_name":"South-East"},"geometry":{"type":"Polygon","coordinates":[[[-72.96465,18.27737],[-72.97517,18.28777],[-72.97742,18.29863],[-72.98412,18.30461],[-72.98678,18.31082],[-72.98682,18.32085],[-72.99369,18.32703],[-72.99566,18.32612],[-72.99492,18.30592],[-72.99806,18.29873],[-73.01017,18.28798],[-73.01562,18.2611],[-73.01345,18.25558],[-73.00903,18.25237],[-73.01202,18.24782],[-73.00883,18.24056],[-73.00998,18.23106],[-73.01311,18.22683],[-73.0072,18.21848],[-73.01047,18.2088],[-73.00116,18.2075],[-73.00897,18.20687],[-73.00912,18.20418],[-73.00388,18.19936],[-73.0102,18.19333],[-73.00219,18.18498],[-73.0009,18.18023],[-72.9956,18.17686],[-72.99663,18.19341],[-72.99198,18.20201],[-72.98877,18.20332],[-72.98751,18.21507],[-72.97943,18.22309],[-72.97528,18.23129],[-72.96469,18.23545],[-72.9618,18.24492],[-72.95641,18.24556],[-72.95223,18.25074],[-72.94676,18.25265],[-72.95615,18.26003],[-72.95739,18.26835],[-72.95489,18.27387],[-72.95728,18.27559],[-72.9545,18.28024],[-72.9568,18.28218],[-72.95824,18.27839],[-72.96465,18.27737]]]}},{"type":"Feature","properties":{"adm3_name":"6e Section La Colline","adm3_pcode":"HT0731-06","adm2_name":"Aquin","adm1_name":"South"},"geometry":{"type":"Polygon","coordinates":[[[-73.18195,18.33333],[-73.2097,18.34303],[-73.21343,18.33984],[-73.21957,18.34426],[-73.22655,18.34289],[-73.22859,18.33803],[-73.24842,18.33138],[-73.2648,18.33086],[-73.28162,18.33448],[-73.28286,18.32908],[-73.27927,18.32693],[-73.28444,18.31972],[-73.2808,18.31708],[-73.27081,18.31618],[-73.27491,18.30806],[-73.27143,18.28582],[-73.27572,18.28347],[-73.26874,18.27893],[-73.25603,18.28347],[-73.23638,18.27898],[-73.20929,18.28347],[-73.19417,18.27337],[-73.17882,18.2774],[-73.16957,18.28541],[-73.1701,18.29841],[-73.16913,18.30173],[-73.16356,18.30323],[-73.16303,18.31026],[-73.16953,18.31088],[-73.18439,18.32127],[-73.18195,18.33333]]]}},{"type":"Feature","properties":{"adm3_name":"6e Section la Corne","adm3_pcode":"HT0911-06","adm2_name":"Port-de-Paix","adm1_name":"North-West"},"geometry":{"type":"Polygon","coordinates":[[[-72.86067,19.93375],[-72.86636,19.93716],[-72.87183,19.93145],[-72.89119,19.93598],[-72.91736,19.93217],[-72.91609,19.92457],[-72.92156,19.90695],[-72.91386,19.8952],[-72.91549,19.88746],[-72.9084,19.88715],[-72.90734,19.88394],[-72.91038,19.87225],[-72.89334,19.86042],[-72.88506,19.84763],[-72.8473,19.84338],[-72.85672,19.85269],[-72.85248,19.85853],[-72.8415,19.86124],[-72.83571,19.87326],[-72.84,19.88211],[-72.83536,19.88763],[-72.82793,19.88863],[-72.82882,19.89697],[-72.82235,19.90052],[-72.82187,19.90367],[-72.82395,19.9058],[-72.83328,19.90334],[-72.83602,19.90812],[-72.83359,19.91893],[-72.83745,19.92149],[-72.84909,19.91706],[-72.85268,19.91912],[-72.84463,19.92676],[-72.8477,19.93018],[-72.86067,19.93375]]]}},{"type":"Feature","properties":{"adm3_name":"6e Section la Croix ou Grand Cahos","adm3_pcode":"HT0541-06","adm2_name":"Dessalines","adm1_name":"Artibonite"},"geometry":{"type":"Polygon","coordinates":[[[-72.39254,19.24253],[-72.40458,19.24961],[-72.4093,19.24482],[-72.40717,19.24112],[-72.4121,19.22891],[-72.42255,19.22691],[-72.43409,19.20938],[-72.43707,19.20036],[-72.42224,19.196],[-72.41461,19.1894],[-72.41228,19.18501],[-72.41594,19.18114],[-72.40741,19.17187],[-72.40978,19.16277],[-72.40652,19.15837],[-72.39883,19.1577],[-72.38901,19.15161],[-72.38139,19.15878],[-72.36696,19.16679],[-72.36686,19.17739],[-72.35496,19.1836],[-72.3421,19.17502],[-72.31893,19.17111],[-72.31143,19.15601],[-72.30017,19.15124],[-72.28371,19.15904],[-72.27488,19.15676],[-72.27363,19.1622],[-72.26866,19.16269],[-72.26186,19.16967],[-72.25707,19.17028],[-72.2603,19.17672],[-72.26089,19.18769],[-72.26432,19.19166],[-72.25752,19.20673],[-72.26576,19.21608],[-72.26801,19.21339],[-72.27724,19.21126],[-72.2813,19.20707],[-72.28675,19.20908],[-72.29862,19.20536],[-72.31156,19.21389],[-72.32735,19.2158],[-72.3487,19.2256],[-72.35435,19.23135],[-72.36476,19.22971],[-72.37811,19.24204],[-72.38415,19.24411],[-72.38988,19.24128],[-72.39254,19.24253]]]}},{"type":"Feature","properties":{"adm3_name":"6e Section la Ville","adm3_pcode":"HT0371-06","adm2_name":"Plaisance","adm1_name":"North"},"geometry":{"type":"Polygon","coordinates":[[[-72.46783,19.578],[-72.47064,19.57728],[-72.47149,19.56921],[-72.46913,19.56676],[-72.47008,19.55893],[-72.46448,19.54972],[-72.43937,19.53057],[-72.44002,19.52812],[-72.43321,19.52531],[-72.42476,19.52978],[-72.41507,19.54508],[-72.42719,19.56396],[-72.43556,19.56383],[-72.45048,19.5552],[-72.45805,19.56061],[-72.46192,19.57238],[-72.46783,19.578]]]}},{"type":"Feature","properties":{"adm3_name":"6e Section Lacedras","adm3_pcode":"HT0551-06","adm2_name":"Saint-Michel de l'Attalaye","adm1_name":"Artibonite"},"geometry":{"type":"Polygon","coordinates":[[[-72.33355,19.33202],[-72.34012,19.3402],[-72.35029,19.33849],[-72.35977,19.33981],[-72.35504,19.33267],[-72.36478,19.32296],[-72.36151,19.31911],[-72.35722,19.31819],[-72.36892,19.30754],[-72.36364,19.30451],[-72.36416,19.30097],[-72.36922,19.29829],[-72.37867,19.3147],[-72.38827,19.31207],[-72.39226,19.30467],[-72.39142,19.30056],[-72.39897,19.29334],[-72.39685,19.28236],[-72.40088,19.26993],[-72.39731,19.25239],[-72.39304,19.24617],[-72.39495,19.24396],[-72.38988,19.24128],[-72.38415,19.24411],[-72.37811,19.24204],[-72.36476,19.22971],[-72.35435,19.23135],[-72.3487,19.2256],[-72.33756,19.22191],[-72.32412,19.22886],[-72.32739,19.23423],[-72.32398,19.24145],[-72.29778,19.25123],[-72.28517,19.26193],[-72.28161,19.27081],[-72.27428,19.2751],[-72.27575,19.27756],[-72.28244,19.2771],[-72.27893,19.27877],[-72.28175,19.28458],[-72.28034,19.28694],[-72.29121,19.29351],[-72.29263,19.30107],[-72.2897,19.30175],[-72.29018,19.30595],[-72.29639,19.30244],[-72.29762,19.30652],[-72.29454,19.30783],[-72.2988,19.31307],[-72.30502,19.31186],[-72.30629,19.31585],[-72.31198,19.31758],[-72.31208,19.32276],[-72.31877,19.32525],[-72.31947,19.32155],[-72.32217,19.32145],[-72.33126,19.32749],[-72.33355,19.33202]]]}},{"type":"Feature","properties":{"adm3_name":"6e Section Lafague (Chamoise)","adm3_pcode":"HT0921-06","adm2_name":"Saint-Louis du Nord","adm1_name":"North-West"},"geometry":{"type":"Polygon","coordinates":[[[-72.7004,19.85405],[-72.71259,19.85372],[-72.71765,19.84551],[-72.73238,19.84619],[-72.73633,19.84348],[-72.73492,19.84055],[-72.73822,19.83711],[-72.73855,19.8326],[-72.73402,19.82816],[-72.73019,19.8124],[-72.72459,19.8096],[-72.69931,19.81567],[-72.68947,19.80857],[-72.67802,19.80893],[-72.67723,19.81388],[-72.6846,19.83163],[-72.69691,19.84097],[-72.7004,19.85405]]]}},{"type":"Feature","properties":{"adm3_name":"6e Section Les Îles Cayemittes","adm3_pcode":"HT0834-06","adm2_name":"Pestel","adm1_name":"Grande'Anse"},"geometry":{"type":"Polygon","coordinates":[[[-73.75492,18.64331],[-73.76653,18.64314],[-73.79375,18.62624],[-73.7966,18.62084],[-73.79522,18.60484],[-73.79676,18.60324],[-73.79198,18.59785],[-73.77563,18.59504],[-73.77319,18.5913],[-73.77054,18.5942],[-73.7612,18.59302],[-73.76141,18.59017],[-73.75462,18.58647],[-73.75497,18.5845],[-73.74758,18.58504],[-73.74395,18.58174],[-73.73271,18.58427],[-73.71858,18.59209],[-73.70124,18.60803],[-73.69868,18.6187],[-73.70311,18.62715],[-73.73275,18.63559],[-73.74206,18.63928],[-73.74479,18.64271],[-73.75492,18.64331]]]}},{"type":"Feature","properties":{"adm3_name":"6e Section Matheux","adm3_pcode":"HT0141-06","adm2_name":"Arcahaie","adm1_name":"West"},"geometry":{"type":"Polygon","coordinates":[[[-72.54137,18.96167],[-72.54545,18.96078],[-72.54895,18.9526],[-72.54185,18.94237],[-72.5339,18.93804],[-72.53486,18.93249],[-72.52956,18.92916],[-72.5328,18.92099],[-72.52221,18.91402],[-72.52827,18.90592],[-72.52908,18.89986],[-72.53835,18.88886],[-72.53507,18.89141],[-72.53062,18.89108],[-72.52373,18.87727],[-72.53002,18.86894],[-72.53012,18.86551],[-72.52005,18.85415],[-72.52267,18.8525],[-72.52053,18.84635],[-72.523,18.8395],[-72.52131,18.84211],[-72.49225,18.83681],[-72.49009,18.8395],[-72.48413,18.84057],[-72.4818,18.83631],[-72.47767,18.8384],[-72.48022,18.84351],[-72.47812,18.84788],[-72.48067,18.85567],[-72.47712,18.85873],[-72.47875,18.86526],[-72.47717,18.87454],[-72.4666,18.88085],[-72.46468,18.88873],[-72.44421,18.89097],[-72.44405,18.89847],[-72.42809,18.91482],[-72.4285,18.91732],[-72.43595,18.91929],[-72.43564,18.92346],[-72.44298,18.92404],[-72.45496,18.91983],[-72.45949,18.92725],[-72.46702,18.92582],[-72.49575,18.95895],[-72.50383,18.95777],[-72.50907,18.95957],[-72.51454,18.95544],[-72.53085,18.95957],[-72.53652,18.95734],[-72.54137,18.96167]]]}},{"type":"Feature","properties":{"adm3_name":"6e Section Medor","adm3_pcode":"HT0542-06","adm2_name":"Petite Riviere de l'Artibonite","adm1_name":"Artibonite"},"geometry":{"type":"Polygon","coordinates":[[[-72.38329,19.09594],[-72.38934,19.10305],[-72.40762,19.09347],[-72.4048,19.08863],[-72.39834,19.08617],[-72.3996,19.08301],[-72.39337,19.08034],[-72.39394,19.07554],[-72.38804,19.07557],[-72.38035,19.06847],[-72.36903,19.06727],[-72.36623,19.0612],[-72.34927,19.04249],[-72.34178,19.03946],[-72.34441,19.03097],[-72.33834,19.03231],[-72.33781,19.02796],[-72.32988,19.02016],[-72.32649,19.02055],[-72.31196,19.01202],[-72.29483,19.02035],[-72.28321,19.01654],[-72.27054,19.01746],[-72.25409,19.01115],[-72.2445,19.01048],[-72.24837,19.02921],[-72.23852,19.03682],[-72.24138,19.0435],[-72.2401,19.04981],[-72.23252,19.05587],[-72.22187,19.08038],[-72.22176,19.08344],[-72.23116,19.09369],[-72.23502,19.08779],[-72.24834,19.0916],[-72.25762,19.08417],[-72.25923,19.07039],[-72.27999,19.06198],[-72.29207,19.06803],[-72.29779,19.06791],[-72.3065,19.07562],[-72.32058,19.07415],[-72.3294,19.077],[-72.34188,19.08509],[-72.35264,19.0991],[-72.3651,19.09576],[-72.37332,19.09045],[-72.37566,19.09264],[-72.37565,19.09803],[-72.38329,19.09594]]]}},{"type":"Feature","properties":{"adm3_name":"6e Section Molas","adm3_pcode":"HT0351-06","adm2_name":"Borgne","adm1_name":"North"},"geometry":{"type":"Polygon","coordinates":[[[-72.65579,19.82844],[-72.66998,19.83217],[-72.6846,19.83163],[-72.67723,19.81388],[-72.68147,19.80376],[-72.67632,19.78442],[-72.67362,19.77871],[-72.66832,19.77632],[-72.6533,19.77675],[-72.65631,19.78565],[-72.64319,19.78548],[-72.63853,19.77801],[-72.63494,19.77889],[-72.63419,19.80195],[-72.62994,19.81366],[-72.6318,19.81689],[-72.63913,19.81854],[-72.63896,19.82935],[-72.65579,19.82844]]]}},{"type":"Feature","properties":{"adm3_name":"6e Section Montagne La Voûte","adm3_pcode":"HT0211-06","adm2_name":"Jacmel","adm1_name":"South-East"},"geometry":{"type":"Polygon","coordinates":[[[-72.51049,18.33803],[-72.52613,18.34113],[-72.53592,18.34055],[-72.53797,18.3357],[-72.54431,18.33683],[-72.54871,18.33079],[-72.54495,18.32385],[-72.55111,18.31929],[-72.5507,18.31207],[-72.5597,18.30909],[-72.56432,18.30186],[-72.57022,18.30121],[-72.5698,18.29329],[-72.56601,18.29433],[-72.56289,18.28848],[-72.56717,18.2815],[-72.56147,18.27912],[-72.56487,18.27522],[-72.56069,18.27239],[-72.56211,18.26053],[-72.55631,18.25616],[-72.55029,18.25672],[-72.54973,18.25089],[-72.54646,18.24989],[-72.54389,18.24301],[-72.54597,18.24161],[-72.54451,18.23776],[-72.54755,18.23593],[-72.54799,18.23123],[-72.53635,18.23242],[-72.53624,18.24056],[-72.53302,18.24712],[-72.53596,18.25859],[-72.53013,18.26729],[-72.53268,18.2714],[-72.52666,18.27878],[-72.51155,18.28898],[-72.51519,18.2933],[-72.51505,18.29524],[-72.50927,18.29607],[-72.51072,18.30328],[-72.50307,18.30909],[-72.49782,18.30476],[-72.49492,18.31003],[-72.48375,18.31077],[-72.48192,18.32735],[-72.4989,18.32969],[-72.51049,18.33803]]]}},{"type":"Feature","properties":{"adm3_name":"6e Section Orangers","adm3_pcode":"HT0121-06","adm2_name":"Leogane","adm1_name":"West"},"geometry":{"type":"Polygon","coordinates":[[[-72.52917,18.47254],[-72.53854,18.47468],[-72.54562,18.47165],[-72.55188,18.47289],[-72.55969,18.46722],[-72.55941,18.46507],[-72.55437,18.45861],[-72.54676,18.46267],[-72.54466,18.4615],[-72.54552,18.45709],[-72.5419,18.45328],[-72.5459,18.45068],[-72.53716,18.44268],[-72.53305,18.43376],[-72.52925,18.43451],[-72.52418,18.43103],[-72.52463,18.42679],[-72.51876,18.42099],[-72.51155,18.42081],[-72.51032,18.41743],[-72.50183,18.42233],[-72.49962,18.43283],[-72.49441,18.44164],[-72.49963,18.44197],[-72.50402,18.4472],[-72.50541,18.45869],[-72.52634,18.46744],[-72.52917,18.47254]]]}},{"type":"Feature","properties":{"adm3_name":"6e Section Petite Anse","adm3_pcode":"HT0151-06","adm2_name":"Anse a Galets","adm1_name":"West"},"geometry":{"type":"Polygon","coordinates":[[[-72.85298,18.71927],[-72.85001,18.71732],[-72.83889,18.72114],[-72.83593,18.71867],[-72.83868,18.71289],[-72.83658,18.70358],[-72.83403,18.70079],[-72.83074,18.7017],[-72.82699,18.69446],[-72.82361,18.69272],[-72.81761,18.6935],[-72.81659,18.70137],[-72.81328,18.69809],[-72.8061,18.70507],[-72.81842,18.71758],[-72.81874,18.72164],[-72.81309,18.72806],[-72.79385,18.73282],[-72.79304,18.73545],[-72.8043,18.75278],[-72.80827,18.76745],[-72.8061,18.77747],[-72.81616,18.79232],[-72.82457,18.78716],[-72.82861,18.7877],[-72.84512,18.78199],[-72.85095,18.77814],[-72.85207,18.77292],[-72.85966,18.76984],[-72.86083,18.76506],[-72.84846,18.76561],[-72.84429,18.75445],[-72.85298,18.71927]]]}},{"type":"Feature","properties":{"adm3_name":"6e Section Pichon","adm3_pcode":"HT0231-06","adm2_name":"Belle Anse","adm1_name":"South-East"},"geometry":{"type":"Polygon","coordinates":[[[-72.00226,18.31165],[-72.00396,18.31795],[-72.01893,18.31849],[-72.02411,18.31271],[-72.0226,18.30681],[-72.01419,18.29682],[-72.01107,18.28555],[-72.02379,18.27495],[-72.0252,18.26784],[-72.02941,18.26592],[-72.02708,18.24894],[-72.02261,18.24708],[-72.02177,18.23793],[-72.02554,18.23451],[-72.0451,18.23673],[-72.04975,18.23538],[-72.04002,18.23164],[-72.0341,18.2172],[-72.00978,18.20554],[-72.00285,18.21358],[-71.99343,18.21103],[-71.99238,18.22072],[-71.98721,18.22624],[-71.98611,18.24509],[-71.98813,18.25231],[-71.98263,18.2557],[-71.99087,18.26415],[-71.98379,18.27004],[-71.97957,18.27959],[-71.96588,18.28386],[-71.96357,18.30178],[-71.97074,18.30763],[-71.97587,18.30865],[-71.97719,18.31371],[-71.98584,18.31491],[-72.00226,18.31165]]]}},{"type":"Feature","properties":{"adm3_name":"6e Section Piment","adm3_pcode":"HT0372-06","adm2_name":"Pilate","adm1_name":"North"},"geometry":{"type":"Polygon","coordinates":[[[-72.54091,19.73405],[-72.55082,19.73349],[-72.54988,19.72844],[-72.5529,19.72361],[-72.55633,19.72355],[-72.55802,19.71893],[-72.55583,19.71453],[-72.55969,19.70028],[-72.55751,19.68774],[-72.55549,19.68972],[-72.55241,19.68852],[-72.55092,19.69227],[-72.54802,19.69244],[-72.54802,19.69933],[-72.53458,19.70064],[-72.5379,19.70858],[-72.53446,19.71726],[-72.54129,19.72422],[-72.54091,19.73405]]]}},{"type":"Feature","properties":{"adm3_name":"6e Section Savane Carree","adm3_pcode":"HT0521-06","adm2_name":"Gros Morne","adm1_name":"Artibonite"},"geometry":{"type":"Polygon","coordinates":[[[-72.73369,19.75202],[-72.75426,19.75676],[-72.75254,19.77057],[-72.75503,19.78525],[-72.7592,19.78858],[-72.76527,19.78842],[-72.78402,19.77149],[-72.80697,19.75696],[-72.8104,19.75199],[-72.81222,19.73799],[-72.82911,19.73159],[-72.83283,19.72309],[-72.82153,19.71365],[-72.83041,19.69674],[-72.80825,19.68328],[-72.80119,19.68142],[-72.79823,19.68509],[-72.78953,19.68127],[-72.78044,19.67102],[-72.77523,19.66917],[-72.76126,19.67481],[-72.74586,19.67105],[-72.72024,19.68144],[-72.70781,19.69557],[-72.70823,19.7105],[-72.70555,19.71516],[-72.71246,19.72043],[-72.72154,19.73356],[-72.72345,19.74902],[-72.73369,19.75202]]]}},{"type":"Feature","properties":{"adm3_name":"6e Section Solon","adm3_pcode":"HT0732-06","adm2_name":"Saint Louis du Sud","adm1_name":"South"},"geometry":{"type":"Polygon","coordinates":[[[-73.58627,18.2925],[-73.59386,18.30198],[-73.6104,18.29099],[-73.61309,18.29523],[-73.62095,18.29577],[-73.62302,18.29399],[-73.62447,18.29574],[-73.6299,18.29311],[-73.62702,18.28972],[-73.63549,18.27846],[-73.62573,18.27549],[-73.62237,18.26535],[-73.63301,18.25726],[-73.6367,18.24042],[-73.64432,18.22798],[-73.64327,18.22668],[-73.63377,18.22831],[-73.63397,18.23386],[-73.63149,18.2355],[-73.63427,18.23735],[-73.63309,18.24182],[-73.63492,18.24327],[-73.63203,18.2507],[-73.62625,18.24787],[-73.62185,18.24888],[-73.62254,18.25117],[-73.61989,18.25057],[-73.62004,18.25301],[-73.61307,18.25143],[-73.60957,18.25673],[-73.60017,18.24945],[-73.59328,18.2523],[-73.58954,18.25776],[-73.59238,18.26501],[-73.58195,18.28274],[-73.57126,18.29021],[-73.57407,18.29226],[-73.58627,18.2925]]]}},{"type":"Feature","properties":{"adm3_name":"6e Section Soufriere","adm3_pcode":"HT0321-06","adm2_name":"Acul du Nord","adm1_name":"North"},"geometry":{"type":"Polygon","coordinates":[[[-72.37213,19.65167],[-72.37741,19.6507],[-72.39662,19.63095],[-72.3958,19.61093],[-72.40281,19.61056],[-72.40481,19.60826],[-72.40254,19.60461],[-72.40629,19.59859],[-72.40318,19.59439],[-72.40629,19.58333],[-72.40285,19.58007],[-72.4034,19.57725],[-72.41183,19.57135],[-72.40934,19.57091],[-72.40838,19.56772],[-72.40396,19.56931],[-72.40015,19.56398],[-72.39388,19.56203],[-72.39019,19.56612],[-72.39056,19.573],[-72.38119,19.58553],[-72.37148,19.59101],[-72.36524,19.59192],[-72.3591,19.5856],[-72.35922,19.58179],[-72.36636,19.57654],[-72.36472,19.57507],[-72.3666,19.5661],[-72.36217,19.56734],[-72.35907,19.57265],[-72.34437,19.57268],[-72.34915,19.58036],[-72.33997,19.58678],[-72.33524,19.59617],[-72.33783,19.60577],[-72.3527,19.6315],[-72.37213,19.65167]]]}},{"type":"Feature","properties":{"adm3_name":"6e Section Terre Natte","adm3_pcode":"HT0532-06","adm2_name":"Verrettes","adm1_name":"Artibonite"},"geometry":{"type":"Polygon","coordinates":[[[-72.57294,19.00652],[-72.58383,19.01181],[-72.58356,19.00325],[-72.58918,18.99648],[-72.59412,18.97384],[-72.58603,18.96984],[-72.57274,18.9693],[-72.56611,18.96492],[-72.5585,18.96501],[-72.55463,18.96151],[-72.54137,18.96167],[-72.53652,18.95734],[-72.53085,18.95957],[-72.51454,18.95544],[-72.50907,18.95957],[-72.49849,18.95843],[-72.50028,18.97488],[-72.50646,18.98532],[-72.52859,18.99542],[-72.52855,18.9986],[-72.53914,19.00532],[-72.55773,19.00978],[-72.57294,19.00652]]]}},{"type":"Feature","properties":{"adm3_name":"6e Section Trou Canari","adm3_pcode":"HT0122-06","adm2_name":"Petit-Goave","adm1_name":"West"},"geometry":{"type":"Polygon","coordinates":[[[-72.9501,18.36615],[-72.95693,18.36713],[-72.96336,18.35574],[-72.96935,18.35123],[-72.97081,18.34308],[-72.96862,18.33796],[-72.97878,18.32486],[-72.9761,18.32207],[-72.97725,18.3194],[-72.98731,18.31543],[-72.98412,18.30461],[-72.97858,18.2992],[-72.97419,18.3112],[-72.97212,18.30999],[-72.96241,18.31656],[-72.95621,18.31571],[-72.94416,18.33079],[-72.93373,18.32865],[-72.9313,18.33112],[-72.93594,18.34338],[-72.92713,18.35629],[-72.93297,18.35827],[-72.94047,18.36536],[-72.9501,18.36615]]]}},{"type":"Feature","properties":{"adm3_name":"7e Section Bassin","adm3_pcode":"HT0371-07","adm2_name":"Plaisance","adm1_name":"North"},"geometry":{"type":"Polygon","coordinates":[[[-72.50383,19.6285],[-72.50704,19.6257],[-72.51148,19.60935],[-72.51122,19.60208],[-72.49729,19.59679],[-72.48345,19.60076],[-72.48322,19.59534],[-72.48052,19.59681],[-72.48159,19.59333],[-72.47481,19.59174],[-72.47724,19.58984],[-72.47582,19.58727],[-72.47234,19.58843],[-72.47038,19.59643],[-72.46397,19.60417],[-72.46065,19.60506],[-72.46148,19.61346],[-72.4776,19.6238],[-72.48399,19.6169],[-72.49139,19.6167],[-72.49592,19.62327],[-72.49492,19.62574],[-72.50383,19.6285]]]}},{"type":"Feature","properties":{"adm3_name":"7e Section Belle Fontaine","adm3_pcode":"HT0131-07","adm2_name":"Croix-Des-Bouquets","adm1_name":"West"},"geometry":{"type":"Polygon","coordinates":[[[-72.06524,18.42256],[-72.07408,18.41938],[-72.08294,18.41969],[-72.08873,18.4151],[-72.08608,18.40945],[-72.08912,18.40336],[-72.08476,18.39514],[-72.08572,18.39325],[-72.08097,18.39269],[-72.07941,18.38917],[-72.07859,18.37822],[-72.0827,18.37488],[-72.08659,18.37615],[-72.09033,18.37399],[-72.09879,18.36559],[-72.09374,18.35161],[-72.10315,18.34888],[-72.10234,18.34639],[-72.09224,18.34761],[-72.08593,18.35128],[-72.0839,18.3499],[-72.08209,18.34402],[-72.08403,18.33477],[-72.07552,18.32453],[-72.06742,18.32033],[-72.06476,18.31999],[-72.05582,18.32647],[-72.04826,18.32515],[-72.04577,18.32052],[-72.04181,18.32065],[-72.03926,18.3276],[-72.0327,18.31966],[-72.00396,18.31795],[-72.00226,18.31165],[-71.98584,18.31491],[-71.97427,18.31294],[-71.96612,18.31623],[-71.95267,18.31739],[-71.96514,18.32526],[-71.96921,18.33057],[-71.96531,18.35249],[-71.96736,18.36073],[-71.96626,18.3708],[-71.97319,18.37683],[-71.97483,18.38619],[-71.98773,18.38615],[-71.99314,18.3926],[-72.01453,18.39734],[-72.01816,18.39404],[-72.03442,18.39817],[-72.04188,18.3921],[-72.05002,18.40192],[-72.05121,18.41069],[-72.06524,18.42256]]]}},{"type":"Feature","properties":{"adm3_name":"7e Section Bras Gauche","adm3_pcode":"HT0221-07","adm2_name":"Bainet","adm1_name":"South-East"},"geometry":{"type":"Polygon","coordinates":[[[-72.85651,18.25859],[-72.88387,18.27651],[-72.88739,18.27551],[-72.89033,18.26843],[-72.90283,18.25776],[-72.89931,18.25061],[-72.89872,18.24275],[-72.89108,18.23543],[-72.88508,18.2333],[-72.87526,18.23437],[-72.86014,18.22436],[-72.85535,18.21657],[-72.86017,18.23532],[-72.85612,18.25161],[-72.84956,18.25247],[-72.85339,18.2583],[-72.85651,18.25859]]]}},{"type":"Feature","properties":{"adm3_name":"7e Section Cherette","adm3_pcode":"HT0732-07","adm2_name":"Saint Louis du Sud","adm1_name":"South"},"geometry":{"type":"Polygon","coordinates":[[[-73.47898,18.3408],[-73.48216,18.34228],[-73.48945,18.34073],[-73.50985,18.32893],[-73.5151,18.31285],[-73.52523,18.30883],[-73.52492,18.29884],[-73.53361,18.29911],[-73.5341,18.29097],[-73.53924,18.28226],[-73.53438,18.2805],[-73.51828,18.28548],[-73.51568,18.29175],[-73.51089,18.29183],[-73.50436,18.29731],[-73.49267,18.30059],[-73.48986,18.31006],[-73.48009,18.31063],[-73.47901,18.31467],[-73.47145,18.31934],[-73.46183,18.33278],[-73.45035,18.33295],[-73.44165,18.34082],[-73.47041,18.33762],[-73.47183,18.34067],[-73.47898,18.3408]]]}},{"type":"Feature","properties":{"adm3_name":"7e Section Cote de Feret Fond Lagrange","adm3_pcode":"HT0351-07","adm2_name":"Borgne","adm1_name":"North"},"geometry":{"type":"Polygon","coordinates":[[[-72.55529,19.87769],[-72.56128,19.87981],[-72.56157,19.87754],[-72.567,19.87762],[-72.58332,19.86616],[-72.58006,19.84981],[-72.56503,19.83876],[-72.55302,19.8348],[-72.54429,19.8344],[-72.53724,19.83858],[-72.53455,19.8372],[-72.5256,19.83926],[-72.52563,19.83204],[-72.53091,19.82579],[-72.53022,19.81357],[-72.52537,19.80726],[-72.51276,19.79743],[-72.49939,19.79424],[-72.48794,19.79545],[-72.48549,19.79134],[-72.47699,19.79142],[-72.47761,19.79611],[-72.46402,19.80807],[-72.4753,19.81537],[-72.48664,19.81498],[-72.48948,19.82098],[-72.49385,19.81965],[-72.50024,19.82451],[-72.49833,19.83535],[-72.50435,19.83604],[-72.50738,19.84669],[-72.51171,19.84804],[-72.51314,19.84055],[-72.51829,19.83978],[-72.52244,19.85006],[-72.52954,19.84777],[-72.54063,19.85774],[-72.54038,19.86165],[-72.55461,19.86986],[-72.55579,19.87206],[-72.55238,19.87434],[-72.55529,19.87769]]]}},{"type":"Feature","properties":{"adm3_name":"7e Section des Platons","adm3_pcode":"HT0122-07","adm2_name":"Petit-Goave","adm1_name":"West"},"geometry":{"type":"Polygon","coordinates":[[[-72.88721,18.34868],[-72.88509,18.3574],[-72.89074,18.36605],[-72.89299,18.37537],[-72.88954,18.38673],[-72.8955,18.3931],[-72.90398,18.39676],[-72.90674,18.40576],[-72.91043,18.4012],[-72.91957,18.40346],[-72.92127,18.40234],[-72.92134,18.38859],[-72.93028,18.37852],[-72.92582,18.36231],[-72.92713,18.35629],[-72.91986,18.36236],[-72.91687,18.36218],[-72.91206,18.35855],[-72.90589,18.35884],[-72.8898,18.34812],[-72.88721,18.34868]]]}},{"type":"Feature","properties":{"adm3_name":"7e Section Diondion","adm3_pcode":"HT0934-07","adm2_name":"Jean Rabel","adm1_name":"North-West"},"geometry":{"type":"Polygon","coordinates":[[[-73.18935,19.87919],[-73.1982,19.90733],[-73.22928,19.88922],[-73.24064,19.87895],[-73.23983,19.87536],[-73.24633,19.87769],[-73.27595,19.86424],[-73.27172,19.84998],[-73.2654,19.84161],[-73.26876,19.83903],[-73.26774,19.833],[-73.2704,19.82679],[-73.26159,19.82325],[-73.23166,19.83161],[-73.20341,19.84386],[-73.19798,19.85276],[-73.19003,19.85456],[-73.18935,19.87919]]]}},{"type":"Feature","properties":{"adm3_name":"7e Section Frangipane","adm3_pcode":"HT0731-07","adm2_name":"Aquin","adm1_name":"South"},"geometry":{"type":"Polygon","coordinates":[[[-73.08633,18.337],[-73.09575,18.34502],[-73.10551,18.34434],[-73.1117,18.32583],[-73.11831,18.32492],[-73.12422,18.31992],[-73.11129,18.30758],[-73.10208,18.30714],[-73.09384,18.29797],[-73.09231,18.29248],[-73.09211,18.28479],[-73.09567,18.27817],[-73.09314,18.26638],[-73.10457,18.26451],[-73.10412,18.25185],[-73.10865,18.23814],[-73.10736,18.23219],[-73.11318,18.22563],[-73.10935,18.21895],[-73.10882,18.2084],[-73.10534,18.20827],[-73.10755,18.18906],[-73.07871,18.18521],[-73.06676,18.18716],[-73.0556,18.18254],[-73.04128,18.18161],[-73.0231,18.18168],[-73.01182,18.18675],[-73.00354,18.18577],[-73.0102,18.19333],[-73.00388,18.19936],[-73.00912,18.20418],[-73.00897,18.20687],[-73.00116,18.2075],[-73.01047,18.2088],[-73.0072,18.21848],[-73.00992,18.21996],[-73.00938,18.22369],[-73.01585,18.22146],[-73.01478,18.22778],[-73.02282,18.22519],[-73.01827,18.23043],[-73.02058,18.23283],[-73.01669,18.23665],[-73.03069,18.24056],[-73.02992,18.25114],[-73.03299,18.25116],[-73.033,18.25475],[-73.03781,18.25652],[-73.03591,18.25943],[-73.04165,18.25968],[-73.03866,18.26268],[-73.03798,18.2702],[-73.04299,18.27067],[-73.0408,18.2717],[-73.04235,18.27717],[-73.04839,18.28007],[-73.05236,18.28699],[-73.04381,18.29437],[-73.0468,18.29675],[-73.04222,18.30035],[-73.04693,18.30246],[-73.04993,18.29966],[-73.0523,18.30286],[-73.05588,18.3006],[-73.05713,18.30332],[-73.05937,18.30303],[-73.0644,18.3146],[-73.06698,18.31564],[-73.06831,18.32292],[-73.07201,18.3228],[-73.06959,18.32715],[-73.07068,18.33102],[-73.07346,18.32986],[-73.07236,18.32727],[-73.07643,18.3277],[-73.08001,18.3294],[-73.08054,18.33471],[-73.08633,18.337]]]}},{"type":"Feature","properties":{"adm3_name":"7e Section Gerard","adm3_pcode":"HT0123-07","adm2_name":"Grand-Goave","adm1_name":"West"},"geometry":{"type":"Polygon","coordinates":[[[-72.70014,18.43266],[-72.70264,18.43803],[-72.70496,18.43757],[-72.70716,18.43408],[-72.71124,18.43435],[-72.7143,18.43131],[-72.73012,18.42591],[-72.74371,18.42661],[-72.74987,18.4301],[-72.75455,18.42836],[-72.76014,18.43234],[-72.7646,18.41652],[-72.75129,18.39614],[-72.75255,18.38861],[-72.74903,18.3878],[-72.74211,18.37756],[-72.73352,18.37683],[-72.72486,18.36709],[-72.72326,18.35993],[-72.71327,18.35475],[-72.70556,18.3546],[-72.69652,18.36737],[-72.70399,18.37313],[-72.70994,18.37432],[-72.71173,18.37806],[-72.705,18.38109],[-72.68954,18.37788],[-72.68749,18.38096],[-72.68143,18.38071],[-72.67927,18.39015],[-72.68669,18.38902],[-72.69716,18.39778],[-72.69432,18.39945],[-72.69921,18.40572],[-72.6913,18.41185],[-72.69276,18.41815],[-72.68702,18.41911],[-72.68669,18.4214],[-72.69245,18.42788],[-72.6991,18.42914],[-72.70014,18.43266]]]}},{"type":"Feature","properties":{"adm3_name":"7e Section Grande Riviere de Jacmel","adm3_pcode":"HT0211-07","adm2_name":"Jacmel","adm1_name":"South-East"},"geometry":{"type":"Polygon","coordinates":[[[-72.45137,18.39706],[-72.48252,18.40014],[-72.50291,18.40569],[-72.50733,18.3989],[-72.52003,18.39504],[-72.52237,18.38852],[-72.53121,18.38252],[-72.53463,18.37078],[-72.55096,18.36516],[-72.55002,18.35881],[-72.55365,18.35408],[-72.55275,18.35194],[-72.5636,18.3547],[-72.56497,18.34017],[-72.54698,18.33248],[-72.54431,18.33683],[-72.53797,18.3357],[-72.53592,18.34055],[-72.52613,18.34113],[-72.52285,18.35251],[-72.5257,18.35425],[-72.52592,18.35819],[-72.50453,18.36513],[-72.49236,18.36631],[-72.48735,18.37411],[-72.4728,18.37765],[-72.47107,18.37996],[-72.46635,18.37793],[-72.45664,18.37911],[-72.45382,18.37287],[-72.44376,18.36767],[-72.43501,18.37332],[-72.43631,18.37961],[-72.42775,18.39495],[-72.42214,18.39758],[-72.42352,18.40113],[-72.45137,18.39706]]]}},{"type":"Feature","properties":{"adm3_name":"7e Section Lavalle","adm3_pcode":"HT0113-07","adm2_name":"Carrefour","adm1_name":"West"},"geometry":{"type":"Polygon","coordinates":[[[-72.419,18.47965],[-72.42263,18.47481],[-72.4208,18.46961],[-72.4267,18.45572],[-72.42705,18.44304],[-72.41213,18.44365],[-72.4065,18.44179],[-72.40438,18.43659],[-72.38969,18.43321],[-72.3887,18.43486],[-72.39495,18.43735],[-72.39651,18.44437],[-72.40429,18.4524],[-72.40707,18.46026],[-72.40457,18.46376],[-72.39987,18.46344],[-72.39866,18.46998],[-72.40186,18.46873],[-72.4045,18.47056],[-72.4088,18.47445],[-72.40755,18.47794],[-72.419,18.47965]]]}},{"type":"Feature","properties":{"adm3_name":"7e Section Mapou","adm3_pcode":"HT0231-07","adm2_name":"Belle Anse","adm1_name":"South-East"},"geometry":{"type":"Polygon","coordinates":[[[-71.93359,18.30702],[-71.95267,18.31739],[-71.97719,18.31371],[-71.97587,18.30865],[-71.97074,18.30763],[-71.96357,18.30178],[-71.96588,18.28386],[-71.97957,18.27959],[-71.98379,18.27004],[-71.99087,18.26415],[-71.98263,18.2557],[-71.98813,18.25231],[-71.98611,18.24509],[-71.98721,18.22624],[-71.99238,18.22072],[-71.99343,18.21103],[-71.98693,18.20263],[-71.95739,18.19516],[-71.94697,18.20407],[-71.94557,18.21278],[-71.93849,18.21724],[-71.9367,18.22274],[-71.93983,18.22501],[-71.93319,18.23223],[-71.93905,18.23207],[-71.93906,18.23455],[-71.93093,18.24109],[-71.93415,18.25516],[-71.9276,18.2646],[-71.93157,18.27319],[-71.91672,18.29529],[-71.93359,18.30702]]]}},{"type":"Feature","properties":{"adm3_name":"7e Section Marfranc ou Grande Riviere","adm3_pcode":"HT0811-07","adm2_name":"Jeremie","adm1_name":"Grande'Anse"},"geometry":{"type":"Polygon","coordinates":[[[-74.07828,18.61641],[-74.08545,18.62027],[-74.08769,18.62473],[-74.11141,18.63918],[-74.11565,18.63774],[-74.12067,18.63],[-74.1381,18.61532],[-74.14747,18.61507],[-74.16326,18.62034],[-74.17617,18.61879],[-74.18998,18.62172],[-74.19084,18.61837],[-74.19808,18.61429],[-74.22164,18.60746],[-74.22598,18.60069],[-74.24126,18.58891],[-74.22891,18.57985],[-74.22068,18.5855],[-74.20504,18.58039],[-74.20371,18.58236],[-74.20627,18.58787],[-74.20366,18.59282],[-74.20199,18.59454],[-74.19777,18.59201],[-74.19681,18.59827],[-74.19117,18.59484],[-74.19105,18.60051],[-74.18828,18.6018],[-74.1844,18.59674],[-74.17926,18.59758],[-74.17924,18.60143],[-74.17612,18.59692],[-74.17155,18.59887],[-74.16455,18.59559],[-74.16934,18.6038],[-74.15153,18.6054],[-74.14824,18.60488],[-74.14607,18.5966],[-74.13838,18.60772],[-74.12764,18.60915],[-74.11953,18.61646],[-74.12112,18.62109],[-74.11496,18.62219],[-74.11521,18.63073],[-74.11149,18.63231],[-74.10953,18.62764],[-74.10526,18.62853],[-74.0849,18.612],[-74.08004,18.61211],[-74.07828,18.61641]]]}},{"type":"Feature","properties":{"adm3_name":"7e Section Marmont","adm3_pcode":"HT0551-07","adm2_name":"Saint-Michel de l'Attalaye","adm1_name":"Artibonite"},"geometry":{"type":"Polygon","coordinates":[[[-72.45778,19.38501],[-72.46477,19.39056],[-72.46761,19.38386],[-72.47854,19.38219],[-72.47735,19.37765],[-72.48229,19.3747],[-72.48601,19.36848],[-72.4953,19.36974],[-72.49605,19.35988],[-72.49331,19.35343],[-72.49779,19.33717],[-72.48705,19.32518],[-72.48267,19.3135],[-72.45977,19.29692],[-72.45511,19.2884],[-72.41934,19.25014],[-72.4093,19.24482],[-72.40292,19.24937],[-72.39495,19.24396],[-72.39304,19.24617],[-72.39731,19.25239],[-72.40088,19.26993],[-72.39685,19.28236],[-72.39966,19.2898],[-72.39712,19.29636],[-72.39142,19.30056],[-72.39226,19.30467],[-72.38827,19.31207],[-72.3825,19.31498],[-72.39551,19.32257],[-72.40428,19.33119],[-72.40989,19.34117],[-72.41212,19.34206],[-72.41354,19.33824],[-72.42164,19.3532],[-72.42873,19.36103],[-72.45778,19.38501]]]}},{"type":"Feature","properties":{"adm3_name":"7e Section Moulin","adm3_pcode":"HT0521-07","adm2_name":"Gros Morne","adm1_name":"Artibonite"},"geometry":{"type":"Polygon","coordinates":[[[-72.70319,19.68713],[-72.71262,19.68794],[-72.72024,19.68144],[-72.74586,19.67105],[-72.76126,19.67481],[-72.77523,19.66917],[-72.78595,19.67613],[-72.80009,19.65658],[-72.80212,19.64929],[-72.80196,19.64174],[-72.79803,19.63222],[-72.79428,19.62747],[-72.78991,19.62684],[-72.7831,19.62955],[-72.77567,19.62787],[-72.75417,19.62961],[-72.74948,19.62315],[-72.72057,19.62022],[-72.71316,19.61565],[-72.69348,19.64065],[-72.69313,19.65145],[-72.69703,19.66274],[-72.69263,19.67476],[-72.69571,19.6777],[-72.69482,19.6847],[-72.70319,19.68713]]]}},{"type":"Feature","properties":{"adm3_name":"7e Section Parques","adm3_pcode":"HT0121-07","adm2_name":"Leogane","adm1_name":"West"},"geometry":{"type":"Polygon","coordinates":[[[-72.46875,18.47547],[-72.48938,18.47214],[-72.52917,18.47254],[-72.52634,18.46744],[-72.50541,18.45869],[-72.50402,18.4472],[-72.50123,18.44292],[-72.49441,18.44164],[-72.49453,18.43853],[-72.48465,18.43381],[-72.48421,18.42523],[-72.48678,18.42142],[-72.4822,18.41814],[-72.46871,18.42944],[-72.46237,18.43071],[-72.45498,18.43696],[-72.45879,18.44447],[-72.45552,18.45055],[-72.45565,18.45673],[-72.46587,18.46432],[-72.46875,18.47547]]]}},{"type":"Feature","properties":{"adm3_name":"7e Section Riviere Laporte","adm3_pcode":"HT0372-07","adm2_name":"Pilate","adm1_name":"North"},"geometry":{"type":"Polygon","coordinates":[[[-72.63099,19.76602],[-72.63139,19.77132],[-72.63962,19.7723],[-72.64121,19.76786],[-72.64714,19.76441],[-72.64858,19.75794],[-72.6466,19.74534],[-72.62887,19.74239],[-72.62466,19.7482],[-72.62574,19.75243],[-72.62338,19.75695],[-72.61434,19.75675],[-72.60628,19.7468],[-72.59809,19.72419],[-72.59768,19.71435],[-72.59291,19.70814],[-72.57654,19.71045],[-72.57872,19.71516],[-72.57648,19.72804],[-72.56202,19.73667],[-72.5717,19.73943],[-72.57393,19.74294],[-72.57151,19.74682],[-72.57861,19.75418],[-72.5745,19.76593],[-72.58137,19.76726],[-72.58333,19.7639],[-72.58833,19.76397],[-72.597,19.75879],[-72.63099,19.76602]]]}},{"type":"Feature","properties":{"adm3_name":"8e Section Bas Coq Chante","adm3_pcode":"HT0211-08","adm2_name":"Jacmel","adm1_name":"South-East"},"geometry":{"type":"Polygon","coordinates":[[[-72.56296,18.30324],[-72.5597,18.30909],[-72.5507,18.31207],[-72.55111,18.31929],[-72.54495,18.32385],[-72.54871,18.33079],[-72.54698,18.33248],[-72.56497,18.34017],[-72.56433,18.34703],[-72.56732,18.34861],[-72.57989,18.35268],[-72.587,18.35206],[-72.59619,18.34167],[-72.60139,18.3242],[-72.60826,18.32287],[-72.60574,18.31512],[-72.58984,18.30986],[-72.58416,18.30571],[-72.57194,18.30508],[-72.56595,18.30194],[-72.56296,18.30324]]]}},{"type":"Feature","properties":{"adm3_name":"8e Section Beausejour","adm3_pcode":"HT0121-08","adm2_name":"Leogane","adm1_name":"West"},"geometry":{"type":"Polygon","coordinates":[[[-72.45498,18.43696],[-72.46237,18.43071],[-72.46871,18.42944],[-72.4822,18.41814],[-72.48678,18.42142],[-72.48421,18.42523],[-72.48465,18.43381],[-72.4922,18.43839],[-72.49453,18.43853],[-72.49962,18.43283],[-72.50183,18.42233],[-72.51032,18.41743],[-72.51155,18.42081],[-72.51876,18.42099],[-72.52463,18.42679],[-72.52418,18.43103],[-72.52925,18.43451],[-72.53305,18.43376],[-72.52839,18.42758],[-72.53416,18.41753],[-72.52771,18.41322],[-72.52381,18.40514],[-72.51016,18.39796],[-72.50291,18.40569],[-72.48252,18.40014],[-72.45137,18.39706],[-72.44928,18.40622],[-72.45264,18.41035],[-72.45084,18.4128],[-72.45332,18.41626],[-72.45019,18.42116],[-72.45416,18.42878],[-72.45199,18.43125],[-72.45498,18.43696]]]}},{"type":"Feature","properties":{"adm3_name":"8e Section Belle Fontaine","adm3_pcode":"HT0131-08","adm2_name":"Croix-Des-Bouquets","adm1_name":"West"},"geometry":{"type":"Polygon","coordinates":[[[-72.16145,18.52739],[-72.16609,18.52927],[-72.1707,18.52505],[-72.17442,18.52496],[-72.17761,18.52121],[-72.17109,18.51865],[-72.18465,18.51579],[-72.19494,18.5102],[-72.19664,18.50678],[-72.19734,18.49909],[-72.18896,18.48976],[-72.18763,18.48326],[-72.18376,18.48341],[-72.18508,18.48171],[-72.1827,18.47994],[-72.17805,18.48499],[-72.17562,18.48335],[-72.17761,18.48044],[-72.17351,18.48231],[-72.1687,18.47684],[-72.17112,18.47461],[-72.16607,18.47364],[-72.16823,18.4687],[-72.15936,18.4688],[-72.15958,18.45225],[-72.17547,18.44625],[-72.17628,18.44288],[-72.17376,18.43897],[-72.17894,18.43659],[-72.1797,18.4308],[-72.17742,18.43021],[-72.17384,18.4352],[-72.17092,18.43206],[-72.16677,18.43373],[-72.16493,18.42976],[-72.17033,18.42949],[-72.16771,18.42417],[-72.16032,18.42437],[-72.15305,18.41275],[-72.14371,18.41336],[-72.12907,18.40036],[-72.12992,18.3951],[-72.13635,18.38935],[-72.13283,18.38164],[-72.10902,18.36737],[-72.09879,18.36559],[-72.09033,18.37399],[-72.08659,18.37615],[-72.0827,18.37488],[-72.07859,18.37822],[-72.07941,18.38917],[-72.08097,18.39269],[-72.08572,18.39325],[-72.08476,18.39514],[-72.08912,18.40336],[-72.08608,18.40945],[-72.08873,18.4151],[-72.08294,18.41969],[-72.07408,18.41938],[-72.06527,18.42259],[-72.06403,18.43008],[-72.07288,18.43313],[-72.07719,18.43884],[-72.08389,18.43944],[-72.09292,18.43459],[-72.09564,18.43705],[-72.09539,18.44062],[-72.10177,18.44233],[-72.10315,18.44629],[-72.11201,18.45073],[-72.1121,18.45656],[-72.12107,18.47403],[-72.12076,18.48725],[-72.1163,18.49624],[-72.12058,18.50508],[-72.13095,18.51358],[-72.12983,18.51661],[-72.13221,18.52053],[-72.14815,18.52649],[-72.16145,18.52739]]]}},{"type":"Feature","properties":{"adm3_name":"8e Section Berly","adm3_pcode":"HT0113-08","adm2_name":"Carrefour","adm1_name":"West"},"geometry":{"type":"Polygon","coordinates":[[[-72.39013,18.43227],[-72.39467,18.43393],[-72.40729,18.41715],[-72.40496,18.41021],[-72.40004,18.40629],[-72.3975,18.39587],[-72.39404,18.39177],[-72.38901,18.3916],[-72.38383,18.38777],[-72.38346,18.38014],[-72.37069,18.38138],[-72.3671,18.37806],[-72.35628,18.37972],[-72.35089,18.39104],[-72.3463,18.3936],[-72.34622,18.39859],[-72.34976,18.40046],[-72.35993,18.39803],[-72.36823,18.40096],[-72.3714,18.40862],[-72.38334,18.41237],[-72.38782,18.41621],[-72.38606,18.41965],[-72.39023,18.41932],[-72.39037,18.42385],[-72.38726,18.42825],[-72.39048,18.42957],[-72.39013,18.43227]]]}},{"type":"Feature","properties":{"adm3_name":"8e Section Colline a Mongons","adm3_pcode":"HT0731-08","adm2_name":"Aquin","adm1_name":"South"},"geometry":{"type":"Polygon","coordinates":[[[-73.32923,18.36945],[-73.33643,18.3694],[-73.34659,18.35216],[-73.33759,18.3459],[-73.32708,18.34877],[-73.32184,18.34629],[-73.31636,18.34701],[-73.30311,18.34104],[-73.30104,18.34763],[-73.29838,18.34858],[-73.28476,18.34148],[-73.28162,18.33448],[-73.2648,18.33086],[-73.24842,18.33138],[-73.22859,18.33803],[-73.22655,18.34289],[-73.22817,18.3523],[-73.24723,18.35423],[-73.2608,18.35296],[-73.26683,18.35985],[-73.27706,18.36117],[-73.28687,18.36771],[-73.29508,18.36775],[-73.29403,18.3658],[-73.29631,18.36553],[-73.29944,18.36864],[-73.31871,18.36273],[-73.32923,18.36945]]]}},{"type":"Feature","properties":{"adm3_name":"8e Section Corail-Henri","adm3_pcode":"HT0732-08","adm2_name":"Saint Louis du Sud","adm1_name":"South"},"geometry":{"type":"Polygon","coordinates":[[[-73.498,18.33726],[-73.55459,18.33613],[-73.55443,18.33065],[-73.55828,18.32477],[-73.56662,18.31799],[-73.56566,18.31315],[-73.5417,18.28914],[-73.53668,18.28873],[-73.5341,18.29097],[-73.53361,18.29911],[-73.52492,18.29884],[-73.52523,18.30883],[-73.5151,18.31285],[-73.50985,18.32893],[-73.5015,18.33278],[-73.498,18.33726]]]}},{"type":"Feature","properties":{"adm3_name":"8e Section des Platons","adm3_pcode":"HT0122-08","adm2_name":"Petit-Goave","adm1_name":"West"},"geometry":{"type":"Polygon","coordinates":[[[-72.91456,18.36027],[-72.91986,18.36236],[-72.93516,18.34514],[-72.9313,18.33112],[-72.93373,18.32865],[-72.94416,18.33079],[-72.95621,18.31571],[-72.96241,18.31656],[-72.97596,18.30912],[-72.97858,18.2992],[-72.97752,18.29253],[-72.96584,18.27809],[-72.95824,18.27839],[-72.95291,18.29347],[-72.94287,18.29436],[-72.94064,18.29049],[-72.93482,18.29285],[-72.93016,18.28672],[-72.91355,18.29081],[-72.914,18.29563],[-72.90548,18.29766],[-72.91129,18.30255],[-72.90376,18.30702],[-72.90823,18.31795],[-72.90564,18.31995],[-72.89657,18.31643],[-72.89074,18.31694],[-72.88759,18.32072],[-72.89168,18.32252],[-72.89205,18.329],[-72.88943,18.33744],[-72.88507,18.33835],[-72.88473,18.33537],[-72.88311,18.33584],[-72.88095,18.34554],[-72.90025,18.35353],[-72.90589,18.35884],[-72.91456,18.36027]]]}},{"type":"Feature","properties":{"adm3_name":"8e Section Fond Rouge Dahere","adm3_pcode":"HT0811-08","adm2_name":"Jeremie","adm1_name":"Grande'Anse"},"geometry":{"type":"Polygon","coordinates":[[[-74.1121,18.64325],[-74.13187,18.64908],[-74.16146,18.64859],[-74.16598,18.64636],[-74.17233,18.63596],[-74.18412,18.6375],[-74.21155,18.63439],[-74.22183,18.63136],[-74.22746,18.62624],[-74.20741,18.61935],[-74.19239,18.62408],[-74.18998,18.62172],[-74.17617,18.61879],[-74.16898,18.62095],[-74.14747,18.61507],[-74.1381,18.61532],[-74.12067,18.63],[-74.11565,18.63774],[-74.11141,18.63918],[-74.1121,18.64325]]]}},{"type":"Feature","properties":{"adm3_name":"8e Section Grande Riviere","adm3_pcode":"HT0371-08","adm2_name":"Plaisance","adm1_name":"North"},"geometry":{"type":"Polygon","coordinates":[[[-72.47842,19.59152],[-72.48244,19.59306],[-72.48378,19.58762],[-72.48965,19.58576],[-72.49304,19.58082],[-72.50787,19.57804],[-72.51527,19.58192],[-72.52307,19.57415],[-72.51779,19.56867],[-72.49343,19.55573],[-72.4881,19.54694],[-72.46241,19.52636],[-72.45528,19.52237],[-72.44193,19.52282],[-72.43937,19.53057],[-72.46071,19.54636],[-72.46927,19.55693],[-72.46913,19.56676],[-72.47149,19.56921],[-72.46996,19.58637],[-72.47134,19.58857],[-72.47582,19.58727],[-72.47724,19.58984],[-72.47481,19.59174],[-72.47842,19.59152]]]}},{"type":"Feature","properties":{"adm3_name":"8e Section l'Attalaye","adm3_pcode":"HT0551-08","adm2_name":"Saint-Michel de l'Attalaye","adm1_name":"Artibonite"},"geometry":{"type":"Polygon","coordinates":[[[-72.29323,19.38561],[-72.30186,19.39518],[-72.31417,19.39989],[-72.32041,19.3896],[-72.32284,19.37123],[-72.33289,19.37097],[-72.34081,19.36343],[-72.33825,19.36356],[-72.33164,19.34822],[-72.33552,19.34063],[-72.3325,19.33673],[-72.33355,19.33202],[-72.33126,19.32749],[-72.32217,19.32145],[-72.31947,19.32155],[-72.31877,19.32525],[-72.31208,19.32276],[-72.31198,19.31758],[-72.30629,19.31585],[-72.30502,19.31186],[-72.2988,19.31307],[-72.29454,19.30783],[-72.29762,19.30652],[-72.29639,19.30244],[-72.29018,19.30595],[-72.29241,19.29633],[-72.28837,19.29005],[-72.28034,19.28694],[-72.28175,19.28458],[-72.27893,19.27877],[-72.28244,19.2771],[-72.26102,19.27546],[-72.25024,19.26303],[-72.24233,19.26179],[-72.2367,19.27176],[-72.23116,19.27512],[-72.22659,19.27493],[-72.21796,19.28689],[-72.20331,19.29846],[-72.20071,19.31144],[-72.20837,19.31914],[-72.22396,19.32506],[-72.22435,19.33853],[-72.23076,19.3434],[-72.22775,19.34397],[-72.23329,19.35838],[-72.23029,19.36375],[-72.23235,19.36909],[-72.24149,19.37472],[-72.25167,19.38849],[-72.26244,19.38392],[-72.27364,19.3836],[-72.27784,19.39209],[-72.28286,19.39309],[-72.29046,19.3854],[-72.29323,19.38561]]]}},{"type":"Feature","properties":{"adm3_name":"8e Section Margot","adm3_pcode":"HT0372-08","adm2_name":"Pilate","adm1_name":"North"},"geometry":{"type":"Polygon","coordinates":[[[-72.50277,19.70368],[-72.51373,19.70111],[-72.51763,19.69781],[-72.52093,19.68649],[-72.53139,19.68294],[-72.52903,19.67184],[-72.53531,19.66452],[-72.53132,19.6604],[-72.51548,19.65311],[-72.51737,19.65687],[-72.51407,19.6627],[-72.49927,19.66107],[-72.49302,19.65605],[-72.48819,19.65644],[-72.48228,19.66165],[-72.47146,19.6632],[-72.4759,19.67101],[-72.47407,19.67542],[-72.4815,19.69528],[-72.48578,19.70046],[-72.48856,19.69646],[-72.4914,19.69644],[-72.50277,19.70368]]]}},{"type":"Feature","properties":{"adm3_name":"8e Section Oranger","adm3_pcode":"HT0221-08","adm2_name":"Bainet","adm1_name":"South-East"},"geometry":{"type":"Polygon","coordinates":[[[-72.81657,18.25904],[-72.8181,18.26905],[-72.83483,18.26193],[-72.83722,18.25017],[-72.84172,18.25319],[-72.8553,18.25228],[-72.86017,18.23532],[-72.85501,18.21694],[-72.85949,18.22192],[-72.87522,18.22166],[-72.8825,18.21375],[-72.89257,18.21164],[-72.88974,18.2052],[-72.886,18.20658],[-72.8842,18.20394],[-72.85482,18.19628],[-72.84782,18.19945],[-72.84369,18.20702],[-72.83857,18.20625],[-72.83617,18.20963],[-72.82099,18.20627],[-72.82258,18.21486],[-72.81716,18.21594],[-72.81677,18.21986],[-72.82817,18.22507],[-72.82571,18.22839],[-72.8271,18.23177],[-72.82364,18.23425],[-72.82572,18.24825],[-72.8217,18.25361],[-72.81777,18.25488],[-72.81657,18.25904]]]}},{"type":"Feature","properties":{"adm3_name":"8e Section Ravine Gros Morne","adm3_pcode":"HT0521-08","adm2_name":"Gros Morne","adm1_name":"Artibonite"},"geometry":{"type":"Polygon","coordinates":[[[-72.67984,19.6684],[-72.69278,19.67238],[-72.69687,19.66668],[-72.69313,19.65145],[-72.69348,19.64065],[-72.71316,19.61565],[-72.71333,19.6111],[-72.70873,19.60631],[-72.7026,19.60373],[-72.6872,19.60601],[-72.68226,19.59667],[-72.67218,19.60054],[-72.65635,19.60155],[-72.65756,19.60626],[-72.65421,19.61204],[-72.6176,19.62937],[-72.62332,19.63709],[-72.63157,19.64014],[-72.6308,19.64694],[-72.64103,19.65296],[-72.65352,19.66719],[-72.66275,19.66409],[-72.67301,19.66901],[-72.67984,19.6684]]]}},{"type":"Feature","properties":{"adm3_name":"9e Section Bas des Gris Gris","adm3_pcode":"HT0221-09","adm2_name":"Bainet","adm1_name":"South-East"},"geometry":{"type":"Polygon","coordinates":[[[-72.82652,18.20665],[-72.83617,18.20963],[-72.83857,18.20625],[-72.84369,18.20702],[-72.84782,18.19945],[-72.85482,18.19628],[-72.8842,18.20394],[-72.89157,18.18372],[-72.90015,18.1693],[-72.90203,18.15492],[-72.89434,18.15113],[-72.88619,18.15119],[-72.88553,18.14894],[-72.8735,18.14979],[-72.85938,18.14389],[-72.85254,18.14415],[-72.84827,18.15083],[-72.83607,18.14961],[-72.8218,18.14199],[-72.81577,18.14189],[-72.80589,18.14667],[-72.7929,18.14496],[-72.78692,18.14735],[-72.78254,18.15037],[-72.78304,18.1589],[-72.77961,18.16027],[-72.75743,18.15453],[-72.74757,18.15547],[-72.74843,18.16043],[-72.76091,18.1706],[-72.75587,18.18],[-72.76263,18.18083],[-72.76592,18.17559],[-72.76992,18.17519],[-72.77746,18.17838],[-72.78325,18.1844],[-72.79143,18.18172],[-72.79595,18.19037],[-72.81403,18.19272],[-72.81188,18.20006],[-72.81607,18.20567],[-72.82652,18.20665]]]}},{"type":"Feature","properties":{"adm3_name":"9e Section Bizoton","adm3_pcode":"HT0113-09","adm2_name":"Carrefour","adm1_name":"West"},"geometry":{"type":"Polygon","coordinates":[[[-72.37646,18.53382],[-72.37814,18.53395],[-72.38254,18.52256],[-72.38341,18.50486],[-72.38075,18.49734],[-72.37324,18.494],[-72.36659,18.49808],[-72.36849,18.50282],[-72.36714,18.51013],[-72.368,18.51671],[-72.37116,18.52025],[-72.36939,18.52348],[-72.37064,18.53357],[-72.37646,18.53382]]]}},{"type":"Feature","properties":{"adm3_name":"9e Section Citronniers","adm3_pcode":"HT0121-09","adm2_name":"Leogane","adm1_name":"West"},"geometry":{"type":"Polygon","coordinates":[[[-72.55188,18.47289],[-72.5558,18.47591],[-72.5758,18.45187],[-72.5744,18.44608],[-72.57222,18.44519],[-72.56925,18.4484],[-72.56527,18.44474],[-72.56205,18.43888],[-72.56096,18.42148],[-72.55542,18.41822],[-72.56047,18.41536],[-72.5701,18.41509],[-72.57215,18.41011],[-72.57027,18.405],[-72.55876,18.40761],[-72.55282,18.40482],[-72.54859,18.40721],[-72.54055,18.40549],[-72.52949,18.41445],[-72.53416,18.41753],[-72.52837,18.42911],[-72.5321,18.43199],[-72.53716,18.44268],[-72.5459,18.45068],[-72.5419,18.45328],[-72.54552,18.45709],[-72.54466,18.4615],[-72.54676,18.46267],[-72.55437,18.45861],[-72.55941,18.46507],[-72.55969,18.46722],[-72.55188,18.47289]]]}},{"type":"Feature","properties":{"adm3_name":"9e Section des Crochus","adm3_pcode":"HT0131-09","adm2_name":"Croix-Des-Bouquets","adm1_name":"West"},"geometry":{"type":"Polygon","coordinates":[[[-72.22907,18.77811],[-72.23718,18.77746],[-72.25076,18.78323],[-72.25729,18.78914],[-72.26217,18.78926],[-72.26449,18.77721],[-72.258,18.7671],[-72.26462,18.75581],[-72.26491,18.74793],[-72.27097,18.74627],[-72.2684,18.74272],[-72.27035,18.73532],[-72.26486,18.7278],[-72.27594,18.71976],[-72.27433,18.71642],[-72.27768,18.71198],[-72.28734,18.71017],[-72.28822,18.70658],[-72.27573,18.69816],[-72.27865,18.69399],[-72.2762,18.6884],[-72.27619,18.67659],[-72.2809,18.67249],[-72.2833,18.6593],[-72.27082,18.6504],[-72.25932,18.65965],[-72.24479,18.65209],[-72.23775,18.65153],[-72.24429,18.69287],[-72.24074,18.69716],[-72.24182,18.70329],[-72.23814,18.707],[-72.23746,18.71671],[-72.23538,18.71844],[-72.23971,18.72617],[-72.23909,18.7303],[-72.2306,18.73814],[-72.23099,18.75275],[-72.22159,18.75694],[-72.2265,18.76696],[-72.22583,18.77626],[-72.22907,18.77811]]]}},{"type":"Feature","properties":{"adm3_name":"9e Section des Palmes","adm3_pcode":"HT0122-09","adm2_name":"Petit-Goave","adm1_name":"West"},"geometry":{"type":"Polygon","coordinates":[[[-72.86354,18.33612],[-72.87687,18.34185],[-72.88134,18.34126],[-72.88311,18.33584],[-72.88473,18.33537],[-72.88507,18.33835],[-72.88943,18.33744],[-72.89261,18.32538],[-72.88759,18.32072],[-72.89074,18.31694],[-72.89657,18.31643],[-72.90564,18.31995],[-72.90823,18.31795],[-72.90376,18.30702],[-72.91129,18.30255],[-72.90548,18.29766],[-72.914,18.29563],[-72.91385,18.29274],[-72.91355,18.29081],[-72.90741,18.29045],[-72.8897,18.29512],[-72.89621,18.28775],[-72.89493,18.28633],[-72.89109,18.28251],[-72.88311,18.28139],[-72.88387,18.27651],[-72.86658,18.2637],[-72.8593,18.25907],[-72.85339,18.2583],[-72.85065,18.26344],[-72.85607,18.2736],[-72.85627,18.2812],[-72.86343,18.28645],[-72.86331,18.29117],[-72.85858,18.29907],[-72.86507,18.30773],[-72.85402,18.31568],[-72.85376,18.31983],[-72.86064,18.32352],[-72.85753,18.32925],[-72.86354,18.33612]]]}},{"type":"Feature","properties":{"adm3_name":"9e Section Fond des Blancs","adm3_pcode":"HT0731-09","adm2_name":"Aquin","adm1_name":"South"},"geometry":{"type":"Polygon","coordinates":[[[-73.12422,18.31992],[-73.13623,18.32011],[-73.14014,18.31575],[-73.14776,18.32422],[-73.18195,18.33333],[-73.18439,18.32127],[-73.16953,18.31088],[-73.16303,18.31026],[-73.16356,18.30323],[-73.16913,18.30173],[-73.1701,18.29841],[-73.16957,18.28541],[-73.1485,18.26856],[-73.13602,18.26704],[-73.12998,18.25815],[-73.11848,18.25738],[-73.11318,18.24953],[-73.10574,18.24458],[-73.10457,18.26451],[-73.09314,18.26638],[-73.09567,18.27817],[-73.09211,18.28479],[-73.09231,18.29248],[-73.09384,18.29797],[-73.10208,18.30714],[-73.11129,18.30758],[-73.12422,18.31992]]]}},{"type":"Feature","properties":{"adm3_name":"9e Section Fond Rouge Torbeck","adm3_pcode":"HT0811-09","adm2_name":"Jeremie","adm1_name":"Grande'Anse"},"geometry":{"type":"Polygon","coordinates":[[[-74.19441,18.6743],[-74.21486,18.67483],[-74.21426,18.66339],[-74.23153,18.65759],[-74.23352,18.65456],[-74.2319,18.64581],[-74.22037,18.63191],[-74.18412,18.6375],[-74.17233,18.63596],[-74.16598,18.64636],[-74.16146,18.64859],[-74.12878,18.64873],[-74.12021,18.64668],[-74.11512,18.64271],[-74.10883,18.6456],[-74.11927,18.65104],[-74.11983,18.65431],[-74.12676,18.65357],[-74.13015,18.65893],[-74.14039,18.66371],[-74.14623,18.65978],[-74.15579,18.66646],[-74.19441,18.6743]]]}},{"type":"Feature","properties":{"adm3_name":"9e Section Haut Coq Chante","adm3_pcode":"HT0211-09","adm2_name":"Jacmel","adm1_name":"South-East"},"geometry":{"type":"Polygon","coordinates":[[[-72.61157,18.32651],[-72.6223,18.34444],[-72.64195,18.34559],[-72.64195,18.33064],[-72.64859,18.32607],[-72.64523,18.32316],[-72.64128,18.32338],[-72.63395,18.31585],[-72.63474,18.31271],[-72.63191,18.31246],[-72.63096,18.30577],[-72.62799,18.30239],[-72.62997,18.29734],[-72.62444,18.29499],[-72.62054,18.28766],[-72.6166,18.28956],[-72.60133,18.28119],[-72.59125,18.28158],[-72.58946,18.27734],[-72.58274,18.27565],[-72.58171,18.27309],[-72.56879,18.27347],[-72.56279,18.2674],[-72.56069,18.27239],[-72.56487,18.27522],[-72.56147,18.27912],[-72.56717,18.2815],[-72.56289,18.28848],[-72.56601,18.29433],[-72.5698,18.29329],[-72.56927,18.30274],[-72.57194,18.30508],[-72.58416,18.30571],[-72.58984,18.30986],[-72.60574,18.31512],[-72.61157,18.32651]]]}},{"type":"Feature","properties":{"adm3_name":"La Hoye","adm3_pcode":"HT0613-04","adm2_name":"Thomonde","adm1_name":"Centre"},"geometry":{"type":"Polygon","coordinates":[[[-71.98296,18.96216],[-71.99693,18.96866],[-72.00051,18.96659],[-72.00082,18.96171],[-72.00462,18.9631],[-72.00762,18.95847],[-72.00701,18.95398],[-71.9991,18.9415],[-71.99678,18.92463],[-72.01965,18.90666],[-72.03113,18.90559],[-72.04009,18.89955],[-72.03751,18.8957],[-72.03392,18.89248],[-72.02841,18.89372],[-72.02927,18.88962],[-72.02243,18.88065],[-72.02124,18.88991],[-72.01689,18.89158],[-72.01771,18.89401],[-72.01461,18.89759],[-72.00819,18.89913],[-72.00762,18.90332],[-71.99896,18.90123],[-71.99203,18.9061],[-71.97913,18.90051],[-71.97697,18.88284],[-71.98076,18.87967],[-71.97914,18.87745],[-71.97422,18.87712],[-71.9653,18.87017],[-71.96098,18.87294],[-71.94456,18.85794],[-71.94006,18.85973],[-71.93897,18.85118],[-71.93655,18.85578],[-71.9319,18.85107],[-71.9289,18.85108],[-71.93198,18.85416],[-71.92835,18.85872],[-71.92562,18.85268],[-71.92312,18.85257],[-71.92375,18.85597],[-71.91006,18.85476],[-71.91005,18.85725],[-71.91351,18.85855],[-71.9037,18.86123],[-71.89916,18.8678],[-71.8886,18.87388],[-71.89276,18.87564],[-71.89063,18.87952],[-71.90188,18.87375],[-71.91146,18.88053],[-71.9155,18.87987],[-71.91548,18.88265],[-71.9144,18.88632],[-71.90581,18.88789],[-71.90579,18.8916],[-71.88543,18.90558],[-71.88322,18.9132],[-71.88704,18.91078],[-71.89003,18.91233],[-71.89097,18.9172],[-71.88485,18.93386],[-71.88331,18.95147],[-71.89018,18.95383],[-71.90707,18.95279],[-71.91763,18.94584],[-71.93941,18.95202],[-71.95141,18.9408],[-71.97445,18.94861],[-71.96931,18.95702],[-71.97472,18.95652],[-71.98296,18.96216]]]}}]}