{"type":"FeatureCollection","features":[{"type":"Feature","properties":{"arrondissement":"Dessalines","adm1_name":"Artibonite","complete":true,"communeCount":4},"geometry":{"type":"Polygon","coordinates":[[[-72.25441,19.16696],[-72.25507,19.16112],[-72.2425,19.15615],[-72.23126,19.14199],[-72.2196,19.13095],[-72.22078,19.12724],[-72.23945,19.118],[-72.24064,19.11574],[-72.23881,19.10927],[-72.23976,19.10432],[-72.23853,19.09992],[-72.22176,19.08344],[-72.22187,19.08038],[-72.2267,19.07261],[-72.22884,19.06279],[-72.23252,19.05587],[-72.2401,19.04981],[-72.24138,19.0435],[-72.23852,19.03682],[-72.24538,19.0331],[-72.24837,19.02921],[-72.24855,19.02688],[-72.24788,19.02276],[-72.2445,19.0173],[-72.2445,19.01048],[-72.23784,19.00205],[-72.23699,18.99311],[-72.24029,18.98867],[-72.24098,18.98514],[-72.23822,18.97035],[-72.2367,18.96692],[-72.22496,18.95641],[-72.22685,18.94833],[-72.23774,18.93803],[-72.23755,18.93246],[-72.24278,18.92455],[-72.24393,18.91821],[-72.246,18.91997],[-72.25413,18.91736],[-72.25994,18.91691],[-72.26679,18.92159],[-72.27167,18.91434],[-72.27971,18.91817],[-72.28406,18.92353],[-72.28867,18.91996],[-72.30949,18.93166],[-72.31772,18.93976],[-72.32019,18.93872],[-72.32565,18.94237],[-72.34078,18.9575],[-72.341,18.95979],[-72.33897,18.96205],[-72.33833,18.97012],[-72.34292,18.97309],[-72.34127,18.97559],[-72.34372,18.97623],[-72.34592,18.97032],[-72.34942,18.96797],[-72.35144,18.96921],[-72.35139,18.9749],[-72.35418,18.97574],[-72.35592,18.9738],[-72.35563,18.97126],[-72.35699,18.96945],[-72.35839,18.97014],[-72.36595,18.97795],[-72.36615,18.98468],[-72.36023,18.98407],[-72.35762,18.9824],[-72.3545,18.98454],[-72.35436,18.98821],[-72.35625,18.99021],[-72.36122,18.98874],[-72.36522,18.98945],[-72.36729,18.99134],[-72.3728,18.98922],[-72.37359,18.99209],[-72.36855,18.9961],[-72.36853,19.00395],[-72.37328,19.00514],[-72.37573,19.00769],[-72.37681,19.01147],[-72.38084,19.01215],[-72.38213,19.01486],[-72.38617,19.01623],[-72.37988,19.02328],[-72.37975,19.02555],[-72.39121,19.03392],[-72.39725,19.03331],[-72.40101,19.03588],[-72.40497,19.0361],[-72.40864,19.04046],[-72.41356,19.03887],[-72.41442,19.04452],[-72.41637,19.04594],[-72.41914,19.04626],[-72.41984,19.04411],[-72.41761,19.03667],[-72.4186,19.03501],[-72.42175,19.03698],[-72.42659,19.04602],[-72.43096,19.04405],[-72.43489,19.04505],[-72.43638,19.0481],[-72.43512,19.05345],[-72.44028,19.05718],[-72.44088,19.06284],[-72.44845,19.06451],[-72.45226,19.0704],[-72.44998,19.0768],[-72.44982,19.08298],[-72.45353,19.08426],[-72.46302,19.08316],[-72.46526,19.07826],[-72.46432,19.076],[-72.46839,19.07231],[-72.47307,19.07575],[-72.47151,19.07955],[-72.46846,19.08117],[-72.46817,19.08241],[-72.47021,19.08424],[-72.47398,19.08474],[-72.47745,19.08297],[-72.47826,19.08081],[-72.47697,19.07832],[-72.47932,19.0771],[-72.48027,19.0816],[-72.48275,19.08342],[-72.48286,19.08509],[-72.48078,19.08669],[-72.48139,19.09094],[-72.48787,19.09158],[-72.48913,19.09321],[-72.48608,19.09715],[-72.48347,19.0971],[-72.47948,19.09232],[-72.47496,19.0923],[-72.47326,19.09352],[-72.47452,19.0983],[-72.47904,19.0997],[-72.4797,19.10142],[-72.47509,19.1081],[-72.47647,19.11681],[-72.48042,19.11825],[-72.48175,19.12014],[-72.49018,19.11877],[-72.49145,19.11981],[-72.49203,19.12246],[-72.48802,19.12649],[-72.49311,19.12503],[-72.49448,19.12008],[-72.49889,19.12063],[-72.50451,19.12503],[-72.50437,19.12873],[-72.50731,19.13173],[-72.5064,19.13559],[-72.51362,19.13304],[-72.51554,19.12997],[-72.51956,19.1308],[-72.51899,19.13632],[-72.51403,19.13871],[-72.51878,19.14385],[-72.51813,19.14669],[-72.51613,19.14827],[-72.5122,19.14806],[-72.51306,19.15269],[-72.51493,19.15393],[-72.52112,19.15445],[-72.52487,19.15083],[-72.53251,19.14815],[-72.53932,19.14066],[-72.55259,19.14901],[-72.55616,19.14766],[-72.55911,19.14443],[-72.56319,19.14607],[-72.56416,19.14206],[-72.56558,19.14093],[-72.57368,19.13927],[-72.57946,19.14225],[-72.58062,19.14485],[-72.57962,19.14969],[-72.58254,19.15287],[-72.588,19.14841],[-72.59166,19.14966],[-72.59594,19.14935],[-72.59841,19.15166],[-72.5989,19.15771],[-72.602,19.15847],[-72.60823,19.15634],[-72.60465,19.15267],[-72.60455,19.15113],[-72.60683,19.14929],[-72.61506,19.15466],[-72.61675,19.15731],[-72.62098,19.15757],[-72.62523,19.16328],[-72.62908,19.16587],[-72.62615,19.17007],[-72.62252,19.16923],[-72.61957,19.16503],[-72.61699,19.16561],[-72.6195,19.17132],[-72.62534,19.17146],[-72.62636,19.17544],[-72.62451,19.1823],[-72.61958,19.18056],[-72.61516,19.1831],[-72.61473,19.18573],[-72.61705,19.18834],[-72.62417,19.18865],[-72.62332,19.19578],[-72.62078,19.19633],[-72.62112,19.19309],[-72.61999,19.19205],[-72.6155,19.19254],[-72.61128,19.18534],[-72.60972,19.18504],[-72.60779,19.19015],[-72.60456,19.19163],[-72.60738,19.19913],[-72.6006,19.20152],[-72.60228,19.2037],[-72.60807,19.20373],[-72.61059,19.20674],[-72.61488,19.20583],[-72.61445,19.21043],[-72.61744,19.2132],[-72.61554,19.21642],[-72.61172,19.21446],[-72.61158,19.21094],[-72.61034,19.20976],[-72.60581,19.20877],[-72.6033,19.21095],[-72.61094,19.21639],[-72.61203,19.21974],[-72.61661,19.2185],[-72.62027,19.22111],[-72.6211,19.21289],[-72.62371,19.21278],[-72.62827,19.2157],[-72.63449,19.21234],[-72.63569,19.21389],[-72.63529,19.2167],[-72.62949,19.22118],[-72.62929,19.2225],[-72.63545,19.22468],[-72.634,19.22913],[-72.6348,19.23064],[-72.63865,19.22897],[-72.64107,19.22125],[-72.64244,19.22038],[-72.64363,19.22138],[-72.64255,19.22521],[-72.64684,19.22885],[-72.65388,19.22812],[-72.65543,19.22472],[-72.65941,19.22087],[-72.66025,19.22434],[-72.66596,19.22153],[-72.6714,19.2265],[-72.6681,19.23954],[-72.66381,19.23963],[-72.66305,19.24064],[-72.66838,19.24191],[-72.67095,19.24677],[-72.67342,19.24648],[-72.67848,19.24896],[-72.68393,19.24975],[-72.6856,19.25264],[-72.68408,19.25659],[-72.68587,19.2578],[-72.68921,19.25441],[-72.68819,19.25112],[-72.68861,19.24903],[-72.69132,19.24756],[-72.69066,19.24332],[-72.69492,19.24593],[-72.6965,19.24853],[-72.69637,19.25175],[-72.69318,19.25505],[-72.69759,19.25812],[-72.70382,19.25514],[-72.70444,19.25017],[-72.7064,19.24875],[-72.71014,19.2499],[-72.7129,19.24825],[-72.7123,19.24562],[-72.70688,19.24422],[-72.70679,19.24226],[-72.709,19.24157],[-72.71295,19.24328],[-72.71651,19.24809],[-72.71812,19.24474],[-72.72065,19.24416],[-72.72165,19.24625],[-72.72019,19.24861],[-72.72096,19.25006],[-72.72365,19.24936],[-72.72497,19.24733],[-72.72636,19.24777],[-72.73013,19.25378],[-72.73063,19.259],[-72.7327,19.25843],[-72.73284,19.2553],[-72.73659,19.25399],[-72.73995,19.25591],[-72.73993,19.25758],[-72.74594,19.25667],[-72.74636,19.26142],[-72.74909,19.25772],[-72.74789,19.25148],[-72.75036,19.25376],[-72.75204,19.25259],[-72.75257,19.24894],[-72.75464,19.25567],[-72.75968,19.25679],[-72.76086,19.25561],[-72.75622,19.24796],[-72.76099,19.25061],[-72.77076,19.24839],[-72.77545,19.2398],[-72.77952,19.23769],[-72.77654,19.24119],[-72.77491,19.24612],[-72.77405,19.26895],[-72.77307,19.26717],[-72.76991,19.26685],[-72.76668,19.27291],[-72.76706,19.27645],[-72.7705,19.27988],[-72.77183,19.28001],[-72.77338,19.27642],[-72.77256,19.28229],[-72.7735,19.28432],[-72.7667,19.28364],[-72.74719,19.27796],[-72.74324,19.27965],[-72.7408,19.28236],[-72.73825,19.28839],[-72.73933,19.29036],[-72.73639,19.29352],[-72.73153,19.29293],[-72.73094,19.29174],[-72.73267,19.28875],[-72.73198,19.28726],[-72.72869,19.28373],[-72.7249,19.28304],[-72.71893,19.28719],[-72.71518,19.29683],[-72.71677,19.29934],[-72.72042,19.30053],[-72.72198,19.30291],[-72.72639,19.30386],[-72.72856,19.30205],[-72.72712,19.30286],[-72.72659,19.30153],[-72.72959,19.3011],[-72.73052,19.29795],[-72.73247,19.29749],[-72.73095,19.29949],[-72.73236,19.3007],[-72.73086,19.30367],[-72.73376,19.3072],[-72.72787,19.30479],[-72.7194,19.30524],[-72.71937,19.30652],[-72.73238,19.31099],[-72.72588,19.31842],[-72.72658,19.32133],[-72.72498,19.32121],[-72.72732,19.3222],[-72.72842,19.32572],[-72.73096,19.32636],[-72.74483,19.32458],[-72.74765,19.32131],[-72.75008,19.32359],[-72.74795,19.32516],[-72.75483,19.32512],[-72.75826,19.32786],[-72.75569,19.32983],[-72.75693,19.33059],[-72.76106,19.32964],[-72.75995,19.34414],[-72.76167,19.34423],[-72.76415,19.341],[-72.76908,19.34296],[-72.76968,19.34019],[-72.7704,19.34079],[-72.77363,19.3458],[-72.76964,19.36415],[-72.76511,19.37187],[-72.75638,19.37598],[-72.74811,19.37535],[-72.73733,19.36356],[-72.73559,19.36464],[-72.7332,19.36293],[-72.73284,19.36487],[-72.73129,19.36478],[-72.72617,19.36904],[-72.7238,19.3684],[-72.71893,19.36253],[-72.71871,19.3602],[-72.717,19.35966],[-72.7142,19.3615],[-72.71187,19.36039],[-72.71034,19.35564],[-72.70699,19.35525],[-72.70222,19.3509],[-72.7015,19.34475],[-72.69632,19.33942],[-72.68031,19.33496],[-72.67069,19.32835],[-72.66387,19.32535],[-72.6619,19.32047],[-72.65686,19.31642],[-72.65289,19.31739],[-72.6514,19.31646],[-72.65163,19.31324],[-72.64657,19.3038],[-72.62961,19.30202],[-72.62347,19.30417],[-72.62072,19.30335],[-72.61674,19.29873],[-72.61153,19.30067],[-72.61057,19.29904],[-72.60777,19.30102],[-72.60864,19.30343],[-72.60691,19.30513],[-72.59959,19.30609],[-72.59366,19.31149],[-72.59038,19.31065],[-72.58274,19.30404],[-72.56485,19.30242],[-72.56224,19.30496],[-72.56254,19.30889],[-72.56005,19.31316],[-72.5548,19.31363],[-72.5502,19.31692],[-72.54645,19.31766],[-72.54081,19.31187],[-72.53805,19.31244],[-72.53389,19.31523],[-72.53008,19.32592],[-72.52354,19.33084],[-72.5106,19.33244],[-72.51053,19.33672],[-72.50844,19.33757],[-72.49779,19.33717],[-72.49478,19.33162],[-72.48982,19.3287],[-72.48705,19.32518],[-72.48267,19.3135],[-72.47247,19.30428],[-72.45977,19.29692],[-72.45658,19.29346],[-72.45511,19.2884],[-72.42772,19.26035],[-72.42617,19.25677],[-72.41934,19.25014],[-72.41429,19.2481],[-72.41238,19.24602],[-72.4093,19.24482],[-72.40458,19.24961],[-72.38988,19.24128],[-72.38415,19.24411],[-72.37811,19.24204],[-72.36476,19.22971],[-72.36194,19.23114],[-72.35435,19.23135],[-72.3487,19.2256],[-72.33756,19.22191],[-72.32735,19.2158],[-72.32295,19.21443],[-72.31762,19.21551],[-72.31156,19.21389],[-72.30456,19.20771],[-72.29862,19.20536],[-72.28675,19.20908],[-72.28419,19.20926],[-72.2813,19.20707],[-72.27724,19.21126],[-72.27413,19.21305],[-72.26801,19.21339],[-72.26576,19.21608],[-72.25877,19.20951],[-72.25752,19.20673],[-72.25791,19.20239],[-72.26329,19.19542],[-72.26432,19.19166],[-72.26089,19.18769],[-72.2603,19.17672],[-72.25441,19.16696]]]}},{"type":"Feature","properties":{"arrondissement":"Gonaïves","adm1_name":"Artibonite","complete":true,"communeCount":3},"geometry":{"type":"Polygon","coordinates":[[[-72.51041,19.33551],[-72.5106,19.33244],[-72.52354,19.33084],[-72.53008,19.32592],[-72.53389,19.31523],[-72.53805,19.31244],[-72.54081,19.31187],[-72.54645,19.31766],[-72.5502,19.31692],[-72.5548,19.31363],[-72.56005,19.31316],[-72.56254,19.30889],[-72.56224,19.30496],[-72.56485,19.30242],[-72.58274,19.30404],[-72.59038,19.31065],[-72.59366,19.31149],[-72.59959,19.30609],[-72.60691,19.30513],[-72.60864,19.30343],[-72.60777,19.30102],[-72.61057,19.29904],[-72.61153,19.30067],[-72.61674,19.29873],[-72.62072,19.30335],[-72.62347,19.30417],[-72.62961,19.30202],[-72.64657,19.3038],[-72.65163,19.31324],[-72.6514,19.31646],[-72.65289,19.31739],[-72.65686,19.31642],[-72.6619,19.32047],[-72.66387,19.32535],[-72.67069,19.32835],[-72.68031,19.33496],[-72.69632,19.33942],[-72.7015,19.34475],[-72.70222,19.3509],[-72.70699,19.35525],[-72.71034,19.35564],[-72.71187,19.36039],[-72.7142,19.3615],[-72.717,19.35966],[-72.71871,19.3602],[-72.71893,19.36253],[-72.7238,19.3684],[-72.72357,19.37131],[-72.71898,19.37883],[-72.71633,19.37961],[-72.71381,19.38478],[-72.71245,19.38455],[-72.71112,19.38659],[-72.71347,19.39087],[-72.7126,19.39362],[-72.71559,19.39694],[-72.71618,19.39606],[-72.72033,19.39779],[-72.72967,19.40311],[-72.72629,19.41544],[-72.72689,19.42008],[-72.7236,19.42705],[-72.71727,19.43119],[-72.71371,19.42263],[-72.71744,19.41519],[-72.71428,19.41291],[-72.70446,19.40984],[-72.70551,19.40869],[-72.7047,19.4072],[-72.70986,19.40346],[-72.7104,19.40167],[-72.702,19.39337],[-72.69533,19.39893],[-72.68645,19.402],[-72.68368,19.40465],[-72.68223,19.40875],[-72.68214,19.41203],[-72.68575,19.41595],[-72.68933,19.4167],[-72.689,19.41949],[-72.69031,19.42166],[-72.69666,19.42698],[-72.70041,19.42786],[-72.70047,19.44158],[-72.69726,19.44335],[-72.69815,19.44483],[-72.69678,19.44695],[-72.69701,19.4519],[-72.70331,19.45513],[-72.69629,19.45555],[-72.69706,19.4589],[-72.69858,19.4575],[-72.70576,19.45851],[-72.71387,19.45473],[-72.71456,19.45362],[-72.71264,19.4529],[-72.70921,19.4541],[-72.71009,19.45238],[-72.71445,19.45071],[-72.71435,19.4494],[-72.71564,19.4503],[-72.71598,19.44947],[-72.71749,19.45249],[-72.72234,19.45232],[-72.72191,19.45577],[-72.72155,19.45305],[-72.71919,19.45335],[-72.71835,19.45532],[-72.72401,19.45783],[-72.7323,19.45226],[-72.73084,19.4501],[-72.73184,19.44738],[-72.73949,19.44705],[-72.74466,19.44485],[-72.75397,19.44641],[-72.75996,19.44962],[-72.76187,19.45243],[-72.7704,19.45358],[-72.77643,19.46635],[-72.78284,19.47646],[-72.80509,19.50114],[-72.80067,19.50604],[-72.79731,19.50713],[-72.79321,19.511],[-72.79075,19.51869],[-72.78545,19.52149],[-72.7829,19.52816],[-72.7781,19.52005],[-72.76915,19.51401],[-72.76586,19.51333],[-72.76261,19.51405],[-72.75063,19.52308],[-72.74445,19.52137],[-72.74088,19.52177],[-72.72994,19.53153],[-72.73043,19.53413],[-72.72817,19.53643],[-72.73062,19.54331],[-72.73839,19.54207],[-72.74261,19.54916],[-72.74582,19.551],[-72.74805,19.55899],[-72.74231,19.55931],[-72.73942,19.56113],[-72.73995,19.56753],[-72.74382,19.57179],[-72.74434,19.5753],[-72.74314,19.57596],[-72.7346,19.57244],[-72.73085,19.57658],[-72.72164,19.5813],[-72.71864,19.58555],[-72.72001,19.58966],[-72.72311,19.59011],[-72.72842,19.59475],[-72.72918,19.59653],[-72.72689,19.60235],[-72.71797,19.60337],[-72.71468,19.60806],[-72.71494,19.61048],[-72.71333,19.6111],[-72.70956,19.60886],[-72.70873,19.60631],[-72.7026,19.60373],[-72.6872,19.60601],[-72.6874,19.60357],[-72.68226,19.59667],[-72.67218,19.60054],[-72.66403,19.60147],[-72.66176,19.60038],[-72.65635,19.60155],[-72.65756,19.60626],[-72.65538,19.60831],[-72.65421,19.61204],[-72.64808,19.61342],[-72.64581,19.61585],[-72.63569,19.61972],[-72.62925,19.62541],[-72.6176,19.62937],[-72.62023,19.63366],[-72.60577,19.64957],[-72.57084,19.64418],[-72.56917,19.63391],[-72.56513,19.62645],[-72.54148,19.59876],[-72.54138,19.59266],[-72.54305,19.59039],[-72.53832,19.58476],[-72.53588,19.58257],[-72.52951,19.58086],[-72.52574,19.57815],[-72.52128,19.5815],[-72.51527,19.58192],[-72.52307,19.57415],[-72.52114,19.57124],[-72.50729,19.56216],[-72.50052,19.56061],[-72.49343,19.55573],[-72.4881,19.54694],[-72.46241,19.52636],[-72.45679,19.52417],[-72.45528,19.52237],[-72.4472,19.52139],[-72.44602,19.51763],[-72.43942,19.51281],[-72.43539,19.51505],[-72.43182,19.50839],[-72.41666,19.50049],[-72.41499,19.49851],[-72.41402,19.4915],[-72.40968,19.48436],[-72.40405,19.48059],[-72.40448,19.47768],[-72.40252,19.47527],[-72.40349,19.47224],[-72.40729,19.4697],[-72.41274,19.46985],[-72.41747,19.46488],[-72.41649,19.46332],[-72.40216,19.46164],[-72.39299,19.46711],[-72.38713,19.46658],[-72.3798,19.47022],[-72.37514,19.46317],[-72.3731,19.46361],[-72.37021,19.47017],[-72.36347,19.47707],[-72.35753,19.477],[-72.35767,19.47327],[-72.36187,19.46856],[-72.36254,19.46503],[-72.36613,19.46042],[-72.37809,19.45746],[-72.38197,19.45313],[-72.38171,19.44802],[-72.37806,19.44316],[-72.37917,19.44075],[-72.38766,19.44462],[-72.38727,19.43905],[-72.39,19.43552],[-72.38873,19.42987],[-72.38979,19.42631],[-72.40628,19.4223],[-72.41231,19.41852],[-72.41392,19.41582],[-72.41083,19.40879],[-72.41223,19.40756],[-72.42022,19.40707],[-72.42184,19.40562],[-72.42688,19.40517],[-72.42481,19.4012],[-72.42516,19.39858],[-72.43687,19.39724],[-72.44718,19.40467],[-72.45954,19.40714],[-72.45777,19.40241],[-72.45395,19.40075],[-72.45225,19.39543],[-72.46276,19.3921],[-72.46566,19.38945],[-72.46761,19.38386],[-72.47746,19.38326],[-72.47854,19.38219],[-72.4766,19.3794],[-72.47735,19.37765],[-72.48229,19.3747],[-72.48601,19.36848],[-72.49174,19.37015],[-72.4953,19.36974],[-72.49612,19.36766],[-72.49488,19.36287],[-72.49605,19.35988],[-72.49349,19.35606],[-72.49331,19.35343],[-72.49656,19.33714],[-72.50844,19.33757],[-72.51053,19.33672],[-72.51041,19.33551]]]}},{"type":"Feature","properties":{"arrondissement":"Gros-Morne","adm1_name":"Artibonite","complete":true,"communeCount":3},"geometry":{"type":"Polygon","coordinates":[[[-72.78477,19.52349],[-72.78674,19.52024],[-72.79075,19.51869],[-72.79321,19.511],[-72.79731,19.50713],[-72.80067,19.50604],[-72.80509,19.50114],[-72.82185,19.51427],[-72.82589,19.51368],[-72.82884,19.51576],[-72.83307,19.51614],[-72.84846,19.53112],[-72.85684,19.53299],[-72.86237,19.53733],[-72.87161,19.54083],[-72.87544,19.54065],[-72.88076,19.54259],[-72.883,19.54129],[-72.88702,19.54161],[-72.88671,19.54561],[-72.89005,19.54452],[-72.90239,19.55348],[-72.9209,19.56214],[-72.94672,19.56973],[-72.95145,19.57299],[-72.95524,19.5733],[-72.95746,19.57509],[-72.96214,19.57553],[-72.96294,19.5764],[-72.96206,19.57777],[-72.96368,19.57976],[-72.96801,19.58023],[-72.97838,19.58723],[-72.97892,19.59302],[-72.97736,19.59335],[-72.97721,19.59476],[-72.97911,19.59594],[-72.98107,19.59308],[-72.98008,19.5903],[-72.98174,19.59018],[-72.98261,19.59173],[-72.98471,19.59142],[-72.98555,19.59412],[-72.99331,19.59717],[-72.99823,19.60203],[-72.99142,19.61172],[-72.99396,19.61376],[-72.99961,19.61094],[-73.00022,19.60733],[-73.00292,19.60468],[-73.01519,19.60606],[-73.01407,19.60922],[-73.02315,19.60954],[-73.0307,19.61481],[-73.03703,19.61704],[-73.03753,19.61877],[-73.05338,19.63032],[-73.09898,19.64185],[-73.10709,19.64157],[-73.11404,19.63946],[-73.11599,19.63739],[-73.11741,19.63787],[-73.12205,19.63194],[-73.12819,19.63344],[-73.13139,19.63817],[-73.13625,19.64045],[-73.13631,19.64367],[-73.13065,19.65077],[-73.12894,19.6567],[-73.11838,19.67636],[-73.11745,19.681],[-73.11909,19.6846],[-73.11771,19.68734],[-73.1184,19.68981],[-73.12223,19.69241],[-73.1206,19.70207],[-73.11598,19.70306],[-73.10711,19.69665],[-73.10377,19.69637],[-73.10173,19.69954],[-73.10563,19.70256],[-73.10323,19.70581],[-73.08707,19.71445],[-73.08006,19.73123],[-73.07348,19.73301],[-73.07004,19.73128],[-73.06616,19.73592],[-73.06156,19.73883],[-73.05288,19.74187],[-73.04694,19.74187],[-73.03746,19.7396],[-73.0328,19.738],[-73.02673,19.73291],[-73.01089,19.7309],[-73.00831,19.72746],[-72.99219,19.72238],[-72.98326,19.72367],[-72.97852,19.72246],[-72.9672,19.7284],[-72.96136,19.72844],[-72.95302,19.72481],[-72.94669,19.72625],[-72.93756,19.72579],[-72.92744,19.72927],[-72.92442,19.72595],[-72.92492,19.71765],[-72.89715,19.714],[-72.89489,19.71037],[-72.87739,19.70909],[-72.85815,19.7129],[-72.84665,19.71333],[-72.84026,19.71632],[-72.83775,19.721],[-72.83838,19.72989],[-72.83529,19.73196],[-72.82846,19.73154],[-72.82443,19.7345],[-72.81862,19.73469],[-72.81222,19.73799],[-72.81092,19.73948],[-72.81166,19.74571],[-72.8104,19.75199],[-72.80697,19.75696],[-72.79727,19.76444],[-72.78402,19.77149],[-72.77544,19.78094],[-72.76527,19.78842],[-72.7592,19.78858],[-72.75684,19.78594],[-72.74856,19.78305],[-72.74167,19.78399],[-72.73946,19.78607],[-72.73933,19.79075],[-72.73392,19.79397],[-72.72896,19.79949],[-72.72702,19.80727],[-72.71971,19.81204],[-72.71227,19.81173],[-72.69931,19.81567],[-72.68947,19.80857],[-72.67802,19.80893],[-72.68147,19.80376],[-72.67707,19.79193],[-72.67632,19.78442],[-72.67362,19.77871],[-72.66832,19.77632],[-72.6533,19.77675],[-72.65631,19.78565],[-72.64319,19.78548],[-72.63853,19.77801],[-72.6374,19.77376],[-72.64052,19.77171],[-72.64121,19.76786],[-72.64714,19.76441],[-72.64825,19.76155],[-72.64828,19.75305],[-72.6466,19.74534],[-72.63796,19.74453],[-72.63113,19.74171],[-72.62887,19.74239],[-72.62466,19.7482],[-72.62574,19.75243],[-72.62338,19.75695],[-72.61999,19.756],[-72.6177,19.75719],[-72.61434,19.75675],[-72.60879,19.75165],[-72.59809,19.72419],[-72.59768,19.71435],[-72.59921,19.7145],[-72.61019,19.70046],[-72.61168,19.70144],[-72.61302,19.70074],[-72.61582,19.69757],[-72.61557,19.69601],[-72.61428,19.69337],[-72.60949,19.69151],[-72.59857,19.68166],[-72.59507,19.67999],[-72.58948,19.67976],[-72.58313,19.67483],[-72.57717,19.67517],[-72.57381,19.67338],[-72.57615,19.65734],[-72.57183,19.65238],[-72.57084,19.64418],[-72.60577,19.64957],[-72.62023,19.63366],[-72.6176,19.62937],[-72.62925,19.62541],[-72.63569,19.61972],[-72.64581,19.61585],[-72.64808,19.61342],[-72.65421,19.61204],[-72.65538,19.60831],[-72.65756,19.60626],[-72.65635,19.60155],[-72.66176,19.60038],[-72.66403,19.60147],[-72.67218,19.60054],[-72.68226,19.59667],[-72.6874,19.60357],[-72.6872,19.60601],[-72.7026,19.60373],[-72.70873,19.60631],[-72.71171,19.61052],[-72.71494,19.61048],[-72.71618,19.60505],[-72.71797,19.60337],[-72.72689,19.60235],[-72.72918,19.59653],[-72.72311,19.59011],[-72.72001,19.58966],[-72.71864,19.58555],[-72.72164,19.5813],[-72.73085,19.57658],[-72.7346,19.57244],[-72.74314,19.57596],[-72.74434,19.5753],[-72.74382,19.57179],[-72.73995,19.56753],[-72.73942,19.56113],[-72.74231,19.55931],[-72.74805,19.55899],[-72.74582,19.551],[-72.74261,19.54916],[-72.73839,19.54207],[-72.73062,19.54331],[-72.72817,19.53643],[-72.73043,19.53413],[-72.72994,19.53153],[-72.74088,19.52177],[-72.74445,19.52137],[-72.75063,19.52308],[-72.76261,19.51405],[-72.76586,19.51333],[-72.76915,19.51401],[-72.7781,19.52005],[-72.7829,19.52816],[-72.78477,19.52349]]]}},{"type":"Feature","properties":{"arrondissement":"Marmelade","adm1_name":"Artibonite","complete":true,"communeCount":2},"geometry":{"type":"Polygon","coordinates":[[[-72.32083,19.48416],[-72.32246,19.48018],[-72.32225,19.47683],[-72.32313,19.47739],[-72.32569,19.47331],[-72.32902,19.46529],[-72.32879,19.46296],[-72.32045,19.45975],[-72.31528,19.46097],[-72.3068,19.46546],[-72.29702,19.46577],[-72.29069,19.46769],[-72.2821,19.4673],[-72.27564,19.46396],[-72.27321,19.46983],[-72.2654,19.47067],[-72.26073,19.47585],[-72.24955,19.477],[-72.25366,19.47171],[-72.25475,19.46341],[-72.25678,19.46193],[-72.25708,19.45609],[-72.25196,19.45346],[-72.25014,19.44437],[-72.23844,19.43981],[-72.2369,19.43738],[-72.23181,19.43444],[-72.22857,19.43467],[-72.22694,19.4332],[-72.22737,19.43122],[-72.22974,19.43004],[-72.22988,19.42622],[-72.22292,19.4192],[-72.22414,19.41775],[-72.223,19.41559],[-72.23111,19.41723],[-72.23038,19.41094],[-72.23148,19.40727],[-72.22933,19.40012],[-72.23144,19.39157],[-72.22883,19.38423],[-72.24051,19.38789],[-72.2422,19.38764],[-72.24265,19.38563],[-72.24433,19.3865],[-72.24866,19.38463],[-72.24149,19.37472],[-72.23644,19.37307],[-72.23235,19.36909],[-72.23029,19.36375],[-72.23329,19.35838],[-72.23068,19.35432],[-72.22775,19.34397],[-72.23076,19.3434],[-72.22435,19.33853],[-72.22548,19.32769],[-72.22396,19.32506],[-72.20837,19.31914],[-72.20636,19.31742],[-72.20599,19.31518],[-72.20257,19.31379],[-72.20071,19.31144],[-72.20331,19.29846],[-72.21796,19.28689],[-72.22081,19.28114],[-72.22659,19.27493],[-72.23333,19.2741],[-72.23829,19.2702],[-72.24205,19.26479],[-72.24202,19.2594],[-72.2391,19.25193],[-72.24168,19.2322],[-72.24886,19.23154],[-72.25618,19.22746],[-72.26157,19.21871],[-72.26475,19.21742],[-72.26801,19.21339],[-72.27413,19.21305],[-72.2813,19.20707],[-72.28419,19.20926],[-72.28675,19.20908],[-72.29862,19.20536],[-72.30456,19.20771],[-72.31156,19.21389],[-72.31762,19.21551],[-72.32295,19.21443],[-72.32735,19.2158],[-72.33756,19.22191],[-72.3487,19.2256],[-72.35435,19.23135],[-72.36194,19.23114],[-72.36476,19.22971],[-72.37811,19.24204],[-72.38415,19.24411],[-72.38988,19.24128],[-72.40292,19.24937],[-72.40458,19.24961],[-72.4093,19.24482],[-72.41677,19.24851],[-72.42617,19.25677],[-72.42772,19.26035],[-72.45511,19.2884],[-72.45658,19.29346],[-72.45977,19.29692],[-72.47247,19.30428],[-72.48267,19.3135],[-72.48705,19.32518],[-72.48982,19.3287],[-72.49478,19.33162],[-72.49779,19.33717],[-72.49656,19.33714],[-72.49331,19.35343],[-72.49349,19.35606],[-72.49605,19.35988],[-72.49488,19.36287],[-72.49612,19.36766],[-72.4953,19.36974],[-72.49174,19.37015],[-72.48601,19.36848],[-72.48229,19.3747],[-72.47735,19.37765],[-72.4766,19.3794],[-72.47854,19.38219],[-72.47746,19.38326],[-72.46761,19.38386],[-72.46566,19.38945],[-72.46276,19.3921],[-72.45225,19.39543],[-72.45395,19.40075],[-72.45777,19.40241],[-72.45954,19.40714],[-72.44718,19.40467],[-72.43687,19.39724],[-72.42516,19.39858],[-72.42481,19.4012],[-72.42688,19.40517],[-72.42184,19.40562],[-72.42022,19.40707],[-72.41223,19.40756],[-72.41083,19.40879],[-72.41392,19.41582],[-72.41231,19.41852],[-72.40628,19.4223],[-72.38979,19.42631],[-72.38873,19.42987],[-72.39,19.43552],[-72.38727,19.43905],[-72.38766,19.44462],[-72.37917,19.44075],[-72.37806,19.44316],[-72.38171,19.44802],[-72.38197,19.45313],[-72.37809,19.45746],[-72.36613,19.46042],[-72.36254,19.46503],[-72.36187,19.46856],[-72.35767,19.47327],[-72.35753,19.477],[-72.36347,19.47707],[-72.37021,19.47017],[-72.3731,19.46361],[-72.37514,19.46317],[-72.3798,19.47022],[-72.38713,19.46658],[-72.39299,19.46711],[-72.40216,19.46164],[-72.41649,19.46332],[-72.41747,19.46488],[-72.41274,19.46985],[-72.40729,19.4697],[-72.40349,19.47224],[-72.40252,19.47527],[-72.40448,19.47768],[-72.40405,19.48059],[-72.40968,19.48436],[-72.41402,19.4915],[-72.41499,19.49851],[-72.41666,19.50049],[-72.43182,19.50839],[-72.43539,19.51505],[-72.43942,19.51281],[-72.44392,19.51556],[-72.44602,19.51763],[-72.4472,19.52139],[-72.44193,19.52282],[-72.44022,19.52521],[-72.44002,19.52812],[-72.43321,19.52531],[-72.42476,19.52978],[-72.41764,19.53946],[-72.41507,19.54508],[-72.4248,19.55888],[-72.42313,19.56529],[-72.41183,19.57135],[-72.40934,19.57091],[-72.40973,19.56926],[-72.40838,19.56772],[-72.40541,19.56785],[-72.40396,19.56931],[-72.40015,19.56398],[-72.39856,19.56458],[-72.3932,19.56217],[-72.39019,19.56612],[-72.39136,19.57075],[-72.39056,19.573],[-72.38119,19.58553],[-72.37858,19.58544],[-72.37747,19.58836],[-72.37455,19.59024],[-72.36916,19.59039],[-72.36524,19.59192],[-72.36292,19.58785],[-72.3591,19.5856],[-72.36005,19.5833],[-72.35922,19.58179],[-72.36193,19.5784],[-72.36636,19.57654],[-72.36472,19.57507],[-72.3666,19.5661],[-72.36488,19.56536],[-72.36217,19.56734],[-72.35907,19.57265],[-72.34703,19.57382],[-72.33607,19.57195],[-72.33486,19.57073],[-72.32779,19.5721],[-72.32466,19.57002],[-72.32249,19.5614],[-72.31912,19.55874],[-72.31982,19.55664],[-72.32304,19.55431],[-72.32317,19.54485],[-72.3253,19.54342],[-72.32502,19.53949],[-72.33119,19.53251],[-72.32807,19.52764],[-72.32545,19.52662],[-72.32208,19.51101],[-72.32709,19.51049],[-72.33161,19.50548],[-72.32602,19.50052],[-72.32539,19.48975],[-72.31868,19.48726],[-72.32088,19.48572],[-72.32083,19.48416]]]}},{"type":"Feature","properties":{"arrondissement":"Saint-Marc","adm1_name":"Artibonite","complete":false,"communeCount":5},"geometry":{"type":"Polygon","coordinates":[[[-72.36651,18.98126],[-72.36595,18.97795],[-72.35699,18.96945],[-72.35418,18.97574],[-72.35139,18.9749],[-72.35144,18.96921],[-72.34942,18.96797],[-72.34592,18.97032],[-72.34372,18.97623],[-72.34127,18.97559],[-72.34292,18.97309],[-72.33833,18.97012],[-72.33897,18.96205],[-72.341,18.95979],[-72.33958,18.95591],[-72.32565,18.94237],[-72.32019,18.93872],[-72.31772,18.93976],[-72.30949,18.93166],[-72.28867,18.91996],[-72.28406,18.92353],[-72.27971,18.91817],[-72.27167,18.91434],[-72.26679,18.92159],[-72.25994,18.91691],[-72.25413,18.91736],[-72.246,18.91997],[-72.24086,18.91663],[-72.24967,18.90901],[-72.24987,18.90773],[-72.24491,18.90311],[-72.24363,18.89972],[-72.24808,18.8808],[-72.24644,18.87496],[-72.24684,18.87176],[-72.25127,18.86027],[-72.25334,18.85805],[-72.25683,18.85725],[-72.2646,18.86202],[-72.27884,18.86014],[-72.28925,18.86376],[-72.30089,18.86382],[-72.30499,18.86366],[-72.31088,18.85917],[-72.31545,18.85807],[-72.32503,18.86284],[-72.33245,18.86317],[-72.33793,18.8665],[-72.34153,18.86744],[-72.34458,18.86619],[-72.35627,18.87023],[-72.35987,18.86942],[-72.36469,18.86587],[-72.36952,18.86841],[-72.37479,18.87519],[-72.38154,18.87931],[-72.3873,18.88512],[-72.39222,18.89323],[-72.39685,18.89432],[-72.40394,18.90187],[-72.40597,18.90115],[-72.41482,18.90363],[-72.42038,18.91268],[-72.42343,18.91173],[-72.42809,18.91482],[-72.4285,18.91732],[-72.43713,18.92034],[-72.43564,18.92346],[-72.44298,18.92404],[-72.45496,18.91983],[-72.45687,18.92092],[-72.45949,18.92725],[-72.46238,18.92765],[-72.46442,18.92515],[-72.46702,18.92582],[-72.47333,18.93185],[-72.48205,18.94391],[-72.49575,18.95895],[-72.50383,18.95777],[-72.50907,18.95957],[-72.51268,18.95807],[-72.51454,18.95544],[-72.51818,18.95587],[-72.52102,18.95846],[-72.52522,18.95777],[-72.53085,18.95957],[-72.53652,18.95734],[-72.54137,18.96167],[-72.54545,18.96078],[-72.55463,18.96151],[-72.5585,18.96501],[-72.56611,18.96492],[-72.57274,18.9693],[-72.58035,18.9686],[-72.58603,18.96984],[-72.59107,18.97331],[-72.59477,18.9739],[-72.59815,18.97156],[-72.60164,18.97209],[-72.60092,18.97305],[-72.60286,18.97366],[-72.60344,18.97533],[-72.60812,18.97449],[-72.61638,18.97642],[-72.61883,18.975],[-72.61848,18.97276],[-72.6202,18.97091],[-72.62323,18.97082],[-72.62337,18.97295],[-72.62673,18.97242],[-72.62826,18.97717],[-72.63182,18.97296],[-72.6334,18.97612],[-72.63544,18.97604],[-72.63513,18.9734],[-72.63803,18.97088],[-72.64618,18.97285],[-72.64999,18.97228],[-72.65195,18.97076],[-72.6538,18.97117],[-72.65761,18.96738],[-72.66111,18.96796],[-72.66437,18.97217],[-72.67064,18.96858],[-72.67861,18.96859],[-72.67685,18.97129],[-72.6787,18.97405],[-72.68158,18.97306],[-72.68456,18.96747],[-72.68862,18.96708],[-72.69181,18.96273],[-72.69931,18.95854],[-72.69985,18.95614],[-72.70097,18.9564],[-72.70239,18.95369],[-72.7051,18.95227],[-72.70581,18.94912],[-72.70824,18.94813],[-72.70999,18.94234],[-72.71198,18.94362],[-72.71316,18.94781],[-72.71564,18.9497],[-72.72742,18.95331],[-72.72964,18.96511],[-72.72859,18.96868],[-72.72924,18.97256],[-72.73563,18.98273],[-72.73737,18.98334],[-72.73794,18.99031],[-72.73927,18.99216],[-72.7435,18.99423],[-72.74519,18.99688],[-72.75861,19.00729],[-72.76308,19.01405],[-72.7677,19.0147],[-72.78336,19.02214],[-72.78941,19.02375],[-72.79618,19.0278],[-72.80578,19.02891],[-72.81085,19.03081],[-72.82163,19.04555],[-72.82367,19.05618],[-72.82223,19.06468],[-72.81782,19.07189],[-72.81172,19.07734],[-72.80058,19.08247],[-72.78802,19.08637],[-72.78064,19.09051],[-72.77081,19.09301],[-72.75782,19.0926],[-72.75068,19.08833],[-72.74396,19.08802],[-72.73792,19.08951],[-72.72978,19.08828],[-72.72046,19.09407],[-72.71719,19.09373],[-72.71306,19.09582],[-72.70701,19.10067],[-72.70266,19.10729],[-72.69958,19.12091],[-72.70022,19.12817],[-72.70526,19.13222],[-72.71157,19.13593],[-72.71433,19.13612],[-72.72282,19.14032],[-72.7283,19.14097],[-72.74157,19.14705],[-72.76213,19.16462],[-72.77196,19.18674],[-72.77647,19.19164],[-72.77741,19.19654],[-72.77946,19.19919],[-72.78214,19.19969],[-72.78227,19.20239],[-72.7859,19.20639],[-72.79045,19.20656],[-72.79029,19.20978],[-72.79387,19.21107],[-72.79278,19.21462],[-72.7996,19.22124],[-72.79482,19.22298],[-72.79058,19.21972],[-72.78345,19.21964],[-72.77995,19.22535],[-72.7797,19.21948],[-72.77771,19.22201],[-72.77355,19.22366],[-72.77005,19.23056],[-72.76797,19.22982],[-72.76825,19.23165],[-72.767,19.23233],[-72.75777,19.23113],[-72.75208,19.23295],[-72.75536,19.2358],[-72.75681,19.23933],[-72.76219,19.24057],[-72.76392,19.24311],[-72.76393,19.24201],[-72.76721,19.24195],[-72.76861,19.24063],[-72.76885,19.24356],[-72.77389,19.23294],[-72.77363,19.23053],[-72.77569,19.22953],[-72.77698,19.22677],[-72.78674,19.23485],[-72.78587,19.23767],[-72.77952,19.23769],[-72.77545,19.2398],[-72.77076,19.24839],[-72.76099,19.25061],[-72.75622,19.24796],[-72.76086,19.25561],[-72.75968,19.25679],[-72.75464,19.25567],[-72.75257,19.24894],[-72.75204,19.25259],[-72.75036,19.25376],[-72.74789,19.25148],[-72.74909,19.25772],[-72.74636,19.26142],[-72.74594,19.25667],[-72.73993,19.25758],[-72.73995,19.25591],[-72.73659,19.25399],[-72.73284,19.2553],[-72.7327,19.25843],[-72.73063,19.259],[-72.73013,19.25378],[-72.72636,19.24777],[-72.72497,19.24733],[-72.72365,19.24936],[-72.72096,19.25006],[-72.72019,19.24861],[-72.72165,19.24625],[-72.72065,19.24416],[-72.71812,19.24474],[-72.71651,19.24809],[-72.71295,19.24328],[-72.709,19.24157],[-72.70679,19.24226],[-72.70688,19.24422],[-72.7123,19.24562],[-72.7129,19.24825],[-72.71014,19.2499],[-72.7064,19.24875],[-72.70444,19.25017],[-72.70382,19.25514],[-72.69759,19.25812],[-72.69318,19.25505],[-72.69637,19.25175],[-72.6965,19.24853],[-72.69492,19.24593],[-72.69066,19.24332],[-72.69132,19.24756],[-72.68861,19.24903],[-72.68819,19.25112],[-72.68921,19.25441],[-72.68587,19.2578],[-72.68408,19.25659],[-72.6856,19.25264],[-72.68393,19.24975],[-72.67848,19.24896],[-72.67342,19.24648],[-72.67095,19.24677],[-72.66838,19.24191],[-72.66305,19.24064],[-72.66381,19.23963],[-72.6681,19.23954],[-72.6714,19.2265],[-72.66596,19.22153],[-72.66025,19.22434],[-72.65941,19.22087],[-72.65543,19.22472],[-72.65388,19.22812],[-72.64684,19.22885],[-72.64255,19.22521],[-72.64363,19.22138],[-72.64244,19.22038],[-72.64107,19.22125],[-72.63865,19.22897],[-72.6348,19.23064],[-72.634,19.22913],[-72.63545,19.22468],[-72.62929,19.2225],[-72.62949,19.22118],[-72.63529,19.2167],[-72.63569,19.21389],[-72.63449,19.21234],[-72.62827,19.2157],[-72.62371,19.21278],[-72.6211,19.21289],[-72.62027,19.22111],[-72.61661,19.2185],[-72.61203,19.21974],[-72.61094,19.21639],[-72.6033,19.21095],[-72.60581,19.20877],[-72.61034,19.20976],[-72.61158,19.21094],[-72.61172,19.21446],[-72.61554,19.21642],[-72.61744,19.2132],[-72.61445,19.21043],[-72.61488,19.20583],[-72.61059,19.20674],[-72.60807,19.20373],[-72.60228,19.2037],[-72.6006,19.20152],[-72.60738,19.19913],[-72.60456,19.19163],[-72.60779,19.19015],[-72.60972,19.18504],[-72.61128,19.18534],[-72.6155,19.19254],[-72.61999,19.19205],[-72.62112,19.19309],[-72.62078,19.19633],[-72.62332,19.19578],[-72.62417,19.18865],[-72.61705,19.18834],[-72.61473,19.18573],[-72.61516,19.1831],[-72.61958,19.18056],[-72.62451,19.1823],[-72.62636,19.17544],[-72.62534,19.17146],[-72.6195,19.17132],[-72.61699,19.16561],[-72.61957,19.16503],[-72.62252,19.16923],[-72.62615,19.17007],[-72.62908,19.16587],[-72.62523,19.16328],[-72.62098,19.15757],[-72.61675,19.15731],[-72.61506,19.15466],[-72.60683,19.14929],[-72.60455,19.15113],[-72.60465,19.15267],[-72.60823,19.15634],[-72.602,19.15847],[-72.5989,19.15771],[-72.59841,19.15166],[-72.59594,19.14935],[-72.59166,19.14966],[-72.588,19.14841],[-72.58254,19.15287],[-72.57962,19.14969],[-72.58062,19.14485],[-72.57946,19.14225],[-72.57368,19.13927],[-72.56558,19.14093],[-72.56416,19.14206],[-72.56319,19.14607],[-72.55911,19.14443],[-72.55616,19.14766],[-72.55259,19.14901],[-72.53932,19.14066],[-72.53251,19.14815],[-72.52487,19.15083],[-72.52112,19.15445],[-72.51493,19.15393],[-72.51306,19.15269],[-72.5122,19.14806],[-72.51613,19.14827],[-72.51813,19.14669],[-72.51878,19.14385],[-72.51403,19.13871],[-72.51899,19.13632],[-72.51956,19.1308],[-72.51554,19.12997],[-72.51362,19.13304],[-72.5064,19.13559],[-72.50731,19.13173],[-72.50437,19.12873],[-72.50451,19.12503],[-72.49889,19.12063],[-72.49448,19.12008],[-72.49311,19.12503],[-72.48802,19.12649],[-72.49203,19.12246],[-72.49145,19.11981],[-72.49018,19.11877],[-72.48175,19.12014],[-72.48042,19.11825],[-72.47647,19.11681],[-72.47509,19.1081],[-72.4797,19.10142],[-72.47904,19.0997],[-72.47452,19.0983],[-72.47326,19.09352],[-72.47496,19.0923],[-72.47948,19.09232],[-72.48347,19.0971],[-72.48608,19.09715],[-72.48913,19.09321],[-72.48787,19.09158],[-72.48139,19.09094],[-72.48078,19.08669],[-72.48286,19.08509],[-72.48275,19.08342],[-72.48027,19.0816],[-72.47932,19.0771],[-72.47697,19.07832],[-72.47826,19.08081],[-72.47745,19.08297],[-72.47398,19.08474],[-72.47021,19.08424],[-72.46817,19.08241],[-72.46846,19.08117],[-72.47151,19.07955],[-72.47307,19.07575],[-72.46839,19.07231],[-72.46432,19.076],[-72.46526,19.07826],[-72.46302,19.08316],[-72.45074,19.08369],[-72.44963,19.08164],[-72.44998,19.0768],[-72.45226,19.0704],[-72.44845,19.06451],[-72.44088,19.06284],[-72.44028,19.05718],[-72.43512,19.05345],[-72.43638,19.0481],[-72.43489,19.04505],[-72.43096,19.04405],[-72.42659,19.04602],[-72.42175,19.03698],[-72.4186,19.03501],[-72.41761,19.03667],[-72.41984,19.04411],[-72.41914,19.04626],[-72.41637,19.04594],[-72.41442,19.04452],[-72.41356,19.03887],[-72.40864,19.04046],[-72.40497,19.0361],[-72.40101,19.03588],[-72.39725,19.03331],[-72.39121,19.03392],[-72.37975,19.02555],[-72.37988,19.02328],[-72.38617,19.01623],[-72.38213,19.01486],[-72.38084,19.01215],[-72.37681,19.01147],[-72.37573,19.00769],[-72.37328,19.00514],[-72.36853,19.00395],[-72.36855,18.9961],[-72.37359,18.99209],[-72.3728,18.98922],[-72.36729,18.99134],[-72.36522,18.98945],[-72.36122,18.98874],[-72.35625,18.99021],[-72.35436,18.98821],[-72.3545,18.98454],[-72.35583,18.98314],[-72.35762,18.9824],[-72.36511,18.985],[-72.36615,18.98468],[-72.36651,18.98126]]]}},{"type":"Feature","properties":{"arrondissement":"Cerca-la-Source","adm1_name":"Centre","complete":true,"communeCount":2},"geometry":{"type":"Polygon","coordinates":[[[-71.72755,19.05187],[-71.73251,19.05006],[-71.73779,19.04999],[-71.73764,19.04675],[-71.74053,19.0434],[-71.74676,19.0472],[-71.75044,19.04743],[-71.75228,19.04622],[-71.75476,19.04132],[-71.75844,19.03973],[-71.76388,19.03476],[-71.76035,19.03],[-71.76114,19.02743],[-71.76475,19.0263],[-71.76803,19.03189],[-71.77092,19.03181],[-71.78274,19.01755],[-71.78138,19.01596],[-71.77779,19.01634],[-71.77586,19.01302],[-71.77794,19.01129],[-71.78137,19.01083],[-71.78507,19.01234],[-71.79098,19.00797],[-71.79137,19.00095],[-71.78665,18.99718],[-71.78909,18.99328],[-71.79168,18.99295],[-71.7984,18.99619],[-71.79625,18.99974],[-71.79722,19.00366],[-71.79913,19.00518],[-71.80242,19.00517],[-71.80586,19.00291],[-71.80465,18.99936],[-71.80617,18.99838],[-71.81441,18.99612],[-71.81921,18.99695],[-71.82617,18.99355],[-71.82906,18.99559],[-71.83059,19.00442],[-71.83346,19.00592],[-71.83498,19.00086],[-71.84171,19.00019],[-71.84402,18.99136],[-71.85234,18.99302],[-71.85129,18.98721],[-71.856,18.98291],[-71.85672,18.98155],[-71.85567,18.97853],[-71.85687,18.97725],[-71.85839,18.97657],[-71.8623,18.97773],[-71.86304,18.98318],[-71.86817,18.98193],[-71.87503,18.9846],[-71.87446,18.98653],[-71.86902,18.98797],[-71.86966,18.99098],[-71.86789,18.99158],[-71.86621,18.99464],[-71.8682,18.99513],[-71.87101,18.99387],[-71.87232,18.99561],[-71.86892,18.99865],[-71.86803,19.00157],[-71.87071,19.00259],[-71.87049,19.00544],[-71.86636,19.00698],[-71.86671,19.0132],[-71.86469,19.01512],[-71.85747,19.01751],[-71.85641,19.0219],[-71.86035,19.0262],[-71.86366,19.02357],[-71.86482,19.02407],[-71.86495,19.0349],[-71.87094,19.0347],[-71.87276,19.02816],[-71.87647,19.02678],[-71.87746,19.02762],[-71.87785,19.03536],[-71.88277,19.03599],[-71.88789,19.03279],[-71.88944,19.03862],[-71.89095,19.0395],[-71.89316,19.03624],[-71.89709,19.03563],[-71.90046,19.03798],[-71.90116,19.04144],[-71.90381,19.04215],[-71.90565,19.04694],[-71.89816,19.04991],[-71.90068,19.055],[-71.91094,19.05515],[-71.90912,19.05828],[-71.90469,19.06185],[-71.90477,19.06427],[-71.90829,19.06898],[-71.9137,19.0702],[-71.91288,19.07543],[-71.90973,19.08012],[-71.91162,19.08231],[-71.91566,19.08361],[-71.91516,19.08695],[-71.91882,19.08746],[-71.91974,19.09147],[-71.91902,19.09478],[-71.91256,19.09885],[-71.90452,19.09977],[-71.88841,19.10631],[-71.88266,19.11371],[-71.88168,19.12051],[-71.87395,19.1364],[-71.86704,19.14028],[-71.85461,19.15753],[-71.85499,19.16104],[-71.8615,19.16944],[-71.8616,19.17687],[-71.86042,19.17859],[-71.86451,19.18231],[-71.86558,19.18672],[-71.86958,19.18752],[-71.87004,19.18903],[-71.87493,19.18788],[-71.8832,19.20016],[-71.8865,19.20228],[-71.88345,19.20763],[-71.87786,19.20833],[-71.87759,19.2103],[-71.88497,19.21948],[-71.88472,19.22205],[-71.86072,19.24495],[-71.85459,19.26123],[-71.85392,19.2699],[-71.84631,19.26654],[-71.82847,19.2642],[-71.80918,19.26484],[-71.79867,19.26064],[-71.7843,19.26189],[-71.77474,19.25943],[-71.77349,19.26118],[-71.77611,19.26723],[-71.77226,19.26747],[-71.76981,19.27243],[-71.76685,19.27375],[-71.76486,19.27637],[-71.76145,19.27668],[-71.75927,19.27547],[-71.75711,19.27814],[-71.75306,19.27968],[-71.74865,19.27806],[-71.74825,19.27459],[-71.7472,19.27418],[-71.74307,19.27685],[-71.74011,19.277],[-71.73891,19.27881],[-71.73866,19.27533],[-71.73972,19.27394],[-71.73843,19.26907],[-71.7317,19.2623],[-71.73222,19.26657],[-71.72744,19.27524],[-71.72769,19.27731],[-71.72556,19.27841],[-71.72193,19.27082],[-71.7238,19.26773],[-71.71988,19.26625],[-71.71675,19.26727],[-71.71601,19.26469],[-71.70869,19.25971],[-71.70736,19.25766],[-71.70897,19.25304],[-71.7081,19.25118],[-71.70606,19.25103],[-71.70458,19.24782],[-71.69826,19.24423],[-71.69701,19.24083],[-71.69256,19.24203],[-71.69008,19.23871],[-71.68567,19.23908],[-71.68484,19.23662],[-71.68079,19.23677],[-71.67915,19.23246],[-71.67719,19.23336],[-71.67638,19.23585],[-71.67157,19.23551],[-71.66994,19.23305],[-71.66957,19.23419],[-71.66662,19.23403],[-71.66729,19.23089],[-71.66517,19.22931],[-71.66257,19.23006],[-71.6578,19.229],[-71.65717,19.2301],[-71.65282,19.23027],[-71.64662,19.2283],[-71.64457,19.22954],[-71.63976,19.22957],[-71.6384,19.2279],[-71.64081,19.22629],[-71.64072,19.22479],[-71.63584,19.22524],[-71.63677,19.2241],[-71.63385,19.21673],[-71.6286,19.21122],[-71.6337,19.20795],[-71.63298,19.20714],[-71.62686,19.20929],[-71.6264,19.20774],[-71.62552,19.20867],[-71.6228,19.20788],[-71.62215,19.20615],[-71.62416,19.20622],[-71.62486,19.20297],[-71.62766,19.20615],[-71.63366,19.20511],[-71.63558,19.20198],[-71.63789,19.20222],[-71.63836,19.2012],[-71.63724,19.20062],[-71.63924,19.19704],[-71.63741,19.19437],[-71.63964,19.19302],[-71.63752,19.19217],[-71.6371,19.18948],[-71.63592,19.19008],[-71.63346,19.18846],[-71.63059,19.18955],[-71.6299,19.18696],[-71.62692,19.18635],[-71.62852,19.18363],[-71.62765,19.18188],[-71.63009,19.18159],[-71.63165,19.18341],[-71.63402,19.18186],[-71.63542,19.18334],[-71.63798,19.17852],[-71.64447,19.18019],[-71.64387,19.17755],[-71.64731,19.17672],[-71.64299,19.17479],[-71.64003,19.17497],[-71.63375,19.16896],[-71.63651,19.16886],[-71.63616,19.16681],[-71.6374,19.1664],[-71.64132,19.1683],[-71.64301,19.16671],[-71.64637,19.16872],[-71.64493,19.16586],[-71.64769,19.16405],[-71.64513,19.16367],[-71.64562,19.16155],[-71.64385,19.1614],[-71.6424,19.15703],[-71.64377,19.1562],[-71.64585,19.1571],[-71.64352,19.15423],[-71.64705,19.15363],[-71.6468,19.15268],[-71.64577,19.15287],[-71.6441,19.14978],[-71.64065,19.1482],[-71.64045,19.14694],[-71.6428,19.1452],[-71.64874,19.14503],[-71.64993,19.14307],[-71.6569,19.14367],[-71.65282,19.13892],[-71.64608,19.13567],[-71.64816,19.13097],[-71.64782,19.12906],[-71.65377,19.1187],[-71.65432,19.1156],[-71.65575,19.11742],[-71.65817,19.115],[-71.66314,19.11305],[-71.6673,19.11448],[-71.67059,19.1175],[-71.6725,19.11577],[-71.67299,19.1129],[-71.67675,19.11471],[-71.67707,19.1169],[-71.67843,19.11736],[-71.67967,19.11607],[-71.68259,19.1172],[-71.6826,19.11463],[-71.6806,19.11366],[-71.67927,19.10954],[-71.68315,19.10852],[-71.68216,19.10752],[-71.68493,19.10305],[-71.69699,19.10872],[-71.70262,19.10669],[-71.70717,19.10016],[-71.70455,19.09708],[-71.6994,19.09574],[-71.69704,19.09034],[-71.69731,19.08718],[-71.69966,19.08698],[-71.70228,19.08484],[-71.70972,19.0856],[-71.71288,19.08224],[-71.71227,19.07834],[-71.70364,19.07624],[-71.70186,19.07325],[-71.71015,19.06732],[-71.71123,19.07073],[-71.71637,19.07123],[-71.72102,19.06614],[-71.72094,19.0644],[-71.71647,19.06318],[-71.71668,19.06013],[-71.71847,19.05867],[-71.72069,19.05989],[-71.72287,19.0576],[-71.72336,19.0537],[-71.72755,19.05187]]]}},{"type":"Feature","properties":{"arrondissement":"Hinche","adm1_name":"Centre","complete":true,"communeCount":4},"geometry":{"type":"Polygon","coordinates":[[[-71.89316,19.03624],[-71.89095,19.0395],[-71.88944,19.03862],[-71.88789,19.03279],[-71.88277,19.03599],[-71.87785,19.03536],[-71.87746,19.02762],[-71.87647,19.02678],[-71.87276,19.02816],[-71.87094,19.0347],[-71.86495,19.0349],[-71.86482,19.02407],[-71.86366,19.02357],[-71.86035,19.0262],[-71.85641,19.0219],[-71.85747,19.01751],[-71.86469,19.01512],[-71.86671,19.0132],[-71.86636,19.00698],[-71.87049,19.00544],[-71.87071,19.00259],[-71.86803,19.00157],[-71.86892,18.99865],[-71.87232,18.99561],[-71.87101,18.99387],[-71.8682,18.99513],[-71.86621,18.99464],[-71.86789,18.99158],[-71.86966,18.99098],[-71.86902,18.98797],[-71.87505,18.98585],[-71.87419,18.98354],[-71.86817,18.98193],[-71.86875,18.97454],[-71.87595,18.97204],[-71.87647,18.96839],[-71.87412,18.96533],[-71.87484,18.95826],[-71.87924,18.95683],[-71.88372,18.95984],[-71.88548,18.95961],[-71.88588,18.95539],[-71.88331,18.95147],[-71.88309,18.94267],[-71.88617,18.92926],[-71.89097,18.9172],[-71.89003,18.91233],[-71.88704,18.91078],[-71.88322,18.9132],[-71.88543,18.90558],[-71.90579,18.8916],[-71.90581,18.88789],[-71.9144,18.88632],[-71.91548,18.88265],[-71.9155,18.87987],[-71.91146,18.88053],[-71.90573,18.87483],[-71.90188,18.87375],[-71.90005,18.87574],[-71.89063,18.87952],[-71.89276,18.87564],[-71.8886,18.87388],[-71.89156,18.8709],[-71.89916,18.8678],[-71.90284,18.86395],[-71.9037,18.86123],[-71.91351,18.85855],[-71.91326,18.8576],[-71.91005,18.85725],[-71.91006,18.85476],[-71.92375,18.85597],[-71.92312,18.85257],[-71.92562,18.85268],[-71.92688,18.85524],[-71.92638,18.858],[-71.92835,18.85872],[-71.93198,18.85416],[-71.9289,18.85108],[-71.9319,18.85107],[-71.93655,18.85578],[-71.93897,18.85118],[-71.94066,18.85387],[-71.94006,18.85973],[-71.94305,18.85982],[-71.94456,18.85794],[-71.96098,18.87294],[-71.9653,18.87017],[-71.97422,18.87712],[-71.97914,18.87745],[-71.98076,18.87967],[-71.97697,18.88284],[-71.9771,18.89472],[-71.97913,18.90051],[-71.99203,18.9061],[-71.99896,18.90123],[-72.00531,18.90408],[-72.00762,18.90332],[-72.00819,18.89913],[-72.01461,18.89759],[-72.01771,18.89401],[-72.01689,18.89158],[-72.02124,18.88991],[-72.02068,18.88419],[-72.02243,18.88065],[-72.02927,18.88962],[-72.02841,18.89372],[-72.03392,18.89248],[-72.04009,18.89955],[-72.03113,18.90559],[-72.01965,18.90666],[-71.99678,18.92463],[-71.99865,18.92906],[-71.99705,18.93331],[-71.99838,18.93651],[-72.00398,18.93563],[-72.00653,18.93806],[-72.0082,18.94223],[-72.01191,18.94324],[-72.01574,18.94353],[-72.02119,18.94085],[-72.0281,18.94373],[-72.03626,18.9415],[-72.04172,18.93736],[-72.04356,18.93224],[-72.04806,18.93309],[-72.05195,18.93831],[-72.05713,18.94266],[-72.06035,18.94367],[-72.06369,18.95069],[-72.06422,18.95691],[-72.06946,18.96025],[-72.07501,18.96064],[-72.08021,18.97314],[-72.09252,18.97714],[-72.09655,18.98079],[-72.09802,18.98417],[-72.09702,18.98735],[-72.09768,18.99201],[-72.10186,19.00186],[-72.10649,19.00733],[-72.10491,19.0081],[-72.10546,19.00922],[-72.10975,19.00874],[-72.11016,19.01075],[-72.10859,19.01133],[-72.10903,19.01205],[-72.11274,19.01321],[-72.11496,19.01594],[-72.11821,19.01501],[-72.11715,19.01794],[-72.11835,19.02661],[-72.12162,19.02644],[-72.12317,19.02781],[-72.13156,19.02367],[-72.13704,19.01599],[-72.14153,19.02264],[-72.15465,19.03206],[-72.16226,19.03965],[-72.16649,19.04727],[-72.17232,19.05176],[-72.17655,19.0585],[-72.19053,19.0721],[-72.18884,19.07769],[-72.19142,19.08067],[-72.19431,19.08078],[-72.20093,19.07823],[-72.20493,19.08104],[-72.20961,19.08154],[-72.21437,19.08015],[-72.22176,19.08344],[-72.23853,19.09992],[-72.23976,19.10432],[-72.23881,19.10927],[-72.24053,19.11386],[-72.24016,19.11724],[-72.22078,19.12724],[-72.2196,19.13095],[-72.23126,19.14199],[-72.2425,19.15615],[-72.25507,19.16112],[-72.25441,19.16696],[-72.2603,19.17672],[-72.26089,19.18769],[-72.26432,19.19166],[-72.26329,19.19542],[-72.25791,19.20239],[-72.25752,19.20673],[-72.25877,19.20951],[-72.26576,19.21608],[-72.26157,19.21871],[-72.25618,19.22746],[-72.24886,19.23154],[-72.24168,19.2322],[-72.24101,19.23354],[-72.24174,19.23697],[-72.2391,19.25193],[-72.24202,19.2594],[-72.24205,19.26479],[-72.23829,19.2702],[-72.23333,19.2741],[-72.22659,19.27493],[-72.22474,19.27658],[-72.21796,19.28689],[-72.20331,19.29846],[-72.20333,19.30055],[-72.19494,19.29889],[-72.18301,19.29386],[-72.17384,19.28562],[-72.16582,19.28196],[-72.16162,19.28332],[-72.15913,19.28282],[-72.15866,19.27921],[-72.15278,19.26871],[-72.15469,19.26441],[-72.15383,19.26266],[-72.15482,19.2589],[-72.14914,19.25651],[-72.14214,19.25796],[-72.13498,19.25497],[-72.12466,19.26297],[-72.11874,19.26527],[-72.11311,19.26449],[-72.10795,19.26654],[-72.09464,19.26667],[-72.09395,19.26888],[-72.09022,19.2699],[-72.08532,19.27662],[-72.08359,19.2762],[-72.08138,19.27764],[-72.08059,19.28131],[-72.07585,19.28238],[-72.07453,19.28434],[-72.07324,19.28381],[-72.07089,19.2853],[-72.06989,19.28777],[-72.06343,19.29049],[-72.05636,19.29772],[-72.04834,19.30016],[-72.04357,19.30423],[-72.03391,19.30515],[-72.03035,19.30763],[-72.02209,19.31626],[-72.02332,19.3195],[-72.02217,19.3245],[-72.00867,19.32742],[-72.00733,19.32541],[-72.00528,19.32548],[-72.00381,19.32392],[-72.00199,19.32566],[-71.9986,19.32602],[-71.99195,19.33289],[-71.98916,19.33288],[-71.9871,19.33467],[-71.97891,19.33117],[-71.9602,19.31278],[-71.94184,19.30824],[-71.91406,19.30557],[-71.91389,19.30082],[-71.90696,19.29412],[-71.90957,19.29093],[-71.90927,19.28873],[-71.9072,19.28861],[-71.9028,19.28429],[-71.90031,19.27794],[-71.90076,19.27545],[-71.89303,19.27479],[-71.88765,19.27675],[-71.88272,19.27455],[-71.87946,19.27467],[-71.87257,19.27593],[-71.86561,19.27991],[-71.85392,19.2699],[-71.85459,19.26123],[-71.86072,19.24495],[-71.88472,19.22205],[-71.88497,19.21948],[-71.87759,19.2103],[-71.87786,19.20833],[-71.88345,19.20763],[-71.8865,19.20228],[-71.8832,19.20016],[-71.87493,19.18788],[-71.87004,19.18903],[-71.86958,19.18752],[-71.86558,19.18672],[-71.86451,19.18231],[-71.86042,19.17859],[-71.8616,19.17687],[-71.8615,19.16944],[-71.85499,19.16104],[-71.85461,19.15753],[-71.86704,19.14028],[-71.87395,19.1364],[-71.88168,19.12051],[-71.88266,19.11371],[-71.88841,19.10631],[-71.90452,19.09977],[-71.91256,19.09885],[-71.91902,19.09478],[-71.91974,19.09147],[-71.91882,19.08746],[-71.91516,19.08695],[-71.91566,19.08361],[-71.91162,19.08231],[-71.90973,19.08012],[-71.91288,19.07543],[-71.9137,19.0702],[-71.90829,19.06898],[-71.90477,19.06427],[-71.90469,19.06185],[-71.90912,19.05828],[-71.91094,19.05515],[-71.90068,19.055],[-71.89816,19.04991],[-71.90565,19.04694],[-71.90381,19.04215],[-71.90116,19.04144],[-71.90046,19.03798],[-71.89859,19.03618],[-71.89316,19.03624]]]}},{"type":"Feature","properties":{"arrondissement":"Lascahobas","adm1_name":"Centre","complete":false,"communeCount":4},"geometry":{"type":"Polygon","coordinates":[[[-71.73798,18.72229],[-71.77312,18.70996],[-71.7752,18.71042],[-71.78382,18.7062],[-71.78525,18.70263],[-71.78588,18.69207],[-71.78891,18.68957],[-71.79403,18.68926],[-71.79483,18.69112],[-71.79771,18.69189],[-71.80422,18.68539],[-71.80981,18.68809],[-71.82902,18.70462],[-71.83422,18.70768],[-71.84178,18.70996],[-71.8533,18.71882],[-71.87001,18.71829],[-71.87583,18.71936],[-71.88209,18.71809],[-71.88739,18.71983],[-71.89351,18.71955],[-71.90086,18.72208],[-71.91105,18.72966],[-71.91615,18.72952],[-71.92095,18.73139],[-71.92345,18.73703],[-71.92597,18.73896],[-71.93701,18.73975],[-71.94245,18.73874],[-71.96091,18.74093],[-71.9711,18.74684],[-71.97625,18.74683],[-71.97741,18.74998],[-71.97446,18.75123],[-71.97469,18.75553],[-71.97897,18.75745],[-71.98013,18.7599],[-71.98423,18.76026],[-71.98915,18.76472],[-71.99256,18.7659],[-71.99692,18.77181],[-71.99496,18.78013],[-71.98801,18.77912],[-71.98613,18.77648],[-71.98002,18.77523],[-71.96886,18.76765],[-71.96371,18.76642],[-71.96126,18.76357],[-71.95353,18.7619],[-71.94488,18.75319],[-71.94266,18.75398],[-71.9386,18.75287],[-71.93827,18.75498],[-71.94262,18.76017],[-71.94381,18.76603],[-71.95219,18.77615],[-71.96072,18.77799],[-71.96318,18.78009],[-71.96725,18.78976],[-71.96973,18.7922],[-71.96877,18.7959],[-71.97651,18.81296],[-71.98192,18.81275],[-71.98465,18.81655],[-71.99557,18.82605],[-72.00265,18.82791],[-72.02482,18.84269],[-72.02871,18.85204],[-72.03642,18.86071],[-72.04058,18.87307],[-72.05944,18.89163],[-72.06472,18.89308],[-72.06499,18.90134],[-72.06225,18.89898],[-72.05697,18.90261],[-72.04555,18.89733],[-72.04009,18.89955],[-72.03392,18.89248],[-72.02841,18.89372],[-72.02927,18.88962],[-72.02243,18.88065],[-72.02068,18.88419],[-72.02124,18.88991],[-72.01689,18.89158],[-72.01771,18.89401],[-72.01461,18.89759],[-72.00819,18.89913],[-72.00762,18.90332],[-72.00531,18.90408],[-71.99896,18.90123],[-71.99203,18.9061],[-71.97913,18.90051],[-71.9771,18.89472],[-71.97697,18.88284],[-71.98076,18.87967],[-71.97914,18.87745],[-71.97422,18.87712],[-71.9653,18.87017],[-71.96098,18.87294],[-71.94456,18.85794],[-71.94305,18.85982],[-71.94006,18.85973],[-71.94066,18.85387],[-71.93897,18.85118],[-71.93655,18.85578],[-71.9319,18.85107],[-71.9289,18.85108],[-71.93198,18.85416],[-71.92835,18.85872],[-71.92638,18.858],[-71.92688,18.85524],[-71.92562,18.85268],[-71.92312,18.85257],[-71.92375,18.85597],[-71.91006,18.85476],[-71.91005,18.85725],[-71.91326,18.8576],[-71.91351,18.85855],[-71.9037,18.86123],[-71.90284,18.86395],[-71.89916,18.8678],[-71.89156,18.8709],[-71.8886,18.87388],[-71.89276,18.87564],[-71.89063,18.87952],[-71.90005,18.87574],[-71.90188,18.87375],[-71.90573,18.87483],[-71.91146,18.88053],[-71.9155,18.87987],[-71.9144,18.88632],[-71.90581,18.88789],[-71.90579,18.8916],[-71.88543,18.90558],[-71.88322,18.9132],[-71.88704,18.91078],[-71.89003,18.91233],[-71.89097,18.9172],[-71.88617,18.92926],[-71.88309,18.94267],[-71.87973,18.94184],[-71.87508,18.949],[-71.86869,18.94621],[-71.86108,18.94772],[-71.86116,18.95314],[-71.86284,18.95525],[-71.86212,18.95879],[-71.86043,18.95992],[-71.861,18.96369],[-71.85899,18.96346],[-71.85484,18.95774],[-71.85572,18.95548],[-71.85436,18.95457],[-71.84892,18.96067],[-71.84987,18.96301],[-71.84852,18.96354],[-71.8462,18.96263],[-71.84548,18.95759],[-71.84276,18.95698],[-71.83988,18.95842],[-71.84419,18.96331],[-71.84275,18.96625],[-71.84004,18.967],[-71.83956,18.96933],[-71.83547,18.97001],[-71.83316,18.96286],[-71.82707,18.96843],[-71.82411,18.96828],[-71.82291,18.96941],[-71.82219,18.96753],[-71.82612,18.96542],[-71.82612,18.96398],[-71.8182,18.96278],[-71.81436,18.96481],[-71.81267,18.96361],[-71.81195,18.95971],[-71.80476,18.95909],[-71.80229,18.95442],[-71.79693,18.95698],[-71.79484,18.95269],[-71.79084,18.95803],[-71.78676,18.95555],[-71.78188,18.95487],[-71.78291,18.94835],[-71.76818,18.90697],[-71.76034,18.90592],[-71.74356,18.8931],[-71.73916,18.89145],[-71.73662,18.88519],[-71.73751,18.87797],[-71.72662,18.87696],[-71.72303,18.88082],[-71.72215,18.87871],[-71.72519,18.87555],[-71.72659,18.85494],[-71.72491,18.84709],[-71.72555,18.83941],[-71.72083,18.83284],[-71.72228,18.82583],[-71.72204,18.80434],[-71.73798,18.72229]]]}},{"type":"Feature","properties":{"arrondissement":"Mirebalais","adm1_name":"Centre","complete":true,"communeCount":3},"geometry":{"type":"Polygon","coordinates":[[[-72.06543,18.89768],[-72.06472,18.89308],[-72.05944,18.89163],[-72.04058,18.87307],[-72.03642,18.86071],[-72.02871,18.85204],[-72.02482,18.84269],[-72.00265,18.82791],[-71.99557,18.82605],[-71.98465,18.81655],[-71.98192,18.81275],[-71.97651,18.81296],[-71.96877,18.7959],[-71.96973,18.7922],[-71.96725,18.78976],[-71.96318,18.78009],[-71.96072,18.77799],[-71.95219,18.77615],[-71.94381,18.76603],[-71.94262,18.76017],[-71.93827,18.75498],[-71.9386,18.75287],[-71.94266,18.75398],[-71.94488,18.75319],[-71.95353,18.7619],[-71.96126,18.76357],[-71.96371,18.76642],[-71.96886,18.76765],[-71.98002,18.77523],[-71.98613,18.77648],[-71.98801,18.77912],[-71.99496,18.78013],[-71.99692,18.77181],[-71.99525,18.76889],[-71.98423,18.76026],[-71.98013,18.7599],[-71.97897,18.75745],[-71.97469,18.75553],[-71.97446,18.75123],[-71.97741,18.74998],[-71.97625,18.74683],[-71.9711,18.74684],[-71.97786,18.73411],[-71.98854,18.73772],[-71.99189,18.73435],[-72.00531,18.73007],[-72.00593,18.73514],[-72.00944,18.73699],[-72.01404,18.73207],[-72.01708,18.72417],[-72.02203,18.72669],[-72.02759,18.72692],[-72.03521,18.72424],[-72.03754,18.72096],[-72.04423,18.71934],[-72.05675,18.71878],[-72.06814,18.72076],[-72.07092,18.73197],[-72.07355,18.73669],[-72.08398,18.72705],[-72.0869,18.71374],[-72.09172,18.71056],[-72.09794,18.71154],[-72.10984,18.70831],[-72.11552,18.70361],[-72.12291,18.70373],[-72.12721,18.7064],[-72.14722,18.69468],[-72.16658,18.70265],[-72.18996,18.72388],[-72.1973,18.73218],[-72.20117,18.74184],[-72.19712,18.74489],[-72.19393,18.75152],[-72.19984,18.75852],[-72.20316,18.7562],[-72.20681,18.75805],[-72.2101,18.76486],[-72.21787,18.77375],[-72.22498,18.77243],[-72.22583,18.77626],[-72.22907,18.77811],[-72.23718,18.77746],[-72.24556,18.78064],[-72.25076,18.78323],[-72.25729,18.78914],[-72.26217,18.78926],[-72.26471,18.79156],[-72.27902,18.79754],[-72.27437,18.80004],[-72.2724,18.80405],[-72.2746,18.8075],[-72.27894,18.80883],[-72.28171,18.81663],[-72.30311,18.81821],[-72.30919,18.81649],[-72.31398,18.81276],[-72.3194,18.81166],[-72.32323,18.81558],[-72.32431,18.82223],[-72.33365,18.8329],[-72.33575,18.83835],[-72.35128,18.85145],[-72.36033,18.85595],[-72.36328,18.85903],[-72.36184,18.86423],[-72.36469,18.86587],[-72.35987,18.86942],[-72.35235,18.8697],[-72.34458,18.86619],[-72.34153,18.86744],[-72.33245,18.86317],[-72.32503,18.86284],[-72.31545,18.85807],[-72.31088,18.85917],[-72.30499,18.86366],[-72.30089,18.86382],[-72.28925,18.86376],[-72.27884,18.86014],[-72.2646,18.86202],[-72.25683,18.85725],[-72.25334,18.85805],[-72.25127,18.86027],[-72.24684,18.87176],[-72.24644,18.87496],[-72.24808,18.8808],[-72.24363,18.89972],[-72.24491,18.90311],[-72.24987,18.90773],[-72.24967,18.90901],[-72.24086,18.91663],[-72.24393,18.91821],[-72.24278,18.92455],[-72.23755,18.93246],[-72.23774,18.93803],[-72.22685,18.94833],[-72.22496,18.95641],[-72.2367,18.96692],[-72.23822,18.97035],[-72.24098,18.98514],[-72.24029,18.98867],[-72.23699,18.99311],[-72.23784,19.00205],[-72.2445,19.01048],[-72.2445,19.0173],[-72.24788,19.02276],[-72.24837,19.02921],[-72.24538,19.0331],[-72.23852,19.03682],[-72.24138,19.0435],[-72.2401,19.04981],[-72.23252,19.05587],[-72.2297,19.06084],[-72.22746,19.07059],[-72.22187,19.08038],[-72.22176,19.08344],[-72.21437,19.08015],[-72.20961,19.08154],[-72.20493,19.08104],[-72.20093,19.07823],[-72.19431,19.08078],[-72.19142,19.08067],[-72.18884,19.07769],[-72.19053,19.0721],[-72.17655,19.0585],[-72.17232,19.05176],[-72.16649,19.04727],[-72.16226,19.03965],[-72.15465,19.03206],[-72.14153,19.02264],[-72.13704,19.01599],[-72.13156,19.02367],[-72.12317,19.02781],[-72.12162,19.02644],[-72.11835,19.02661],[-72.11715,19.01794],[-72.11821,19.01501],[-72.11496,19.01594],[-72.11274,19.01321],[-72.10903,19.01205],[-72.10859,19.01133],[-72.11016,19.01075],[-72.10975,19.00874],[-72.10546,19.00922],[-72.10491,19.0081],[-72.10649,19.00733],[-72.10186,19.00186],[-72.09768,18.99201],[-72.09702,18.98735],[-72.09802,18.98417],[-72.09655,18.98079],[-72.09252,18.97714],[-72.08021,18.97314],[-72.07501,18.96064],[-72.06946,18.96025],[-72.06422,18.95691],[-72.06369,18.95069],[-72.06035,18.94367],[-72.05713,18.94266],[-72.05195,18.93831],[-72.04806,18.93309],[-72.04356,18.93224],[-72.04172,18.93736],[-72.03626,18.9415],[-72.0281,18.94373],[-72.02119,18.94085],[-72.01574,18.94353],[-72.01191,18.94324],[-72.0082,18.94223],[-72.00653,18.93806],[-72.00398,18.93563],[-71.99838,18.93651],[-71.99705,18.93331],[-71.99865,18.92906],[-71.99678,18.92463],[-72.01965,18.90666],[-72.03113,18.90559],[-72.0424,18.898],[-72.04555,18.89733],[-72.05697,18.90261],[-72.06225,18.89898],[-72.06499,18.90134],[-72.06543,18.89768]]]}},{"type":"Feature","properties":{"arrondissement":"Anse-d’Hainault","adm1_name":"Grand’Anse","complete":true,"communeCount":3},"geometry":{"type":"Polygon","coordinates":[[[-74.33309,18.41741],[-74.33249,18.41599],[-74.32687,18.41569],[-74.32126,18.41828],[-74.31728,18.4166],[-74.30246,18.41592],[-74.30334,18.41153],[-74.30185,18.40775],[-74.29633,18.39595],[-74.29392,18.39474],[-74.29615,18.39181],[-74.29474,18.38549],[-74.29609,18.37901],[-74.30218,18.37216],[-74.30861,18.36703],[-74.31764,18.36423],[-74.32453,18.36447],[-74.32918,18.36097],[-74.33499,18.36283],[-74.34006,18.36195],[-74.34313,18.3643],[-74.35577,18.36019],[-74.35979,18.3616],[-74.36391,18.3614],[-74.3655,18.36268],[-74.37032,18.36024],[-74.37465,18.36119],[-74.38253,18.36065],[-74.38631,18.36129],[-74.38787,18.36286],[-74.38904,18.36087],[-74.39224,18.35935],[-74.40102,18.35743],[-74.41023,18.36068],[-74.41625,18.36008],[-74.42309,18.35716],[-74.43037,18.35977],[-74.43235,18.35891],[-74.43241,18.3634],[-74.43675,18.36627],[-74.43573,18.36094],[-74.43978,18.35901],[-74.4411,18.35702],[-74.44904,18.35851],[-74.44956,18.36078],[-74.44663,18.36997],[-74.45191,18.37708],[-74.45224,18.38285],[-74.45014,18.38427],[-74.45015,18.38839],[-74.44827,18.39121],[-74.44892,18.39704],[-74.4526,18.40311],[-74.46433,18.41317],[-74.46919,18.41526],[-74.47311,18.41583],[-74.47543,18.41397],[-74.4804,18.41553],[-74.47608,18.41619],[-74.47282,18.41939],[-74.47274,18.42075],[-74.47489,18.42197],[-74.47317,18.424],[-74.47482,18.42738],[-74.47896,18.42722],[-74.48018,18.429],[-74.47722,18.42994],[-74.47259,18.43392],[-74.4722,18.437],[-74.4739,18.43736],[-74.47375,18.44022],[-74.47137,18.44065],[-74.46956,18.44379],[-74.47142,18.44625],[-74.46935,18.4469],[-74.47088,18.44964],[-74.46821,18.44961],[-74.46526,18.45261],[-74.4643,18.45443],[-74.46514,18.45879],[-74.4605,18.46015],[-74.45929,18.46169],[-74.45981,18.46386],[-74.46167,18.4651],[-74.45407,18.4692],[-74.45246,18.47349],[-74.45466,18.47607],[-74.45277,18.47998],[-74.45377,18.48274],[-74.45294,18.48634],[-74.46013,18.49077],[-74.46286,18.49079],[-74.46116,18.49151],[-74.45765,18.49723],[-74.45948,18.49904],[-74.45355,18.50302],[-74.451,18.50769],[-74.44216,18.51571],[-74.44136,18.51854],[-74.44283,18.51957],[-74.44285,18.52494],[-74.44467,18.52566],[-74.44304,18.52777],[-74.44483,18.53235],[-74.44047,18.53723],[-74.43564,18.53787],[-74.43423,18.54507],[-74.43625,18.54886],[-74.43473,18.55031],[-74.43188,18.54949],[-74.43134,18.55249],[-74.42576,18.55779],[-74.41999,18.56897],[-74.4189,18.57537],[-74.41497,18.58207],[-74.41463,18.58949],[-74.41634,18.59439],[-74.41769,18.59569],[-74.42213,18.59591],[-74.4236,18.5983],[-74.42744,18.60047],[-74.42762,18.60477],[-74.42902,18.6057],[-74.42616,18.60601],[-74.4247,18.60796],[-74.42579,18.61019],[-74.42418,18.61343],[-74.42573,18.61434],[-74.4248,18.61619],[-74.4185,18.61833],[-74.41592,18.62116],[-74.40974,18.62371],[-74.40717,18.62994],[-74.40453,18.62904],[-74.39939,18.63014],[-74.39696,18.62888],[-74.39702,18.6271],[-74.39517,18.6272],[-74.39426,18.63094],[-74.39505,18.63222],[-74.39097,18.63372],[-74.38821,18.63728],[-74.38475,18.63385],[-74.38202,18.62764],[-74.37421,18.6244],[-74.36921,18.62015],[-74.37093,18.61657],[-74.37697,18.61572],[-74.37775,18.61008],[-74.3815,18.60489],[-74.37861,18.59768],[-74.37225,18.58994],[-74.36312,18.58892],[-74.35838,18.58423],[-74.35221,18.58263],[-74.34987,18.57586],[-74.34668,18.57275],[-74.3421,18.57245],[-74.33797,18.57373],[-74.33581,18.57211],[-74.33736,18.56775],[-74.34046,18.56416],[-74.33495,18.56107],[-74.33283,18.55383],[-74.32967,18.55145],[-74.3288,18.54872],[-74.3361,18.54815],[-74.33572,18.54698],[-74.33998,18.5445],[-74.33814,18.54724],[-74.3383,18.54942],[-74.3418,18.54659],[-74.34606,18.54548],[-74.35105,18.54492],[-74.35224,18.54642],[-74.35375,18.54368],[-74.35802,18.54358],[-74.36121,18.54588],[-74.36388,18.54582],[-74.36622,18.54403],[-74.36798,18.53854],[-74.37094,18.53796],[-74.37192,18.53639],[-74.36972,18.53413],[-74.37333,18.52949],[-74.3709,18.5276],[-74.37053,18.52572],[-74.36829,18.5253],[-74.36886,18.52247],[-74.36729,18.52154],[-74.36939,18.51598],[-74.3748,18.51104],[-74.36819,18.50584],[-74.37259,18.50293],[-74.37351,18.50088],[-74.37319,18.49638],[-74.36898,18.49077],[-74.37222,18.48882],[-74.37021,18.48645],[-74.3638,18.4845],[-74.35624,18.47828],[-74.3593,18.47038],[-74.35857,18.46351],[-74.35638,18.46324],[-74.35111,18.46551],[-74.34591,18.46335],[-74.34274,18.46554],[-74.33434,18.45939],[-74.32704,18.4626],[-74.32416,18.46004],[-74.31093,18.46162],[-74.30766,18.46112],[-74.30442,18.45864],[-74.30741,18.45393],[-74.30801,18.446],[-74.31511,18.43895],[-74.31402,18.42875],[-74.32753,18.42777],[-74.33068,18.42546],[-74.33274,18.42195],[-74.33429,18.41867],[-74.33309,18.41741]]]}},{"type":"Feature","properties":{"arrondissement":"Corail","adm1_name":"Grand’Anse","complete":false,"communeCount":5},"geometry":{"type":"MultiPolygon","coordinates":[[[[-73.94278,18.37051],[-73.96077,18.36993],[-73.96431,18.3688],[-73.97005,18.37085],[-73.97357,18.37054],[-73.97607,18.37289],[-73.97771,18.37131],[-73.97853,18.37331],[-73.98379,18.37376],[-73.99407,18.38016],[-74.00276,18.38373],[-74.01558,18.38194],[-74.03189,18.38409],[-74.03554,18.38748],[-74.04128,18.3876],[-74.04707,18.38947],[-74.0504,18.39373],[-74.05565,18.39741],[-74.05824,18.40167],[-74.06423,18.40481],[-74.07546,18.40521],[-74.08186,18.40764],[-74.10085,18.40275],[-74.10655,18.4035],[-74.1079,18.41613],[-74.11575,18.42642],[-74.11557,18.4301],[-74.11969,18.43462],[-74.11294,18.43796],[-74.10802,18.4467],[-74.10145,18.45103],[-74.09761,18.45686],[-74.09708,18.46403],[-74.10057,18.4707],[-74.09983,18.47613],[-74.10216,18.48007],[-74.09489,18.49179],[-74.09614,18.49825],[-74.09133,18.49904],[-74.08906,18.49802],[-74.08747,18.49931],[-74.08467,18.50789],[-74.07543,18.52319],[-74.07708,18.52545],[-74.08384,18.52197],[-74.08645,18.52193],[-74.09018,18.52822],[-74.08963,18.53056],[-74.08654,18.5316],[-74.08434,18.53652],[-74.08882,18.54492],[-74.08714,18.54822],[-74.08728,18.55159],[-74.09034,18.55658],[-74.08951,18.55928],[-74.0785,18.56992],[-74.07157,18.57447],[-74.07037,18.57678],[-74.07319,18.58664],[-74.07175,18.5918],[-74.07266,18.59278],[-74.072,18.59809],[-74.07486,18.60381],[-74.07828,18.61641],[-74.06704,18.61119],[-74.02628,18.60167],[-74.00696,18.60092],[-74.00444,18.59925],[-74.0027,18.60065],[-73.99487,18.60126],[-73.9927,18.60261],[-73.98787,18.60192],[-73.98542,18.60279],[-73.98401,18.60038],[-73.97911,18.60187],[-73.97742,18.59997],[-73.9757,18.60151],[-73.96997,18.60191],[-73.96512,18.59998],[-73.96534,18.60125],[-73.96274,18.60162],[-73.95458,18.5966],[-73.95388,18.5974],[-73.95259,18.59612],[-73.95066,18.59649],[-73.94755,18.59244],[-73.93999,18.58822],[-73.93569,18.58914],[-73.93601,18.59099],[-73.93393,18.59369],[-73.92714,18.59426],[-73.92501,18.59312],[-73.92596,18.59195],[-73.92453,18.59203],[-73.9242,18.58999],[-73.92137,18.59107],[-73.91801,18.58935],[-73.91633,18.59016],[-73.917,18.58742],[-73.91474,18.58757],[-73.91499,18.58611],[-73.90913,18.58786],[-73.91105,18.58583],[-73.91476,18.58577],[-73.91365,18.58242],[-73.91486,18.58147],[-73.91874,18.581],[-73.91695,18.5782],[-73.91601,18.57918],[-73.91213,18.57879],[-73.91286,18.57466],[-73.90827,18.57268],[-73.90601,18.57739],[-73.90434,18.57691],[-73.90478,18.57415],[-73.90235,18.57247],[-73.90247,18.57074],[-73.90365,18.57188],[-73.90468,18.57097],[-73.90317,18.56641],[-73.90113,18.56915],[-73.88758,18.56797],[-73.88553,18.57038],[-73.87658,18.56975],[-73.87304,18.57235],[-73.87196,18.57178],[-73.87244,18.57014],[-73.87093,18.57079],[-73.86981,18.56952],[-73.86533,18.57191],[-73.86324,18.57041],[-73.86081,18.57126],[-73.85746,18.56899],[-73.85545,18.57264],[-73.85462,18.57106],[-73.8525,18.57262],[-73.85151,18.56907],[-73.85299,18.56692],[-73.85156,18.56768],[-73.85012,18.56617],[-73.84908,18.57027],[-73.84711,18.57225],[-73.84622,18.57256],[-73.84654,18.56988],[-73.84177,18.57208],[-73.84254,18.57038],[-73.84018,18.57016],[-73.83975,18.56713],[-73.83615,18.56912],[-73.83709,18.56655],[-73.83365,18.56668],[-73.83456,18.56347],[-73.83223,18.56537],[-73.83128,18.56269],[-73.82862,18.56342],[-73.82805,18.5616],[-73.82699,18.56283],[-73.82558,18.5606],[-73.82201,18.5628],[-73.82075,18.55865],[-73.81837,18.56081],[-73.8165,18.55874],[-73.81724,18.55724],[-73.81523,18.55905],[-73.81603,18.56025],[-73.81411,18.56108],[-73.81295,18.55949],[-73.81484,18.55651],[-73.81199,18.55819],[-73.81179,18.55636],[-73.81017,18.55762],[-73.8077,18.5553],[-73.80639,18.55588],[-73.80329,18.55345],[-73.80374,18.54951],[-73.80184,18.55228],[-73.79956,18.55107],[-73.79965,18.55001],[-73.79669,18.54953],[-73.79741,18.54605],[-73.79355,18.54836],[-73.79588,18.54565],[-73.79088,18.54575],[-73.79271,18.54486],[-73.78873,18.54008],[-73.79072,18.53732],[-73.78989,18.535],[-73.78842,18.53855],[-73.78309,18.53999],[-73.78156,18.53854],[-73.78012,18.54019],[-73.77938,18.53572],[-73.77676,18.5359],[-73.77602,18.53691],[-73.77808,18.53929],[-73.77517,18.54226],[-73.77608,18.53921],[-73.7745,18.53889],[-73.77368,18.54049],[-73.77308,18.53848],[-73.77191,18.54174],[-73.76499,18.54411],[-73.76262,18.5399],[-73.76025,18.54384],[-73.75804,18.54488],[-73.75303,18.54246],[-73.753,18.5449],[-73.75185,18.54548],[-73.74751,18.54457],[-73.7426,18.54771],[-73.7402,18.54619],[-73.74003,18.5478],[-73.73908,18.54716],[-73.73404,18.55033],[-73.73161,18.54971],[-73.73553,18.54585],[-73.73482,18.54423],[-73.73143,18.54285],[-73.73152,18.54072],[-73.73739,18.5361],[-73.74328,18.52324],[-73.75394,18.51712],[-73.75757,18.51179],[-73.76533,18.50611],[-73.76829,18.50191],[-73.76881,18.49898],[-73.76733,18.49649],[-73.76169,18.49421],[-73.74829,18.48981],[-73.74237,18.48929],[-73.73851,18.48627],[-73.73799,18.48408],[-73.74252,18.47776],[-73.75886,18.46802],[-73.76546,18.46545],[-73.76665,18.46282],[-73.76629,18.45947],[-73.77243,18.45689],[-73.77487,18.45417],[-73.7758,18.44222],[-73.7789,18.4413],[-73.78002,18.42395],[-73.78562,18.42407],[-73.79439,18.42037],[-73.8213,18.4129],[-73.83542,18.41034],[-73.84288,18.40677],[-73.84575,18.40782],[-73.86273,18.40626],[-73.8684,18.40717],[-73.87513,18.40557],[-73.87864,18.40739],[-73.90343,18.40062],[-73.90569,18.39902],[-73.9062,18.38924],[-73.89789,18.37706],[-73.89294,18.37537],[-73.8956,18.36306],[-73.90222,18.36335],[-73.90658,18.3622],[-73.91037,18.36357],[-73.9156,18.36319],[-73.91883,18.36482],[-73.92291,18.36411],[-73.92609,18.36651],[-73.93093,18.36553],[-73.93666,18.36883],[-73.94278,18.37051]]],[[[-73.75017,18.64305],[-73.74479,18.64271],[-73.74206,18.63928],[-73.72579,18.63302],[-73.71748,18.63259],[-73.70509,18.62822],[-73.70129,18.62528],[-73.69868,18.6187],[-73.69907,18.61322],[-73.70124,18.60803],[-73.70822,18.59964],[-73.71858,18.59209],[-73.73271,18.58427],[-73.74395,18.58174],[-73.74758,18.58504],[-73.74872,18.58396],[-73.74862,18.58529],[-73.75497,18.5845],[-73.75462,18.58647],[-73.75762,18.58701],[-73.75808,18.58845],[-73.75977,18.58841],[-73.76141,18.59017],[-73.7612,18.59302],[-73.76635,18.59391],[-73.7683,18.59311],[-73.77054,18.5942],[-73.7711,18.59192],[-73.77319,18.5913],[-73.77563,18.59504],[-73.7786,18.59577],[-73.78103,18.59475],[-73.79198,18.59785],[-73.79232,18.59963],[-73.79676,18.60324],[-73.79522,18.60484],[-73.79676,18.61326],[-73.7966,18.62084],[-73.7946,18.62254],[-73.79525,18.62386],[-73.79416,18.62377],[-73.79375,18.62624],[-73.78767,18.6283],[-73.77411,18.6389],[-73.76653,18.64314],[-73.75864,18.64442],[-73.75017,18.64305]]]]}},{"type":"Feature","properties":{"arrondissement":"Jérémie","adm1_name":"Grand’Anse","complete":false,"communeCount":6},"geometry":{"type":"Polygon","coordinates":[[[-74.21708,18.40211],[-74.21746,18.39202],[-74.22323,18.38828],[-74.22081,18.38348],[-74.22289,18.38005],[-74.23047,18.38004],[-74.2355,18.37693],[-74.25025,18.3748],[-74.26034,18.37649],[-74.26507,18.38137],[-74.27701,18.38136],[-74.28666,18.39006],[-74.29633,18.39595],[-74.30334,18.41153],[-74.30246,18.41592],[-74.31728,18.4166],[-74.32126,18.41828],[-74.32687,18.41569],[-74.33249,18.41599],[-74.33429,18.41867],[-74.33068,18.42546],[-74.32753,18.42777],[-74.31402,18.42875],[-74.31511,18.43895],[-74.30801,18.446],[-74.30741,18.45393],[-74.30442,18.45864],[-74.30766,18.46112],[-74.31093,18.46162],[-74.32416,18.46004],[-74.32704,18.4626],[-74.33434,18.45939],[-74.34274,18.46554],[-74.34591,18.46335],[-74.35111,18.46551],[-74.35638,18.46324],[-74.35857,18.46351],[-74.3593,18.47038],[-74.35624,18.47828],[-74.3638,18.4845],[-74.37021,18.48645],[-74.37222,18.48882],[-74.36898,18.49077],[-74.37319,18.49638],[-74.37351,18.50088],[-74.37259,18.50293],[-74.36819,18.50584],[-74.3748,18.51104],[-74.36939,18.51598],[-74.36729,18.52154],[-74.36886,18.52247],[-74.36829,18.5253],[-74.37053,18.52572],[-74.3709,18.5276],[-74.37333,18.52949],[-74.36972,18.53413],[-74.37192,18.53639],[-74.37094,18.53796],[-74.36798,18.53854],[-74.36622,18.54403],[-74.36388,18.54582],[-74.36121,18.54588],[-74.35802,18.54358],[-74.35375,18.54368],[-74.35224,18.54642],[-74.35105,18.54492],[-74.34606,18.54548],[-74.3418,18.54659],[-74.3383,18.54942],[-74.33814,18.54724],[-74.34008,18.54564],[-74.33998,18.5445],[-74.33572,18.54698],[-74.3361,18.54815],[-74.3288,18.54872],[-74.32967,18.55145],[-74.33283,18.55383],[-74.33495,18.56107],[-74.34046,18.56416],[-74.33736,18.56775],[-74.33581,18.57211],[-74.33797,18.57373],[-74.3421,18.57245],[-74.34668,18.57275],[-74.34987,18.57586],[-74.35221,18.58263],[-74.35838,18.58423],[-74.36312,18.58892],[-74.36967,18.58894],[-74.37393,18.59098],[-74.38089,18.60148],[-74.3815,18.60489],[-74.37775,18.61008],[-74.37697,18.61572],[-74.37093,18.61657],[-74.36921,18.62015],[-74.37421,18.6244],[-74.3824,18.62809],[-74.38475,18.63385],[-74.38942,18.63884],[-74.38973,18.64103],[-74.38573,18.64402],[-74.38343,18.64271],[-74.38269,18.63978],[-74.38132,18.64006],[-74.37637,18.63587],[-74.36978,18.63723],[-74.36755,18.63594],[-74.36558,18.63674],[-74.36362,18.64045],[-74.36137,18.64062],[-74.36031,18.6394],[-74.35712,18.64186],[-74.35582,18.64126],[-74.35286,18.64301],[-74.34915,18.64842],[-74.3467,18.64904],[-74.34668,18.64701],[-74.34429,18.64753],[-74.34372,18.65134],[-74.33822,18.64965],[-74.3372,18.64797],[-74.33303,18.65088],[-74.33001,18.65536],[-74.32423,18.65599],[-74.31515,18.65432],[-74.30935,18.64963],[-74.30545,18.65287],[-74.3075,18.65944],[-74.29682,18.66192],[-74.29106,18.65988],[-74.29057,18.65791],[-74.28863,18.65738],[-74.28793,18.65247],[-74.27946,18.64785],[-74.27627,18.65008],[-74.27486,18.65441],[-74.27031,18.65553],[-74.26829,18.66041],[-74.26358,18.66403],[-74.26442,18.66579],[-74.26289,18.6671],[-74.26305,18.66864],[-74.25973,18.67042],[-74.25228,18.67038],[-74.2497,18.66929],[-74.24946,18.66606],[-74.24703,18.66517],[-74.24642,18.66757],[-74.24313,18.67002],[-74.23342,18.67207],[-74.21486,18.67483],[-74.1952,18.67553],[-74.19402,18.67487],[-74.19484,18.6734],[-74.19286,18.67256],[-74.17516,18.66972],[-74.17155,18.67026],[-74.15579,18.66646],[-74.14795,18.66208],[-74.14623,18.65978],[-74.14039,18.66371],[-74.13015,18.65893],[-74.12968,18.65664],[-74.12676,18.65357],[-74.12226,18.6532],[-74.11983,18.65431],[-74.11927,18.65104],[-74.11729,18.65146],[-74.11407,18.64989],[-74.10883,18.64575],[-74.11167,18.64564],[-74.1121,18.64325],[-74.11105,18.6427],[-74.11232,18.64216],[-74.11141,18.63918],[-74.10845,18.63604],[-74.08949,18.62592],[-74.08545,18.62027],[-74.07828,18.61641],[-74.07486,18.60381],[-74.072,18.59809],[-74.07266,18.59278],[-74.07175,18.5918],[-74.07319,18.58664],[-74.07037,18.57678],[-74.07157,18.57447],[-74.0785,18.56992],[-74.08951,18.55928],[-74.09034,18.55658],[-74.08728,18.55159],[-74.08714,18.54822],[-74.08882,18.54492],[-74.08434,18.53652],[-74.08654,18.5316],[-74.08963,18.53056],[-74.09018,18.52822],[-74.08645,18.52193],[-74.08384,18.52197],[-74.07708,18.52545],[-74.07543,18.52319],[-74.08467,18.50789],[-74.08747,18.49931],[-74.08906,18.49802],[-74.09133,18.49904],[-74.09614,18.49825],[-74.09489,18.49179],[-74.10216,18.48007],[-74.09983,18.47613],[-74.10057,18.4707],[-74.09708,18.46403],[-74.09761,18.45686],[-74.10145,18.45103],[-74.10802,18.4467],[-74.11294,18.43796],[-74.11969,18.43462],[-74.11557,18.4301],[-74.11575,18.42642],[-74.1079,18.41613],[-74.10655,18.4035],[-74.11823,18.39684],[-74.12408,18.39636],[-74.13177,18.40105],[-74.15542,18.39567],[-74.17164,18.39303],[-74.17575,18.39388],[-74.18109,18.39202],[-74.19639,18.39779],[-74.20645,18.39812],[-74.21084,18.40229],[-74.21499,18.40396],[-74.21708,18.40211]]]}},{"type":"Feature","properties":{"arrondissement":"Anse-à-Veau","adm1_name":"Nippes","complete":true,"communeCount":5},"geometry":{"type":"Polygon","coordinates":[[[-73.32604,18.41036],[-73.32465,18.40141],[-73.32571,18.39873],[-73.33876,18.38846],[-73.33939,18.3866],[-73.33147,18.37779],[-73.33029,18.37498],[-73.3307,18.36934],[-73.33263,18.36889],[-73.33306,18.36997],[-73.33525,18.36811],[-73.33643,18.3694],[-73.34837,18.34861],[-73.35065,18.34536],[-73.35522,18.34251],[-73.36299,18.34525],[-73.38586,18.3471],[-73.39026,18.34584],[-73.40114,18.346],[-73.40453,18.34755],[-73.40943,18.34297],[-73.41227,18.34202],[-73.41844,18.34154],[-73.42923,18.34451],[-73.44165,18.34082],[-73.45879,18.33787],[-73.47041,18.33762],[-73.47183,18.34067],[-73.47898,18.34079],[-73.48216,18.34228],[-73.48945,18.34073],[-73.49322,18.3381],[-73.50448,18.3365],[-73.51542,18.33575],[-73.53962,18.33716],[-73.55459,18.33613],[-73.56148,18.34733],[-73.56436,18.34447],[-73.56435,18.34655],[-73.56121,18.34876],[-73.5563,18.34982],[-73.55726,18.35836],[-73.55501,18.36539],[-73.55493,18.36997],[-73.5462,18.37542],[-73.543,18.37583],[-73.54178,18.37365],[-73.53863,18.38462],[-73.54384,18.38625],[-73.54634,18.3893],[-73.54865,18.38751],[-73.55262,18.39049],[-73.55897,18.39124],[-73.55986,18.39243],[-73.55945,18.39943],[-73.56224,18.40142],[-73.57388,18.40119],[-73.5789,18.4072],[-73.5794,18.41657],[-73.57799,18.42053],[-73.58521,18.4209],[-73.59154,18.41885],[-73.59631,18.42061],[-73.60166,18.42044],[-73.60965,18.42713],[-73.6261,18.42567],[-73.63154,18.42201],[-73.63889,18.42496],[-73.64357,18.43021],[-73.64797,18.42983],[-73.6534,18.42584],[-73.66357,18.43067],[-73.66816,18.43334],[-73.6656,18.44923],[-73.6724,18.46073],[-73.66908,18.46266],[-73.66605,18.46211],[-73.65644,18.45402],[-73.65446,18.45086],[-73.6491,18.44887],[-73.64507,18.44141],[-73.64178,18.43889],[-73.63123,18.44779],[-73.61889,18.45414],[-73.6,18.45455],[-73.58675,18.45871],[-73.58739,18.46594],[-73.5936,18.46938],[-73.5954,18.47293],[-73.59476,18.47882],[-73.59036,18.48386],[-73.57981,18.48888],[-73.57765,18.4921],[-73.57484,18.50149],[-73.57001,18.50533],[-73.5698,18.5072],[-73.56751,18.50918],[-73.56411,18.50809],[-73.56403,18.51297],[-73.56176,18.51115],[-73.56278,18.50902],[-73.55905,18.50986],[-73.55491,18.51337],[-73.55421,18.5165],[-73.55001,18.51729],[-73.54989,18.51916],[-73.5482,18.51919],[-73.54823,18.52048],[-73.54364,18.52102],[-73.54323,18.52234],[-73.5391,18.51987],[-73.5363,18.52117],[-73.53941,18.52247],[-73.53891,18.52403],[-73.53017,18.52296],[-73.53189,18.52068],[-73.52813,18.51756],[-73.52566,18.51895],[-73.52583,18.52573],[-73.52052,18.52924],[-73.51806,18.52743],[-73.51489,18.52758],[-73.51246,18.52616],[-73.51147,18.52718],[-73.51212,18.52869],[-73.50769,18.52857],[-73.5057,18.52728],[-73.48226,18.52583],[-73.47101,18.52255],[-73.45745,18.52869],[-73.44299,18.52467],[-73.43187,18.52346],[-73.42229,18.52021],[-73.4158,18.51934],[-73.41202,18.5207],[-73.40681,18.52052],[-73.39326,18.51442],[-73.36444,18.51095],[-73.34974,18.50707],[-73.34739,18.50328],[-73.34596,18.50336],[-73.34594,18.50545],[-73.34488,18.50564],[-73.33087,18.50335],[-73.31097,18.4939],[-73.30633,18.48989],[-73.2991,18.48705],[-73.29669,18.4841],[-73.294,18.48315],[-73.27387,18.4832],[-73.2726,18.47561],[-73.27492,18.46341],[-73.27354,18.45933],[-73.2742,18.45628],[-73.27837,18.45284],[-73.27613,18.44952],[-73.26302,18.44715],[-73.25991,18.44502],[-73.25792,18.44158],[-73.25747,18.437],[-73.26249,18.41448],[-73.26173,18.4111],[-73.2586,18.40817],[-73.2624,18.40519],[-73.26379,18.40115],[-73.26805,18.40424],[-73.27414,18.40393],[-73.31089,18.41433],[-73.31316,18.41558],[-73.31371,18.41905],[-73.32061,18.42001],[-73.32521,18.41561],[-73.32604,18.41036]]]}},{"type":"Feature","properties":{"arrondissement":"Baradères","adm1_name":"Nippes","complete":true,"communeCount":2},"geometry":{"type":"Polygon","coordinates":[[[-73.72446,18.54485],[-73.72502,18.54289],[-73.72407,18.54351],[-73.72316,18.54214],[-73.72099,18.54345],[-73.72067,18.54619],[-73.71836,18.5444],[-73.71788,18.54198],[-73.71585,18.54399],[-73.71575,18.54219],[-73.71373,18.54249],[-73.71355,18.54078],[-73.71069,18.54064],[-73.71232,18.54294],[-73.71075,18.54332],[-73.7083,18.54142],[-73.7031,18.54283],[-73.70157,18.54214],[-73.70024,18.54349],[-73.69959,18.54126],[-73.69636,18.54518],[-73.69382,18.54553],[-73.69339,18.54195],[-73.69449,18.54064],[-73.69287,18.53939],[-73.69074,18.54232],[-73.68911,18.54213],[-73.68948,18.54501],[-73.68432,18.54502],[-73.68455,18.53644],[-73.68169,18.53808],[-73.68171,18.5436],[-73.6807,18.54485],[-73.67773,18.54492],[-73.67761,18.54232],[-73.67683,18.54355],[-73.67447,18.54031],[-73.67002,18.54238],[-73.66949,18.54081],[-73.66603,18.54248],[-73.66571,18.54071],[-73.66351,18.54119],[-73.66199,18.53777],[-73.66312,18.53519],[-73.66023,18.53492],[-73.66004,18.53287],[-73.66613,18.52833],[-73.66431,18.5245],[-73.66681,18.52525],[-73.67012,18.51971],[-73.66991,18.51751],[-73.67195,18.51701],[-73.67063,18.51336],[-73.67251,18.51176],[-73.67298,18.5093],[-73.67261,18.50747],[-73.66897,18.50764],[-73.66716,18.50573],[-73.66364,18.50613],[-73.66515,18.50505],[-73.66455,18.50251],[-73.66176,18.49912],[-73.66006,18.49985],[-73.65732,18.4988],[-73.6503,18.50138],[-73.64703,18.50106],[-73.64733,18.50239],[-73.63886,18.50408],[-73.63633,18.50643],[-73.63372,18.5037],[-73.63025,18.50466],[-73.62964,18.50241],[-73.6258,18.5016],[-73.62732,18.50471],[-73.62493,18.50333],[-73.62315,18.50409],[-73.62194,18.5028],[-73.62237,18.49948],[-73.61815,18.5026],[-73.61465,18.50087],[-73.61142,18.50322],[-73.61118,18.50053],[-73.60961,18.5033],[-73.60794,18.50361],[-73.608,18.5012],[-73.60529,18.50276],[-73.60347,18.50228],[-73.60318,18.50357],[-73.60016,18.50237],[-73.59888,18.50367],[-73.59772,18.50087],[-73.59477,18.50159],[-73.59262,18.50409],[-73.58772,18.50148],[-73.58618,18.50281],[-73.58653,18.5043],[-73.5843,18.50413],[-73.58338,18.50547],[-73.58037,18.50546],[-73.58003,18.50394],[-73.57844,18.50445],[-73.57807,18.50842],[-73.57912,18.50956],[-73.57779,18.5099],[-73.57687,18.50663],[-73.57531,18.50776],[-73.5757,18.50549],[-73.57066,18.50524],[-73.57484,18.50149],[-73.57765,18.4921],[-73.57981,18.48888],[-73.59036,18.48386],[-73.59476,18.47882],[-73.5954,18.47293],[-73.5936,18.46938],[-73.58739,18.46594],[-73.58675,18.45871],[-73.6,18.45455],[-73.61889,18.45414],[-73.63123,18.44779],[-73.64178,18.43889],[-73.64507,18.44141],[-73.6491,18.44887],[-73.65446,18.45086],[-73.65644,18.45402],[-73.66605,18.46211],[-73.67139,18.46185],[-73.6724,18.46073],[-73.6656,18.44923],[-73.66557,18.44521],[-73.66816,18.43334],[-73.66993,18.43019],[-73.67203,18.43074],[-73.67103,18.42546],[-73.67268,18.41971],[-73.67156,18.40291],[-73.67669,18.39799],[-73.68197,18.40009],[-73.69785,18.41422],[-73.70234,18.42007],[-73.70695,18.42111],[-73.72146,18.41473],[-73.73779,18.41599],[-73.74349,18.42059],[-73.75916,18.4235],[-73.771,18.41768],[-73.77761,18.42092],[-73.78002,18.42395],[-73.7789,18.4413],[-73.7758,18.44222],[-73.77487,18.45417],[-73.77243,18.45689],[-73.76629,18.45947],[-73.76665,18.46282],[-73.76546,18.46545],[-73.75886,18.46802],[-73.74252,18.47776],[-73.73799,18.48408],[-73.73851,18.48627],[-73.74237,18.48929],[-73.74829,18.48981],[-73.76169,18.49421],[-73.76733,18.49649],[-73.76881,18.49898],[-73.76829,18.50191],[-73.76533,18.50611],[-73.75757,18.51179],[-73.75394,18.51712],[-73.74328,18.52324],[-73.73739,18.5361],[-73.73152,18.54072],[-73.73143,18.54285],[-73.73482,18.54423],[-73.73553,18.54585],[-73.73304,18.54729],[-73.73081,18.55111],[-73.72665,18.5504],[-73.72112,18.55178],[-73.71922,18.55567],[-73.71941,18.5586],[-73.72257,18.55888],[-73.72334,18.55747],[-73.72487,18.55858],[-73.72648,18.55748],[-73.72731,18.55854],[-73.72933,18.55701],[-73.73083,18.55846],[-73.73083,18.55687],[-73.7339,18.55737],[-73.73421,18.55869],[-73.73004,18.56089],[-73.73173,18.56271],[-73.73106,18.56339],[-73.72773,18.56234],[-73.72886,18.56389],[-73.72785,18.5653],[-73.72654,18.56352],[-73.72575,18.56487],[-73.72699,18.56655],[-73.71947,18.56481],[-73.71958,18.56901],[-73.71734,18.57039],[-73.71857,18.57156],[-73.70269,18.57705],[-73.68713,18.57804],[-73.66962,18.5736],[-73.65618,18.57244],[-73.6349,18.58188],[-73.61719,18.58544],[-73.6026,18.58547],[-73.57776,18.58931],[-73.56737,18.58722],[-73.56414,18.58417],[-73.56367,18.58132],[-73.57747,18.56137],[-73.58587,18.55494],[-73.59224,18.55265],[-73.59878,18.55351],[-73.60695,18.55269],[-73.61314,18.55588],[-73.61707,18.55402],[-73.61882,18.55648],[-73.63069,18.55919],[-73.6398,18.55911],[-73.64167,18.55753],[-73.64404,18.55837],[-73.64256,18.55931],[-73.64356,18.56043],[-73.64534,18.55943],[-73.64347,18.55636],[-73.64436,18.55437],[-73.652,18.55497],[-73.66612,18.55312],[-73.66413,18.55667],[-73.6614,18.55792],[-73.66171,18.55987],[-73.66305,18.56021],[-73.66621,18.55715],[-73.66929,18.56112],[-73.67498,18.56468],[-73.68138,18.56435],[-73.68815,18.5657],[-73.69123,18.56473],[-73.69005,18.56224],[-73.68027,18.56021],[-73.6804,18.55738],[-73.68253,18.5538],[-73.68569,18.55447],[-73.6872,18.55221],[-73.69252,18.55372],[-73.69232,18.55131],[-73.69626,18.55049],[-73.69865,18.55356],[-73.69992,18.54965],[-73.70814,18.54705],[-73.71046,18.54402],[-73.7172,18.54868],[-73.71664,18.55128],[-73.7249,18.54557],[-73.72446,18.54485]]]}},{"type":"Feature","properties":{"arrondissement":"Miragoâne","adm1_name":"Nippes","complete":true,"communeCount":4},"geometry":{"type":"Polygon","coordinates":[[[-73.10718,18.44897],[-73.10515,18.44662],[-73.1039,18.4466],[-73.10396,18.44783],[-73.09148,18.44289],[-73.09026,18.44696],[-73.08728,18.44691],[-73.0848,18.44949],[-73.08015,18.44751],[-73.07625,18.44827],[-73.07445,18.44653],[-73.07066,18.45361],[-73.0726,18.45475],[-73.06978,18.45806],[-73.0641,18.45825],[-73.06336,18.45711],[-73.05668,18.46125],[-73.05068,18.46108],[-73.05477,18.45237],[-73.05231,18.448],[-73.04858,18.44554],[-73.04457,18.4375],[-73.04832,18.43537],[-73.0519,18.43554],[-73.05374,18.43221],[-73.05134,18.43084],[-73.0463,18.41778],[-73.03743,18.40918],[-73.0396,18.40707],[-73.03588,18.39775],[-73.0297,18.38901],[-73.02361,18.3875],[-73.01901,18.38311],[-73.02302,18.37927],[-73.02557,18.37467],[-73.02409,18.37249],[-73.01833,18.37007],[-73.01469,18.3669],[-73.01089,18.36065],[-73.01372,18.3525],[-73.01875,18.35109],[-73.02015,18.34851],[-73.01726,18.34165],[-73.00929,18.33313],[-73.0006,18.32905],[-72.99668,18.32401],[-72.99532,18.31971],[-72.99492,18.30592],[-72.99806,18.29873],[-73.01017,18.28798],[-73.01289,18.27926],[-73.01385,18.27214],[-73.0131,18.26675],[-73.01562,18.2611],[-73.01345,18.25558],[-73.00903,18.25237],[-73.01202,18.24782],[-73.01086,18.24268],[-73.00883,18.24056],[-73.00998,18.23106],[-73.01311,18.22683],[-73.01125,18.22274],[-73.01289,18.22184],[-73.01585,18.22146],[-73.01678,18.22328],[-73.0141,18.2256],[-73.01427,18.22761],[-73.02008,18.2245],[-73.02282,18.22519],[-73.01827,18.23043],[-73.02058,18.23283],[-73.01669,18.23665],[-73.01934,18.23658],[-73.0231,18.23935],[-73.02832,18.23894],[-73.03069,18.24056],[-73.03134,18.24273],[-73.02887,18.2475],[-73.03028,18.24939],[-73.02992,18.25114],[-73.03299,18.25116],[-73.033,18.25475],[-73.03781,18.25652],[-73.03591,18.25943],[-73.04165,18.25968],[-73.03866,18.26268],[-73.03981,18.26619],[-73.03798,18.2702],[-73.04299,18.27067],[-73.0408,18.2717],[-73.04274,18.27532],[-73.04235,18.27717],[-73.04839,18.28007],[-73.05003,18.28499],[-73.05236,18.28699],[-73.04381,18.29437],[-73.0468,18.29675],[-73.04222,18.30035],[-73.04617,18.30071],[-73.04693,18.30246],[-73.04993,18.29966],[-73.0523,18.30286],[-73.05588,18.3006],[-73.05713,18.30332],[-73.05937,18.30303],[-73.06018,18.30725],[-73.0639,18.31165],[-73.0644,18.3146],[-73.06698,18.31564],[-73.06648,18.31769],[-73.06831,18.32292],[-73.07201,18.3228],[-73.06959,18.32715],[-73.07068,18.33102],[-73.07268,18.33114],[-73.07346,18.32986],[-73.07236,18.32727],[-73.08001,18.3294],[-73.08054,18.33471],[-73.08581,18.33642],[-73.08677,18.33893],[-73.09679,18.34498],[-73.10045,18.35305],[-73.10819,18.35842],[-73.11046,18.36185],[-73.11466,18.36052],[-73.11859,18.36297],[-73.12038,18.36143],[-73.122,18.36203],[-73.12519,18.35886],[-73.13385,18.36382],[-73.14163,18.36474],[-73.15658,18.3502],[-73.1645,18.35056],[-73.17046,18.3534],[-73.17322,18.35613],[-73.17941,18.35655],[-73.18102,18.35866],[-73.18312,18.35865],[-73.18682,18.36286],[-73.19513,18.36406],[-73.20459,18.36218],[-73.20618,18.36299],[-73.2158,18.36162],[-73.21767,18.36253],[-73.22817,18.3523],[-73.24723,18.35423],[-73.2608,18.35296],[-73.26395,18.3551],[-73.26683,18.35985],[-73.27001,18.35876],[-73.27706,18.36117],[-73.28687,18.36771],[-73.29156,18.36675],[-73.29508,18.36775],[-73.29403,18.3658],[-73.29631,18.36553],[-73.29944,18.36864],[-73.3014,18.36662],[-73.30508,18.36683],[-73.30632,18.36534],[-73.31987,18.36289],[-73.32304,18.3647],[-73.32482,18.36776],[-73.32754,18.36716],[-73.3306,18.37078],[-73.33029,18.37498],[-73.33147,18.37779],[-73.33939,18.3866],[-73.33876,18.38846],[-73.32571,18.39873],[-73.32465,18.40141],[-73.32612,18.41329],[-73.32422,18.41732],[-73.32061,18.42001],[-73.31371,18.41905],[-73.31316,18.41558],[-73.31089,18.41433],[-73.27414,18.40393],[-73.26805,18.40424],[-73.26379,18.40115],[-73.2624,18.40519],[-73.2586,18.40817],[-73.26173,18.4111],[-73.26249,18.41448],[-73.25747,18.437],[-73.25792,18.44158],[-73.25991,18.44502],[-73.26302,18.44715],[-73.27613,18.44952],[-73.27837,18.45284],[-73.2742,18.45628],[-73.27354,18.45933],[-73.27492,18.46341],[-73.2726,18.47561],[-73.27387,18.4832],[-73.26963,18.48365],[-73.26407,18.48117],[-73.23941,18.47619],[-73.23538,18.47813],[-73.23023,18.47747],[-73.22591,18.47949],[-73.21271,18.48086],[-73.20469,18.48449],[-73.20125,18.48772],[-73.19436,18.48897],[-73.19214,18.48826],[-73.18867,18.4897],[-73.16035,18.48551],[-73.15579,18.48212],[-73.14738,18.4795],[-73.13803,18.47881],[-73.12522,18.47494],[-73.12581,18.47278],[-73.12425,18.47215],[-73.12578,18.4708],[-73.12586,18.46944],[-73.12447,18.46928],[-73.12519,18.46664],[-73.1219,18.4701],[-73.12001,18.46588],[-73.1247,18.46247],[-73.12263,18.46311],[-73.12295,18.46118],[-73.12145,18.4611],[-73.11944,18.46241],[-73.11967,18.46135],[-73.11799,18.46066],[-73.11784,18.46317],[-73.11671,18.46343],[-73.11699,18.46138],[-73.11393,18.46211],[-73.11636,18.45818],[-73.11056,18.45327],[-73.11074,18.45552],[-73.10829,18.45716],[-73.1061,18.45644],[-73.1068,18.45431],[-73.10518,18.45401],[-73.1053,18.45267],[-73.10373,18.45166],[-73.10843,18.45275],[-73.10718,18.44897]]]}},{"type":"Feature","properties":{"arrondissement":"Acul-du-Nord","adm1_name":"Nord","complete":true,"communeCount":3},"geometry":{"type":"Polygon","coordinates":[[[-72.23597,19.71251],[-72.23381,19.71836],[-72.22911,19.71951],[-72.22777,19.72161],[-72.22351,19.72309],[-72.20725,19.71675],[-72.19891,19.70997],[-72.19858,19.70352],[-72.18617,19.69911],[-72.18661,19.68614],[-72.18849,19.68157],[-72.18745,19.67717],[-72.18838,19.6735],[-72.19108,19.67098],[-72.19327,19.66338],[-72.19287,19.65778],[-72.18742,19.65667],[-72.18717,19.6545],[-72.18869,19.64773],[-72.19515,19.64657],[-72.19779,19.62389],[-72.1888,19.62269],[-72.18901,19.62106],[-72.19146,19.61813],[-72.20032,19.61272],[-72.19849,19.60989],[-72.19937,19.60701],[-72.20704,19.60391],[-72.20443,19.59624],[-72.21707,19.58921],[-72.2293,19.57804],[-72.23428,19.57499],[-72.2413,19.57318],[-72.2422,19.57095],[-72.24405,19.57051],[-72.24734,19.5721],[-72.25114,19.5705],[-72.25478,19.57258],[-72.26361,19.57421],[-72.26676,19.57858],[-72.27149,19.57799],[-72.27026,19.56539],[-72.27578,19.5665],[-72.27596,19.56505],[-72.27812,19.56608],[-72.28114,19.56452],[-72.2849,19.56474],[-72.28566,19.56188],[-72.2872,19.56259],[-72.28813,19.56171],[-72.28898,19.5597],[-72.28796,19.55861],[-72.29179,19.55807],[-72.30477,19.55974],[-72.31912,19.55874],[-72.32249,19.5614],[-72.32466,19.57002],[-72.32779,19.5721],[-72.33486,19.57073],[-72.33607,19.57195],[-72.34703,19.57382],[-72.35907,19.57265],[-72.36217,19.56734],[-72.36488,19.56536],[-72.3666,19.5661],[-72.36472,19.57507],[-72.36636,19.57654],[-72.36193,19.5784],[-72.35922,19.58179],[-72.36005,19.5833],[-72.3591,19.5856],[-72.36292,19.58785],[-72.36524,19.59192],[-72.36916,19.59039],[-72.37455,19.59024],[-72.37747,19.58836],[-72.37858,19.58544],[-72.38119,19.58553],[-72.39056,19.573],[-72.39136,19.57075],[-72.39019,19.56612],[-72.3932,19.56217],[-72.39856,19.56458],[-72.40015,19.56398],[-72.40396,19.56931],[-72.40541,19.56785],[-72.40838,19.56772],[-72.40973,19.56926],[-72.40934,19.57091],[-72.41183,19.57135],[-72.4034,19.57725],[-72.40285,19.58007],[-72.40629,19.58333],[-72.40492,19.58465],[-72.40318,19.59439],[-72.40629,19.59859],[-72.40265,19.60374],[-72.40313,19.60665],[-72.40485,19.60778],[-72.40437,19.60959],[-72.3958,19.61093],[-72.39522,19.6169],[-72.39713,19.61852],[-72.39662,19.63095],[-72.39055,19.63851],[-72.37741,19.6507],[-72.37213,19.65167],[-72.37073,19.6553],[-72.36528,19.65462],[-72.35893,19.65784],[-72.36098,19.66599],[-72.34718,19.6824],[-72.3422,19.68565],[-72.34146,19.69112],[-72.34733,19.69956],[-72.35094,19.70336],[-72.35295,19.70366],[-72.35426,19.70912],[-72.3616,19.71248],[-72.36363,19.71796],[-72.36863,19.71997],[-72.37091,19.72355],[-72.37061,19.73737],[-72.37174,19.73977],[-72.37397,19.74082],[-72.37309,19.74532],[-72.37684,19.7531],[-72.37589,19.75618],[-72.37133,19.76045],[-72.36822,19.76967],[-72.36372,19.7725],[-72.36377,19.77571],[-72.36152,19.77413],[-72.3594,19.77478],[-72.35936,19.7808],[-72.35356,19.78275],[-72.35178,19.78018],[-72.34312,19.77555],[-72.33879,19.77141],[-72.33349,19.75419],[-72.3269,19.74862],[-72.32674,19.74438],[-72.32856,19.7446],[-72.32838,19.7493],[-72.33059,19.74991],[-72.33278,19.74745],[-72.32984,19.74404],[-72.33007,19.74257],[-72.33133,19.74289],[-72.3382,19.75234],[-72.3397,19.75215],[-72.34202,19.75024],[-72.34267,19.74548],[-72.34121,19.74461],[-72.33825,19.73659],[-72.33824,19.73325],[-72.33683,19.73181],[-72.33687,19.72171],[-72.33493,19.72101],[-72.33246,19.7142],[-72.328,19.71275],[-72.32349,19.70844],[-72.32023,19.7086],[-72.31935,19.70691],[-72.31675,19.70673],[-72.31285,19.70781],[-72.31022,19.71053],[-72.31236,19.71706],[-72.31206,19.71918],[-72.31008,19.71964],[-72.31253,19.72631],[-72.31151,19.73277],[-72.31384,19.73563],[-72.31155,19.73729],[-72.30839,19.73736],[-72.30808,19.73906],[-72.31046,19.74392],[-72.31212,19.74282],[-72.31795,19.74333],[-72.31975,19.74549],[-72.31906,19.74852],[-72.31717,19.74924],[-72.31101,19.74794],[-72.31434,19.76029],[-72.32003,19.76773],[-72.31885,19.77008],[-72.31493,19.77027],[-72.31377,19.76554],[-72.30637,19.76173],[-72.30401,19.76221],[-72.3039,19.76112],[-72.29705,19.76272],[-72.29488,19.76559],[-72.28882,19.76399],[-72.28488,19.76842],[-72.28242,19.76597],[-72.27778,19.76602],[-72.27543,19.763],[-72.27136,19.76407],[-72.27073,19.76173],[-72.26688,19.76374],[-72.26247,19.76253],[-72.25759,19.75874],[-72.25669,19.74745],[-72.26084,19.74512],[-72.26421,19.74649],[-72.26724,19.74506],[-72.26877,19.74116],[-72.2615,19.73924],[-72.25103,19.74004],[-72.24804,19.72966],[-72.24509,19.72893],[-72.2482,19.72503],[-72.24777,19.72209],[-72.25214,19.71917],[-72.2443,19.70821],[-72.24029,19.70959],[-72.23899,19.71248],[-72.23597,19.71251]]]}},{"type":"Feature","properties":{"arrondissement":"Borgne","adm1_name":"Nord","complete":true,"communeCount":2},"geometry":{"type":"Polygon","coordinates":[[[-72.49023,19.8226],[-72.48961,19.82635],[-72.49273,19.82976],[-72.49117,19.83185],[-72.49165,19.83402],[-72.48912,19.83416],[-72.48826,19.83033],[-72.48466,19.82791],[-72.48209,19.82315],[-72.47967,19.82147],[-72.47183,19.82211],[-72.46792,19.82507],[-72.46707,19.82851],[-72.47021,19.83035],[-72.47022,19.83301],[-72.46784,19.83083],[-72.46428,19.83122],[-72.45976,19.8286],[-72.459,19.82684],[-72.46044,19.82565],[-72.4578,19.82243],[-72.44942,19.81817],[-72.44464,19.81741],[-72.43683,19.81879],[-72.43313,19.82135],[-72.43241,19.82365],[-72.43433,19.82563],[-72.43418,19.82969],[-72.43257,19.83093],[-72.42723,19.82927],[-72.42506,19.82516],[-72.42975,19.82214],[-72.42952,19.81954],[-72.42685,19.81901],[-72.42481,19.81656],[-72.42313,19.81706],[-72.42333,19.81415],[-72.41705,19.80908],[-72.41897,19.80693],[-72.41678,19.80027],[-72.41953,19.79946],[-72.42214,19.7951],[-72.41811,19.78947],[-72.41761,19.78496],[-72.41435,19.77833],[-72.40642,19.77436],[-72.40372,19.76949],[-72.40395,19.76854],[-72.41436,19.76823],[-72.4179,19.76649],[-72.41913,19.76307],[-72.41866,19.75735],[-72.42428,19.74849],[-72.42352,19.74463],[-72.41642,19.74371],[-72.41626,19.7416],[-72.42353,19.74009],[-72.42302,19.73365],[-72.42663,19.73232],[-72.42965,19.72909],[-72.43012,19.72483],[-72.42881,19.71972],[-72.43452,19.71366],[-72.43419,19.70908],[-72.43823,19.70739],[-72.4464,19.7004],[-72.44419,19.69413],[-72.4458,19.69272],[-72.44621,19.68562],[-72.45502,19.6811],[-72.46565,19.67289],[-72.46881,19.66508],[-72.47146,19.6632],[-72.4759,19.67101],[-72.47407,19.67542],[-72.47609,19.67809],[-72.47951,19.69043],[-72.4815,19.69528],[-72.48578,19.70046],[-72.48924,19.69616],[-72.49207,19.69666],[-72.50037,19.70369],[-72.50779,19.70261],[-72.51032,19.71439],[-72.50682,19.71798],[-72.50969,19.72483],[-72.51524,19.73144],[-72.51614,19.73634],[-72.51532,19.74381],[-72.5183,19.73864],[-72.52897,19.73882],[-72.53236,19.73703],[-72.53211,19.73469],[-72.53336,19.73324],[-72.53893,19.733],[-72.54325,19.73439],[-72.5494,19.73299],[-72.55555,19.73685],[-72.55763,19.73442],[-72.56548,19.73906],[-72.5717,19.73943],[-72.57393,19.74294],[-72.57151,19.74682],[-72.57861,19.75418],[-72.57762,19.75965],[-72.5745,19.76593],[-72.57565,19.76654],[-72.58137,19.76726],[-72.58333,19.7639],[-72.58833,19.76397],[-72.597,19.75879],[-72.61885,19.76459],[-72.62435,19.7636],[-72.63099,19.76602],[-72.63139,19.77132],[-72.63962,19.7723],[-72.6374,19.77376],[-72.63853,19.77801],[-72.64319,19.78548],[-72.65631,19.78565],[-72.6533,19.77675],[-72.66832,19.77632],[-72.67362,19.77871],[-72.67632,19.78442],[-72.67707,19.79193],[-72.68147,19.80376],[-72.67802,19.80893],[-72.67723,19.81388],[-72.68383,19.82633],[-72.6846,19.83163],[-72.67887,19.83287],[-72.66998,19.83217],[-72.66092,19.8287],[-72.65175,19.828],[-72.63896,19.82935],[-72.63796,19.8267],[-72.64016,19.82129],[-72.63913,19.81854],[-72.63644,19.8171],[-72.6318,19.81689],[-72.63007,19.8117],[-72.6272,19.81356],[-72.6233,19.8136],[-72.62239,19.81553],[-72.61935,19.81486],[-72.61842,19.81654],[-72.61501,19.81799],[-72.61621,19.82038],[-72.61588,19.82794],[-72.61355,19.83411],[-72.61069,19.83615],[-72.60411,19.83883],[-72.60156,19.83825],[-72.59811,19.83741],[-72.5944,19.83029],[-72.59089,19.83148],[-72.59321,19.83259],[-72.59552,19.83994],[-72.59254,19.8435],[-72.59019,19.84984],[-72.58936,19.85119],[-72.58385,19.85181],[-72.58006,19.84981],[-72.58151,19.85319],[-72.58089,19.85571],[-72.58306,19.85812],[-72.58332,19.86616],[-72.57193,19.87443],[-72.56829,19.87492],[-72.567,19.87762],[-72.56417,19.87843],[-72.56157,19.87754],[-72.56128,19.87981],[-72.55343,19.87645],[-72.55238,19.87434],[-72.55576,19.87127],[-72.54471,19.86428],[-72.54416,19.86237],[-72.54248,19.86294],[-72.54038,19.86165],[-72.53997,19.8601],[-72.54137,19.86006],[-72.54063,19.85774],[-72.53954,19.85828],[-72.53875,19.85604],[-72.53213,19.84955],[-72.52772,19.84751],[-72.52244,19.85006],[-72.52123,19.84387],[-72.51829,19.83978],[-72.51475,19.8394],[-72.51314,19.84055],[-72.51171,19.84804],[-72.51043,19.8486],[-72.50738,19.84669],[-72.5059,19.84488],[-72.50435,19.83604],[-72.50126,19.83711],[-72.49833,19.83535],[-72.50051,19.83025],[-72.50024,19.82451],[-72.49385,19.81965],[-72.49053,19.82128],[-72.49023,19.8226]]]}},{"type":"Feature","properties":{"arrondissement":"Cap-Haïtien","adm1_name":"Nord","complete":true,"communeCount":3},"geometry":{"type":"Polygon","coordinates":[[[-72.13031,19.75213],[-72.1283,19.75086],[-72.12701,19.74296],[-72.12252,19.73666],[-72.11475,19.7301],[-72.10155,19.72712],[-72.09653,19.72771],[-72.09343,19.72618],[-72.08851,19.72828],[-72.07959,19.72895],[-72.07923,19.73009],[-72.07494,19.73056],[-72.07296,19.73233],[-72.06457,19.73299],[-72.06133,19.73067],[-72.05556,19.73166],[-72.05439,19.72968],[-72.0548,19.72726],[-72.05764,19.72207],[-72.06445,19.71988],[-72.06511,19.71869],[-72.06319,19.71516],[-72.06437,19.71346],[-72.07156,19.71251],[-72.07833,19.7147],[-72.0813,19.70964],[-72.07619,19.70882],[-72.07834,19.70549],[-72.07808,19.70317],[-72.07468,19.70422],[-72.07215,19.70285],[-72.06878,19.70369],[-72.06684,19.70242],[-72.0674,19.70669],[-72.06127,19.70703],[-72.06146,19.71036],[-72.06026,19.71106],[-72.06205,19.71277],[-72.06167,19.71513],[-72.06032,19.71584],[-72.06165,19.71638],[-72.06177,19.71799],[-72.05995,19.7187],[-72.05676,19.71732],[-72.0542,19.72125],[-72.05293,19.72087],[-72.05436,19.72287],[-72.05156,19.72812],[-72.04763,19.73128],[-72.04462,19.73026],[-72.04864,19.7337],[-72.0492,19.73531],[-72.04743,19.73767],[-72.04533,19.73696],[-72.04443,19.73405],[-72.04378,19.73579],[-72.03831,19.73106],[-72.03628,19.72651],[-72.03688,19.72355],[-72.04026,19.72074],[-72.03681,19.71665],[-72.03759,19.71183],[-72.03613,19.71094],[-72.03627,19.70764],[-72.03771,19.70532],[-72.04679,19.70166],[-72.05478,19.70445],[-72.06462,19.69884],[-72.06468,19.69659],[-72.05753,19.69704],[-72.05652,19.6961],[-72.06286,19.68544],[-72.06136,19.67994],[-72.05858,19.67586],[-72.05869,19.67316],[-72.06077,19.66833],[-72.06121,19.66277],[-72.0665,19.65566],[-72.06453,19.65162],[-72.06586,19.64882],[-72.06724,19.64883],[-72.06411,19.64478],[-72.06565,19.63542],[-72.07156,19.63197],[-72.07163,19.63091],[-72.0789,19.63161],[-72.08363,19.62895],[-72.09349,19.6262],[-72.1061,19.63468],[-72.11016,19.63447],[-72.10835,19.62278],[-72.11347,19.61873],[-72.11156,19.61448],[-72.11247,19.61069],[-72.10806,19.60702],[-72.10575,19.60299],[-72.10693,19.59982],[-72.11232,19.59561],[-72.11383,19.59164],[-72.11879,19.58927],[-72.13276,19.5895],[-72.13837,19.59713],[-72.14529,19.59534],[-72.14718,19.5987],[-72.14998,19.59792],[-72.15129,19.59876],[-72.15332,19.60084],[-72.1536,19.60397],[-72.15914,19.61089],[-72.1633,19.62212],[-72.16707,19.62396],[-72.17368,19.62064],[-72.1746,19.61742],[-72.18118,19.61281],[-72.1826,19.60984],[-72.19915,19.60084],[-72.19993,19.59886],[-72.20443,19.59624],[-72.20704,19.60391],[-72.19937,19.60701],[-72.19849,19.60989],[-72.20032,19.61272],[-72.19146,19.61813],[-72.18901,19.62106],[-72.1888,19.62269],[-72.19779,19.62389],[-72.19515,19.64657],[-72.18869,19.64773],[-72.18717,19.6545],[-72.18742,19.65667],[-72.19287,19.65778],[-72.19327,19.66338],[-72.19108,19.67098],[-72.18838,19.6735],[-72.18745,19.67717],[-72.18849,19.68157],[-72.18661,19.68614],[-72.18617,19.69911],[-72.19858,19.70352],[-72.19891,19.70997],[-72.20725,19.71675],[-72.22351,19.72309],[-72.22777,19.72161],[-72.22911,19.71951],[-72.23381,19.71836],[-72.23597,19.71251],[-72.23986,19.71195],[-72.24142,19.7089],[-72.2443,19.70821],[-72.2465,19.71019],[-72.24916,19.71402],[-72.24926,19.7164],[-72.25214,19.71917],[-72.24777,19.72209],[-72.2482,19.72503],[-72.24509,19.72893],[-72.24804,19.72966],[-72.25103,19.74004],[-72.2615,19.73924],[-72.26877,19.74116],[-72.26724,19.74506],[-72.26421,19.74649],[-72.26084,19.74512],[-72.25669,19.74745],[-72.2571,19.75717],[-72.25913,19.75956],[-72.2582,19.75963],[-72.25822,19.767],[-72.25947,19.77531],[-72.25305,19.77652],[-72.24731,19.77312],[-72.24349,19.77332],[-72.24305,19.77695],[-72.2459,19.78044],[-72.24238,19.7828],[-72.24242,19.78428],[-72.2478,19.78593],[-72.24777,19.78878],[-72.24221,19.7866],[-72.24153,19.78847],[-72.23949,19.78877],[-72.23397,19.7867],[-72.23044,19.78327],[-72.22765,19.78295],[-72.22012,19.78557],[-72.21532,19.784],[-72.213,19.78575],[-72.20366,19.78453],[-72.2015,19.78755],[-72.19774,19.78838],[-72.19025,19.78478],[-72.18901,19.78255],[-72.19141,19.78022],[-72.19104,19.77528],[-72.19605,19.76179],[-72.19475,19.75849],[-72.19844,19.75874],[-72.19661,19.7567],[-72.1983,19.75607],[-72.19931,19.75712],[-72.20188,19.75521],[-72.20103,19.75424],[-72.20157,19.74776],[-72.1954,19.74277],[-72.18935,19.74053],[-72.18871,19.74185],[-72.18313,19.74227],[-72.17402,19.74138],[-72.17245,19.74297],[-72.17538,19.74606],[-72.17254,19.74775],[-72.17025,19.74606],[-72.16865,19.74711],[-72.1669,19.74605],[-72.1627,19.74782],[-72.14567,19.74315],[-72.14328,19.74674],[-72.14603,19.74535],[-72.14436,19.74683],[-72.14645,19.74724],[-72.14467,19.74934],[-72.14674,19.74933],[-72.15087,19.75309],[-72.15135,19.75578],[-72.15304,19.75718],[-72.14208,19.75559],[-72.13031,19.75213]]]}},{"type":"Feature","properties":{"arrondissement":"Grande-Rivière-du-Nord","adm1_name":"Nord","complete":true,"communeCount":2},"geometry":{"type":"Polygon","coordinates":[[[-72.09393,19.51532],[-72.095,19.51127],[-72.09332,19.50985],[-72.09324,19.50326],[-72.09113,19.49752],[-72.08297,19.49041],[-72.07608,19.48848],[-72.06981,19.48323],[-72.06298,19.48021],[-72.06212,19.47768],[-72.06429,19.47471],[-72.06254,19.47284],[-72.0639,19.47146],[-72.06585,19.47215],[-72.06712,19.4705],[-72.0664,19.46701],[-72.07078,19.46086],[-72.06993,19.45547],[-72.07334,19.45561],[-72.08011,19.45856],[-72.08394,19.45554],[-72.08638,19.45028],[-72.08965,19.44724],[-72.0895,19.44858],[-72.09226,19.44896],[-72.09636,19.44736],[-72.09795,19.44969],[-72.09908,19.44878],[-72.09839,19.44724],[-72.10029,19.44655],[-72.10032,19.44493],[-72.10239,19.44339],[-72.10238,19.44151],[-72.10559,19.44215],[-72.10523,19.44029],[-72.10696,19.43974],[-72.1058,19.4376],[-72.10854,19.43475],[-72.109,19.43274],[-72.10759,19.43264],[-72.10909,19.4309],[-72.10612,19.42783],[-72.10538,19.4245],[-72.11045,19.42175],[-72.10796,19.41949],[-72.11086,19.41671],[-72.11044,19.41185],[-72.11483,19.40881],[-72.11116,19.40491],[-72.11368,19.40242],[-72.11482,19.39408],[-72.11754,19.38984],[-72.12254,19.38841],[-72.12737,19.38468],[-72.12744,19.38929],[-72.13203,19.3928],[-72.13385,19.39754],[-72.13389,19.40577],[-72.13161,19.41038],[-72.13419,19.42159],[-72.13881,19.42973],[-72.14303,19.43162],[-72.14477,19.43718],[-72.14918,19.44212],[-72.15798,19.45846],[-72.15974,19.46432],[-72.16504,19.47066],[-72.16738,19.47689],[-72.17541,19.48647],[-72.17879,19.4883],[-72.1838,19.49566],[-72.19392,19.49508],[-72.19778,19.50074],[-72.20231,19.50267],[-72.21155,19.51387],[-72.21462,19.52081],[-72.21974,19.52422],[-72.21853,19.5364],[-72.21618,19.54202],[-72.21645,19.54597],[-72.21376,19.55724],[-72.21385,19.56615],[-72.21817,19.56872],[-72.22106,19.57884],[-72.22514,19.58163],[-72.21707,19.58921],[-72.1826,19.60984],[-72.18118,19.61281],[-72.1746,19.61742],[-72.17368,19.62064],[-72.16707,19.62396],[-72.16416,19.62299],[-72.15914,19.61089],[-72.1536,19.60397],[-72.15332,19.60084],[-72.15129,19.59876],[-72.14998,19.59792],[-72.14718,19.5987],[-72.14529,19.59534],[-72.13837,19.59713],[-72.13276,19.5895],[-72.12117,19.58882],[-72.12214,19.58557],[-72.11839,19.57981],[-72.12003,19.57494],[-72.11529,19.57525],[-72.111,19.5674],[-72.11171,19.56152],[-72.11407,19.5588],[-72.11356,19.55789],[-72.11087,19.55951],[-72.10939,19.55851],[-72.10808,19.55942],[-72.10555,19.55379],[-72.10282,19.55191],[-72.10434,19.54941],[-72.10132,19.54853],[-72.10157,19.54667],[-72.10028,19.54586],[-72.10106,19.54278],[-72.09983,19.54343],[-72.09803,19.54139],[-72.09685,19.537],[-72.09787,19.53164],[-72.10259,19.5289],[-72.10364,19.52392],[-72.09966,19.51852],[-72.09393,19.51532]]]}},{"type":"Feature","properties":{"arrondissement":"Limbé","adm1_name":"Nord","complete":true,"communeCount":2},"geometry":{"type":"Polygon","coordinates":[[[-72.37088,19.72353],[-72.36863,19.71997],[-72.36363,19.71796],[-72.3616,19.71248],[-72.35426,19.70912],[-72.35295,19.70366],[-72.35094,19.70336],[-72.34733,19.69956],[-72.34146,19.69112],[-72.3422,19.68565],[-72.34718,19.6824],[-72.36098,19.66599],[-72.35893,19.65784],[-72.36528,19.65462],[-72.37073,19.6553],[-72.37213,19.65167],[-72.37741,19.6507],[-72.39055,19.63851],[-72.39662,19.63095],[-72.39713,19.61852],[-72.39522,19.6169],[-72.3958,19.61093],[-72.40437,19.60959],[-72.40485,19.60778],[-72.40313,19.60665],[-72.40265,19.60374],[-72.40629,19.59859],[-72.40318,19.59439],[-72.40492,19.58465],[-72.40629,19.58333],[-72.40285,19.58007],[-72.4034,19.57725],[-72.41514,19.56872],[-72.41796,19.56841],[-72.42313,19.56529],[-72.42729,19.57323],[-72.43933,19.58326],[-72.4438,19.58555],[-72.44581,19.58991],[-72.44421,19.59359],[-72.44637,19.60138],[-72.44489,19.60249],[-72.44974,19.60576],[-72.45192,19.61081],[-72.44859,19.61383],[-72.44826,19.61678],[-72.45022,19.62099],[-72.4537,19.62402],[-72.45125,19.62894],[-72.45122,19.64293],[-72.45443,19.65212],[-72.4614,19.66288],[-72.46035,19.66884],[-72.45798,19.67081],[-72.45787,19.67429],[-72.4605,19.67713],[-72.44621,19.68562],[-72.4458,19.69272],[-72.44419,19.69413],[-72.4464,19.7004],[-72.43823,19.70739],[-72.43419,19.70908],[-72.43452,19.71366],[-72.42881,19.71972],[-72.43012,19.72483],[-72.42965,19.72909],[-72.42663,19.73232],[-72.42302,19.73365],[-72.42353,19.74009],[-72.41626,19.7416],[-72.41642,19.74371],[-72.42352,19.74463],[-72.42428,19.74849],[-72.41866,19.75735],[-72.4184,19.76559],[-72.41436,19.76823],[-72.40395,19.76854],[-72.40642,19.77436],[-72.41435,19.77833],[-72.41761,19.78496],[-72.41811,19.78947],[-72.42214,19.7951],[-72.41953,19.79946],[-72.41665,19.80073],[-72.41843,19.80388],[-72.41849,19.80843],[-72.41705,19.80908],[-72.40807,19.80458],[-72.39506,19.8043],[-72.39037,19.8055],[-72.38622,19.80961],[-72.38831,19.81718],[-72.38642,19.81724],[-72.38553,19.81585],[-72.38175,19.8172],[-72.38073,19.81632],[-72.38217,19.80754],[-72.37927,19.80213],[-72.37238,19.79491],[-72.35863,19.78763],[-72.35401,19.78278],[-72.35936,19.7808],[-72.3594,19.77478],[-72.36152,19.77413],[-72.36377,19.77571],[-72.36372,19.7725],[-72.36822,19.76967],[-72.37133,19.76045],[-72.37589,19.75618],[-72.37684,19.7531],[-72.37309,19.74532],[-72.37397,19.74082],[-72.37174,19.73977],[-72.37061,19.73737],[-72.37088,19.72353]]]}},{"type":"Feature","properties":{"arrondissement":"Plaisance","adm1_name":"Nord","complete":true,"communeCount":2},"geometry":{"type":"Polygon","coordinates":[[[-72.46881,19.66508],[-72.46565,19.67289],[-72.4605,19.67713],[-72.45787,19.67429],[-72.45798,19.67081],[-72.46035,19.66884],[-72.4614,19.66288],[-72.45443,19.65212],[-72.45122,19.64293],[-72.45125,19.62894],[-72.4537,19.62402],[-72.45022,19.62099],[-72.44826,19.61678],[-72.44859,19.61383],[-72.45192,19.61081],[-72.44974,19.60576],[-72.44489,19.60249],[-72.44637,19.60138],[-72.44421,19.59359],[-72.44581,19.58991],[-72.4438,19.58555],[-72.43933,19.58326],[-72.42729,19.57323],[-72.42693,19.57108],[-72.42305,19.56626],[-72.4248,19.55888],[-72.41507,19.54508],[-72.41962,19.5363],[-72.42476,19.52978],[-72.43321,19.52531],[-72.44002,19.52812],[-72.44022,19.52521],[-72.44193,19.52282],[-72.4472,19.52139],[-72.45528,19.52237],[-72.45679,19.52417],[-72.46241,19.52636],[-72.4881,19.54694],[-72.49343,19.55573],[-72.50052,19.56061],[-72.50729,19.56216],[-72.52114,19.57124],[-72.52307,19.57415],[-72.51527,19.58192],[-72.52128,19.5815],[-72.52574,19.57815],[-72.52951,19.58086],[-72.53588,19.58257],[-72.54247,19.5888],[-72.54148,19.59876],[-72.56513,19.62645],[-72.56917,19.63391],[-72.57183,19.65238],[-72.57615,19.65734],[-72.57381,19.67338],[-72.57717,19.67517],[-72.58313,19.67483],[-72.58948,19.67976],[-72.59507,19.67999],[-72.59857,19.68166],[-72.60949,19.69151],[-72.61496,19.69444],[-72.61582,19.69757],[-72.61168,19.70144],[-72.61019,19.70046],[-72.59921,19.7145],[-72.59768,19.71435],[-72.59809,19.72419],[-72.60879,19.75165],[-72.61434,19.75675],[-72.6177,19.75719],[-72.61999,19.756],[-72.62338,19.75695],[-72.62574,19.75243],[-72.62466,19.7482],[-72.62887,19.74239],[-72.63113,19.74171],[-72.63796,19.74453],[-72.6466,19.74534],[-72.64858,19.75794],[-72.64714,19.76441],[-72.64121,19.76786],[-72.63962,19.7723],[-72.63139,19.77132],[-72.63099,19.76602],[-72.62435,19.7636],[-72.61885,19.76459],[-72.597,19.75879],[-72.58833,19.76397],[-72.58333,19.7639],[-72.58137,19.76726],[-72.57565,19.76654],[-72.5745,19.76593],[-72.57762,19.75965],[-72.57861,19.75418],[-72.57151,19.74682],[-72.57393,19.74294],[-72.5717,19.73943],[-72.56548,19.73906],[-72.55763,19.73442],[-72.55555,19.73685],[-72.55353,19.73642],[-72.5494,19.73299],[-72.54325,19.73439],[-72.53893,19.733],[-72.53336,19.73324],[-72.53211,19.73469],[-72.53236,19.73703],[-72.52897,19.73882],[-72.5183,19.73864],[-72.51747,19.7392],[-72.51639,19.74219],[-72.51532,19.74381],[-72.51614,19.73634],[-72.51524,19.73144],[-72.50969,19.72483],[-72.50682,19.71798],[-72.51032,19.71439],[-72.50779,19.70261],[-72.50037,19.70369],[-72.49207,19.69666],[-72.48924,19.69616],[-72.48578,19.70046],[-72.4815,19.69528],[-72.47609,19.67809],[-72.47407,19.67542],[-72.4759,19.67101],[-72.47146,19.6632],[-72.46881,19.66508]]]}},{"type":"Feature","properties":{"arrondissement":"Saint-Raphaël","adm1_name":"Nord","complete":true,"communeCount":5},"geometry":{"type":"Polygon","coordinates":[[[-72.01691,19.32532],[-72.02217,19.3245],[-72.02332,19.3195],[-72.02209,19.31626],[-72.03035,19.30763],[-72.03391,19.30515],[-72.04357,19.30423],[-72.04834,19.30016],[-72.05636,19.29772],[-72.06343,19.29049],[-72.06989,19.28777],[-72.07089,19.2853],[-72.07324,19.28381],[-72.07453,19.28434],[-72.07585,19.28238],[-72.08059,19.28131],[-72.08138,19.27764],[-72.08359,19.2762],[-72.08532,19.27662],[-72.09022,19.2699],[-72.09395,19.26888],[-72.09464,19.26667],[-72.10795,19.26654],[-72.11311,19.26449],[-72.11874,19.26527],[-72.12466,19.26297],[-72.13498,19.25497],[-72.14214,19.25796],[-72.14914,19.25651],[-72.15482,19.2589],[-72.15383,19.26266],[-72.15469,19.26441],[-72.15278,19.26871],[-72.15866,19.27921],[-72.15913,19.28282],[-72.16162,19.28332],[-72.16582,19.28196],[-72.17384,19.28562],[-72.18301,19.29386],[-72.19494,19.29889],[-72.20333,19.30055],[-72.20071,19.31144],[-72.20257,19.31379],[-72.20599,19.31518],[-72.20636,19.31742],[-72.20837,19.31914],[-72.22314,19.32462],[-72.22548,19.32769],[-72.22435,19.33853],[-72.23076,19.3434],[-72.22775,19.34397],[-72.23068,19.35432],[-72.23329,19.35838],[-72.23029,19.36375],[-72.23235,19.36909],[-72.23644,19.37307],[-72.24149,19.37472],[-72.24866,19.38463],[-72.24433,19.3865],[-72.24265,19.38563],[-72.2422,19.38764],[-72.24051,19.38789],[-72.22883,19.38423],[-72.23144,19.39157],[-72.22933,19.40012],[-72.23148,19.40727],[-72.23038,19.41094],[-72.23111,19.41723],[-72.223,19.41559],[-72.22414,19.41775],[-72.22292,19.4192],[-72.22988,19.42622],[-72.22974,19.43004],[-72.22737,19.43122],[-72.22694,19.4332],[-72.22857,19.43467],[-72.23181,19.43444],[-72.2369,19.43738],[-72.23844,19.43981],[-72.25014,19.44437],[-72.25196,19.45346],[-72.25708,19.45609],[-72.25678,19.46193],[-72.25475,19.46341],[-72.25366,19.47171],[-72.24955,19.477],[-72.26073,19.47585],[-72.2654,19.47067],[-72.27321,19.46983],[-72.27564,19.46396],[-72.2821,19.4673],[-72.28819,19.46785],[-72.29702,19.46577],[-72.3068,19.46546],[-72.31528,19.46097],[-72.32045,19.45975],[-72.32879,19.46296],[-72.32719,19.47029],[-72.32313,19.47739],[-72.32225,19.47683],[-72.32088,19.48572],[-72.31868,19.48726],[-72.32539,19.48975],[-72.32602,19.50052],[-72.33161,19.50548],[-72.32709,19.51049],[-72.32208,19.51101],[-72.32545,19.52662],[-72.32807,19.52764],[-72.33119,19.53251],[-72.32502,19.53949],[-72.3253,19.54342],[-72.32317,19.54485],[-72.32304,19.55431],[-72.31982,19.55664],[-72.31912,19.55874],[-72.30477,19.55974],[-72.29179,19.55807],[-72.28796,19.55861],[-72.28898,19.5597],[-72.28813,19.56171],[-72.2872,19.56259],[-72.28566,19.56188],[-72.2849,19.56474],[-72.28114,19.56452],[-72.27812,19.56608],[-72.27596,19.56505],[-72.27578,19.5665],[-72.27026,19.56539],[-72.27149,19.57799],[-72.26676,19.57858],[-72.26361,19.57421],[-72.25478,19.57258],[-72.25114,19.5705],[-72.24734,19.5721],[-72.24405,19.57051],[-72.2422,19.57095],[-72.2413,19.57318],[-72.23428,19.57499],[-72.22514,19.58163],[-72.22106,19.57884],[-72.21817,19.56872],[-72.21385,19.56615],[-72.21376,19.55724],[-72.21645,19.54597],[-72.21618,19.54202],[-72.21853,19.5364],[-72.21974,19.52422],[-72.21462,19.52081],[-72.21155,19.51387],[-72.20231,19.50267],[-72.19778,19.50074],[-72.19392,19.49508],[-72.1838,19.49566],[-72.17879,19.4883],[-72.17541,19.48647],[-72.16738,19.47689],[-72.16504,19.47066],[-72.15974,19.46432],[-72.15798,19.45846],[-72.14918,19.44212],[-72.14477,19.43718],[-72.14303,19.43162],[-72.13881,19.42973],[-72.13419,19.42159],[-72.13161,19.41038],[-72.13389,19.40577],[-72.13385,19.39754],[-72.13203,19.3928],[-72.12744,19.38929],[-72.12737,19.38468],[-72.12254,19.38841],[-72.11754,19.38984],[-72.11482,19.39408],[-72.11368,19.40242],[-72.11116,19.40491],[-72.11483,19.40881],[-72.11044,19.41185],[-72.11086,19.41671],[-72.10796,19.41949],[-72.11045,19.42175],[-72.10538,19.4245],[-72.10612,19.42783],[-72.10898,19.43054],[-72.10759,19.43264],[-72.109,19.43274],[-72.10854,19.43475],[-72.1058,19.4376],[-72.10696,19.43974],[-72.10523,19.44029],[-72.10559,19.44215],[-72.10238,19.44151],[-72.10239,19.44339],[-72.10032,19.44493],[-72.10029,19.44655],[-72.09839,19.44724],[-72.09908,19.44878],[-72.09795,19.44969],[-72.09636,19.44736],[-72.09172,19.44888],[-72.09181,19.44701],[-72.08826,19.44624],[-72.08221,19.44004],[-72.07941,19.44325],[-72.07904,19.43712],[-72.07287,19.43492],[-72.06707,19.43473],[-72.0644,19.43707],[-72.06421,19.43828],[-72.06657,19.4402],[-72.06875,19.43976],[-72.06917,19.44071],[-72.06854,19.44315],[-72.06536,19.44525],[-72.05937,19.44337],[-72.0574,19.44087],[-72.05071,19.43732],[-72.04826,19.43888],[-72.04666,19.43844],[-72.04408,19.43233],[-72.03777,19.43225],[-72.03636,19.42851],[-72.03763,19.42656],[-72.03398,19.42568],[-72.0312,19.41986],[-72.02606,19.41671],[-72.02355,19.41736],[-72.02282,19.41423],[-72.02073,19.41429],[-72.02284,19.41177],[-72.0218,19.41016],[-72.02009,19.41002],[-72.0115,19.401],[-72.00762,19.39972],[-71.99476,19.38032],[-71.99503,19.37831],[-71.99236,19.37488],[-71.99159,19.37137],[-71.98894,19.3686],[-71.99014,19.36616],[-71.9857,19.36603],[-71.98591,19.36117],[-71.98271,19.35894],[-71.97961,19.35405],[-71.97453,19.35084],[-71.97026,19.3433],[-71.97039,19.34107],[-71.97116,19.33901],[-71.97286,19.33849],[-71.97599,19.34045],[-71.97855,19.34048],[-71.97921,19.33931],[-71.97747,19.33738],[-71.97752,19.3352],[-71.98198,19.33488],[-71.98348,19.33298],[-71.9871,19.33467],[-71.98916,19.33288],[-71.99195,19.33289],[-71.9986,19.32602],[-72.00199,19.32566],[-72.00381,19.32392],[-72.00528,19.32548],[-72.00733,19.32541],[-72.00867,19.32742],[-72.01691,19.32532]]]}},{"type":"Feature","properties":{"arrondissement":"Fort-Liberté","adm1_name":"Nord-Est","complete":true,"communeCount":3},"geometry":{"type":"Polygon","coordinates":[[[-71.93989,19.4818],[-71.95083,19.49481],[-71.96625,19.50071],[-71.97004,19.51164],[-71.96856,19.51689],[-71.96414,19.52128],[-71.96391,19.52294],[-71.97606,19.53338],[-71.97732,19.53944],[-71.96925,19.54111],[-71.96265,19.53884],[-71.95895,19.53941],[-71.95393,19.5422],[-71.95195,19.54814],[-71.95024,19.54803],[-71.94684,19.55066],[-71.94343,19.54962],[-71.93535,19.54999],[-71.92993,19.54406],[-71.91563,19.53574],[-71.91178,19.53057],[-71.90562,19.52838],[-71.89681,19.53093],[-71.89478,19.53412],[-71.89539,19.53898],[-71.89421,19.54354],[-71.88482,19.54513],[-71.88267,19.54655],[-71.88627,19.54763],[-71.88289,19.55102],[-71.88453,19.55449],[-71.88386,19.56066],[-71.89118,19.56967],[-71.8961,19.57113],[-71.8997,19.57526],[-71.89514,19.58109],[-71.89551,19.58617],[-71.90656,19.60226],[-71.90384,19.60748],[-71.89655,19.61337],[-71.89415,19.61361],[-71.90118,19.62546],[-71.90079,19.63034],[-71.89784,19.63461],[-71.89815,19.63753],[-71.89474,19.64159],[-71.89227,19.64744],[-71.89401,19.65279],[-71.89285,19.65747],[-71.89265,19.67078],[-71.88876,19.67199],[-71.8883,19.66874],[-71.88419,19.66711],[-71.88524,19.66626],[-71.88478,19.66449],[-71.87696,19.66064],[-71.87591,19.66271],[-71.87244,19.66467],[-71.86578,19.66635],[-71.86505,19.66961],[-71.86255,19.66994],[-71.86035,19.66856],[-71.85876,19.67122],[-71.85709,19.67126],[-71.85358,19.66828],[-71.8467,19.66943],[-71.8422,19.67571],[-71.84087,19.67569],[-71.84171,19.67318],[-71.83825,19.6687],[-71.82588,19.66232],[-71.82773,19.65892],[-71.82511,19.65662],[-71.82554,19.65374],[-71.82257,19.65237],[-71.82524,19.65047],[-71.82474,19.64856],[-71.82202,19.64786],[-71.81618,19.65184],[-71.81893,19.65561],[-71.81635,19.65626],[-71.81684,19.65761],[-71.81554,19.65928],[-71.8191,19.65884],[-71.81969,19.66111],[-71.8161,19.66246],[-71.81588,19.66477],[-71.8178,19.66378],[-71.81879,19.66571],[-71.81801,19.66647],[-71.82028,19.66625],[-71.82028,19.66779],[-71.81909,19.66935],[-71.81874,19.6676],[-71.81706,19.66908],[-71.81636,19.66738],[-71.81616,19.6684],[-71.81184,19.66715],[-71.81046,19.66891],[-71.81504,19.67167],[-71.81822,19.67159],[-71.81848,19.67269],[-71.81568,19.67319],[-71.81088,19.67125],[-71.81006,19.67553],[-71.81354,19.67931],[-71.81559,19.67943],[-71.81878,19.6844],[-71.82021,19.68138],[-71.8217,19.68243],[-71.82307,19.68088],[-71.82393,19.6832],[-71.82944,19.68414],[-71.8304,19.68751],[-71.83176,19.68809],[-71.83523,19.68661],[-71.83657,19.68922],[-71.83941,19.68723],[-71.84095,19.68759],[-71.84086,19.69398],[-71.84237,19.69838],[-71.83971,19.69987],[-71.83992,19.70191],[-71.84286,19.70485],[-71.84198,19.7079],[-71.84419,19.71211],[-71.83583,19.71447],[-71.81649,19.71297],[-71.77671,19.70761],[-71.77574,19.70652],[-71.77572,19.70753],[-71.77367,19.70738],[-71.76068,19.70448],[-71.75834,19.69988],[-71.76041,19.69842],[-71.76158,19.69323],[-71.75914,19.69497],[-71.75931,19.69319],[-71.75509,19.6922],[-71.75612,19.68997],[-71.75959,19.68848],[-71.75645,19.6875],[-71.75747,19.6862],[-71.75413,19.68584],[-71.75616,19.68508],[-71.75501,19.68371],[-71.75632,19.68229],[-71.75449,19.68136],[-71.75689,19.67838],[-71.75626,19.67609],[-71.75345,19.67573],[-71.74615,19.669],[-71.74627,19.66753],[-71.74348,19.66488],[-71.73965,19.66521],[-71.7384,19.66312],[-71.73534,19.66176],[-71.73246,19.6464],[-71.74577,19.63388],[-71.74347,19.58859],[-71.75041,19.58919],[-71.75297,19.58699],[-71.76257,19.58761],[-71.76665,19.58654],[-71.76848,19.58751],[-71.77069,19.58572],[-71.77077,19.58395],[-71.77283,19.58597],[-71.78192,19.58609],[-71.78518,19.58149],[-71.78499,19.58342],[-71.7861,19.58365],[-71.79586,19.58161],[-71.7963,19.58378],[-71.80008,19.58675],[-71.80019,19.59006],[-71.80389,19.59279],[-71.8119,19.58978],[-71.81784,19.58594],[-71.81798,19.57716],[-71.81682,19.57368],[-71.8094,19.56957],[-71.80938,19.56406],[-71.80535,19.56388],[-71.80646,19.56135],[-71.80914,19.56032],[-71.80982,19.55698],[-71.81352,19.55939],[-71.81621,19.55751],[-71.81576,19.55445],[-71.82067,19.55512],[-71.81972,19.55098],[-71.8226,19.54998],[-71.82203,19.54574],[-71.82461,19.54276],[-71.82187,19.5426],[-71.82072,19.54031],[-71.8221,19.53882],[-71.82256,19.53344],[-71.82805,19.52714],[-71.83338,19.52515],[-71.83664,19.51698],[-71.83603,19.50995],[-71.83856,19.5056],[-71.83793,19.49523],[-71.83604,19.48976],[-71.83818,19.48536],[-71.83712,19.48256],[-71.82825,19.4782],[-71.82811,19.47565],[-71.82941,19.47143],[-71.83909,19.46277],[-71.84659,19.45041],[-71.84704,19.4478],[-71.84569,19.44555],[-71.83942,19.43958],[-71.84381,19.43546],[-71.84364,19.43369],[-71.84119,19.43149],[-71.84169,19.42678],[-71.84583,19.42764],[-71.85319,19.42413],[-71.86131,19.427],[-71.86683,19.42683],[-71.8732,19.43636],[-71.87471,19.44405],[-71.88118,19.45262],[-71.89077,19.46045],[-71.89384,19.46226],[-71.89924,19.45996],[-71.90664,19.46015],[-71.91012,19.45868],[-71.93014,19.47257],[-71.93989,19.4818]]]}},{"type":"Feature","properties":{"arrondissement":"Ouanaminthe","adm1_name":"Nord-Est","complete":true,"communeCount":3},"geometry":{"type":"Polygon","coordinates":[[[-71.69438,19.38185],[-71.6934,19.37496],[-71.69103,19.37188],[-71.69399,19.36873],[-71.69364,19.36446],[-71.69212,19.36319],[-71.69454,19.35976],[-71.7013,19.35964],[-71.70333,19.36488],[-71.7141,19.37174],[-71.71696,19.36854],[-71.71819,19.36292],[-71.72446,19.36666],[-71.73038,19.36297],[-71.73162,19.36074],[-71.735,19.3608],[-71.73495,19.35962],[-71.74826,19.35364],[-71.75266,19.33975],[-71.77225,19.33862],[-71.78583,19.3318],[-71.78947,19.33364],[-71.79849,19.33491],[-71.79832,19.3372],[-71.80319,19.34067],[-71.80588,19.3464],[-71.80502,19.34893],[-71.80705,19.35326],[-71.80852,19.35338],[-71.80829,19.35612],[-71.8102,19.35677],[-71.80965,19.35752],[-71.81135,19.35894],[-71.81332,19.35787],[-71.81472,19.3652],[-71.81897,19.36632],[-71.82025,19.37033],[-71.82353,19.37156],[-71.82359,19.37312],[-71.82535,19.3739],[-71.8248,19.37543],[-71.82703,19.37715],[-71.82628,19.37879],[-71.82779,19.38158],[-71.8268,19.38389],[-71.82826,19.38318],[-71.83068,19.38565],[-71.8318,19.38531],[-71.83161,19.38941],[-71.83626,19.39361],[-71.84032,19.40021],[-71.84493,19.40042],[-71.84498,19.4024],[-71.84764,19.40295],[-71.84771,19.40453],[-71.85122,19.4073],[-71.85349,19.40777],[-71.85372,19.40567],[-71.85473,19.40611],[-71.85921,19.41149],[-71.85856,19.41337],[-71.85972,19.41529],[-71.85823,19.41936],[-71.85343,19.42122],[-71.85319,19.42413],[-71.84583,19.42764],[-71.84169,19.42678],[-71.84119,19.43149],[-71.84364,19.43369],[-71.84381,19.43546],[-71.83942,19.43958],[-71.84569,19.44555],[-71.84704,19.4478],[-71.84659,19.45041],[-71.83909,19.46277],[-71.82941,19.47143],[-71.82811,19.47565],[-71.82825,19.4782],[-71.83029,19.48004],[-71.83712,19.48256],[-71.83783,19.48389],[-71.83828,19.48604],[-71.836,19.49135],[-71.83793,19.49523],[-71.83842,19.50696],[-71.83603,19.50995],[-71.83664,19.51698],[-71.83338,19.52515],[-71.82805,19.52714],[-71.82256,19.53344],[-71.8221,19.53882],[-71.82072,19.54031],[-71.82187,19.5426],[-71.82461,19.54276],[-71.82203,19.54574],[-71.8226,19.54998],[-71.81972,19.55098],[-71.82067,19.55512],[-71.81576,19.55445],[-71.81621,19.55751],[-71.81352,19.55939],[-71.80982,19.55698],[-71.80914,19.56032],[-71.80646,19.56135],[-71.80535,19.56388],[-71.80938,19.56406],[-71.8094,19.56957],[-71.8113,19.57144],[-71.81553,19.57245],[-71.81734,19.57459],[-71.81836,19.58489],[-71.8119,19.58978],[-71.80389,19.59279],[-71.80019,19.59006],[-71.80008,19.58675],[-71.7963,19.58378],[-71.79586,19.58161],[-71.7861,19.58365],[-71.78499,19.58342],[-71.78518,19.58149],[-71.78192,19.58609],[-71.77283,19.58597],[-71.77077,19.58395],[-71.77069,19.58572],[-71.76848,19.58751],[-71.76665,19.58654],[-71.76257,19.58761],[-71.75297,19.58699],[-71.75041,19.58919],[-71.74347,19.58859],[-71.74316,19.58478],[-71.71976,19.56212],[-71.71491,19.55243],[-71.71322,19.55144],[-71.71196,19.54906],[-71.71284,19.5339],[-71.71204,19.53239],[-71.70772,19.53134],[-71.705,19.53431],[-71.7029,19.53366],[-71.70357,19.52228],[-71.70307,19.52082],[-71.69967,19.51984],[-71.70043,19.51518],[-71.69929,19.51243],[-71.69274,19.51065],[-71.69013,19.51362],[-71.68862,19.51323],[-71.68799,19.51029],[-71.68956,19.50684],[-71.68792,19.50286],[-71.69049,19.49928],[-71.69196,19.4939],[-71.6908,19.49244],[-71.69417,19.48956],[-71.69203,19.48194],[-71.69424,19.47722],[-71.69331,19.47501],[-71.68855,19.47196],[-71.69066,19.46834],[-71.68951,19.4671],[-71.68701,19.46773],[-71.68771,19.46302],[-71.68541,19.46033],[-71.68705,19.45936],[-71.68144,19.45117],[-71.67993,19.45158],[-71.68023,19.44724],[-71.67849,19.44412],[-71.68029,19.44308],[-71.68074,19.44053],[-71.67973,19.43434],[-71.68368,19.43312],[-71.68268,19.43162],[-71.6867,19.4228],[-71.68943,19.42225],[-71.69064,19.415],[-71.68887,19.41435],[-71.68884,19.41217],[-71.68999,19.40754],[-71.69646,19.39997],[-71.6968,19.3972],[-71.69816,19.3961],[-71.69843,19.39301],[-71.69583,19.38838],[-71.69438,19.38185]]]}},{"type":"Feature","properties":{"arrondissement":"Trou-du-Nord","adm1_name":"Nord-Est","complete":false,"communeCount":5},"geometry":{"type":"Polygon","coordinates":[[[-72.01714,19.52174],[-72.00972,19.51067],[-72.01931,19.4971],[-72.02308,19.49695],[-72.02509,19.49451],[-72.02365,19.47817],[-72.02184,19.47511],[-72.01515,19.47266],[-72.01285,19.4704],[-72.00614,19.45844],[-72.0026,19.4464],[-72.00629,19.44645],[-72.00877,19.44906],[-72.01566,19.44528],[-72.01695,19.44337],[-72.02329,19.44065],[-72.03203,19.43145],[-72.03685,19.42959],[-72.0384,19.43249],[-72.04408,19.43233],[-72.04666,19.43844],[-72.04826,19.43888],[-72.05071,19.43732],[-72.06356,19.44501],[-72.06536,19.44525],[-72.06915,19.44171],[-72.06875,19.43976],[-72.06657,19.4402],[-72.06421,19.43828],[-72.0644,19.43707],[-72.06707,19.43473],[-72.07287,19.43492],[-72.07904,19.43712],[-72.07941,19.44325],[-72.08221,19.44004],[-72.08826,19.44624],[-72.09181,19.44701],[-72.09125,19.44837],[-72.0895,19.44858],[-72.08965,19.44724],[-72.08751,19.44908],[-72.08394,19.45554],[-72.08011,19.45856],[-72.07334,19.45561],[-72.06993,19.45547],[-72.07066,19.46131],[-72.06701,19.46541],[-72.06731,19.4697],[-72.06621,19.47185],[-72.06274,19.47216],[-72.06429,19.47471],[-72.06212,19.47768],[-72.06298,19.48021],[-72.06981,19.48323],[-72.07608,19.48848],[-72.08297,19.49041],[-72.09113,19.49752],[-72.09324,19.50326],[-72.09332,19.50985],[-72.095,19.51127],[-72.09393,19.51532],[-72.09966,19.51852],[-72.10364,19.52392],[-72.10259,19.5289],[-72.09787,19.53164],[-72.09685,19.537],[-72.09803,19.54139],[-72.09983,19.54343],[-72.10106,19.54278],[-72.10028,19.54586],[-72.10157,19.54667],[-72.10132,19.54853],[-72.10434,19.54941],[-72.10282,19.55191],[-72.10555,19.55379],[-72.10808,19.55942],[-72.10939,19.55851],[-72.11087,19.55951],[-72.11356,19.55789],[-72.11407,19.5588],[-72.11171,19.56152],[-72.111,19.5674],[-72.11199,19.57043],[-72.11456,19.57259],[-72.11529,19.57525],[-72.12003,19.57494],[-72.11839,19.57981],[-72.12214,19.58557],[-72.12117,19.58882],[-72.11383,19.59164],[-72.11232,19.59561],[-72.10693,19.59982],[-72.10575,19.60299],[-72.10806,19.60702],[-72.11247,19.61069],[-72.11156,19.61448],[-72.11347,19.61873],[-72.10835,19.62278],[-72.11016,19.63447],[-72.1061,19.63468],[-72.09349,19.6262],[-72.08363,19.62895],[-72.0789,19.63161],[-72.07163,19.63091],[-72.07156,19.63197],[-72.0672,19.6341],[-72.06485,19.63749],[-72.06559,19.64021],[-72.06437,19.64049],[-72.06411,19.64283],[-72.06411,19.64478],[-72.06724,19.64883],[-72.06586,19.64882],[-72.06453,19.65162],[-72.0665,19.65566],[-72.06121,19.66277],[-72.06077,19.66833],[-72.05869,19.67316],[-72.05858,19.67586],[-72.06136,19.67994],[-72.06286,19.68544],[-72.05908,19.69328],[-72.05444,19.69424],[-72.05249,19.69302],[-72.05403,19.69086],[-72.05242,19.68975],[-72.04664,19.69084],[-72.04279,19.69379],[-72.039,19.69236],[-72.03814,19.69877],[-72.04133,19.70009],[-72.0337,19.70101],[-72.02997,19.6987],[-72.0189,19.6969],[-72.01641,19.69872],[-72.00788,19.70034],[-72.00667,19.7061],[-72.00398,19.7055],[-72.00336,19.7035],[-71.99803,19.69895],[-71.99323,19.69796],[-71.98952,19.70255],[-71.98919,19.70466],[-71.99026,19.70797],[-71.9895,19.71049],[-71.99127,19.7114],[-71.99189,19.72622],[-71.98726,19.72951],[-71.98456,19.72857],[-71.9864,19.73211],[-71.98862,19.73207],[-71.98665,19.73332],[-71.98276,19.73222],[-71.97447,19.73419],[-71.96148,19.73427],[-71.95666,19.73095],[-71.95656,19.72953],[-71.95384,19.7296],[-71.94779,19.72695],[-71.94529,19.72906],[-71.93788,19.7302],[-71.9286,19.72683],[-71.90803,19.72624],[-71.89287,19.71959],[-71.88097,19.72008],[-71.86807,19.7162],[-71.86157,19.71607],[-71.8582,19.71756],[-71.85101,19.71624],[-71.84847,19.7137],[-71.8457,19.70766],[-71.84688,19.7054],[-71.84602,19.70264],[-71.8485,19.70139],[-71.84843,19.69744],[-71.84981,19.69697],[-71.84851,19.69485],[-71.85145,19.69107],[-71.85472,19.68994],[-71.85691,19.69258],[-71.85927,19.69031],[-71.86311,19.69108],[-71.86722,19.68808],[-71.86671,19.68573],[-71.87207,19.68426],[-71.87162,19.68056],[-71.87557,19.6796],[-71.8766,19.6802],[-71.87548,19.68168],[-71.88048,19.68452],[-71.88261,19.6828],[-71.88391,19.68395],[-71.88376,19.68598],[-71.8888,19.68436],[-71.89329,19.68714],[-71.89606,19.68288],[-71.89612,19.68497],[-71.89789,19.68613],[-71.89971,19.68532],[-71.90162,19.68698],[-71.90517,19.68735],[-71.90215,19.68511],[-71.90282,19.68302],[-71.90103,19.68159],[-71.90269,19.68001],[-71.90066,19.67862],[-71.89785,19.68038],[-71.89472,19.67804],[-71.88977,19.68208],[-71.88731,19.68153],[-71.88593,19.6776],[-71.89094,19.677],[-71.89771,19.66957],[-71.8956,19.66876],[-71.89265,19.67078],[-71.89285,19.65747],[-71.89401,19.65279],[-71.89227,19.64744],[-71.89474,19.64159],[-71.89815,19.63753],[-71.89784,19.63461],[-71.90079,19.63034],[-71.90118,19.62546],[-71.89415,19.61361],[-71.89655,19.61337],[-71.90384,19.60748],[-71.90656,19.60226],[-71.89551,19.58617],[-71.89514,19.58109],[-71.8997,19.57526],[-71.8961,19.57113],[-71.89118,19.56967],[-71.88386,19.56066],[-71.88453,19.55449],[-71.88289,19.55102],[-71.88627,19.54763],[-71.88267,19.54655],[-71.88482,19.54513],[-71.89421,19.54354],[-71.89539,19.53898],[-71.89478,19.53412],[-71.89681,19.53093],[-71.90562,19.52838],[-71.91178,19.53057],[-71.91563,19.53574],[-71.92993,19.54406],[-71.93535,19.54999],[-71.94343,19.54962],[-71.94684,19.55066],[-71.95024,19.54803],[-71.95195,19.54814],[-71.95393,19.5422],[-71.95895,19.53941],[-71.96265,19.53884],[-71.96925,19.54111],[-71.9751,19.5407],[-71.97732,19.53944],[-71.97606,19.53338],[-71.96391,19.52294],[-71.96972,19.51466],[-71.96952,19.50828],[-71.98456,19.51675],[-71.98855,19.51707],[-71.98954,19.51935],[-72.00001,19.52362],[-72.01904,19.52584],[-72.01714,19.52174]]]}},{"type":"Feature","properties":{"arrondissement":"Vallières","adm1_name":"Nord-Est","complete":true,"communeCount":3},"geometry":{"type":"Polygon","coordinates":[[[-71.76544,19.27577],[-71.76981,19.27243],[-71.77226,19.26747],[-71.77611,19.26723],[-71.77349,19.26118],[-71.77474,19.25943],[-71.7843,19.26189],[-71.79867,19.26064],[-71.80918,19.26484],[-71.82847,19.2642],[-71.84631,19.26654],[-71.85392,19.2699],[-71.86561,19.27991],[-71.87257,19.27593],[-71.87946,19.27467],[-71.88272,19.27455],[-71.88765,19.27675],[-71.89303,19.27479],[-71.90076,19.27545],[-71.90031,19.27794],[-71.9028,19.28429],[-71.9072,19.28861],[-71.90927,19.28873],[-71.90957,19.29093],[-71.90696,19.29412],[-71.91389,19.30082],[-71.91406,19.30557],[-71.94184,19.30824],[-71.9602,19.31278],[-71.98225,19.33326],[-71.98198,19.33488],[-71.97752,19.3352],[-71.97747,19.33738],[-71.97921,19.33931],[-71.97855,19.34048],[-71.97599,19.34045],[-71.97334,19.33849],[-71.97072,19.3399],[-71.97026,19.3433],[-71.97453,19.35084],[-71.97961,19.35405],[-71.98271,19.35894],[-71.98591,19.36117],[-71.9857,19.36603],[-71.99014,19.36616],[-71.98894,19.3686],[-71.99159,19.37137],[-71.99236,19.37488],[-71.99503,19.37831],[-71.99476,19.38032],[-72.00762,19.39972],[-72.0115,19.401],[-72.02009,19.41002],[-72.0218,19.41016],[-72.02284,19.41177],[-72.02073,19.41429],[-72.02282,19.41423],[-72.02355,19.41736],[-72.02606,19.41671],[-72.0312,19.41986],[-72.03398,19.42568],[-72.03763,19.42656],[-72.03685,19.42959],[-72.03203,19.43145],[-72.02329,19.44065],[-72.01695,19.44337],[-72.01566,19.44528],[-72.00877,19.44906],[-72.00629,19.44645],[-72.0026,19.4464],[-72.00614,19.45844],[-72.01285,19.4704],[-72.01515,19.47266],[-72.02184,19.47511],[-72.02365,19.47817],[-72.02509,19.49451],[-72.02308,19.49695],[-72.01931,19.4971],[-72.00972,19.51067],[-72.01613,19.51902],[-72.01904,19.52584],[-72.00001,19.52362],[-71.98954,19.51935],[-71.98855,19.51707],[-71.98456,19.51675],[-71.96952,19.50828],[-71.96625,19.50071],[-71.95083,19.49481],[-71.93488,19.47629],[-71.91012,19.45868],[-71.90664,19.46015],[-71.89924,19.45996],[-71.89384,19.46226],[-71.88118,19.45262],[-71.87471,19.44405],[-71.8732,19.43636],[-71.86683,19.42683],[-71.86131,19.427],[-71.85319,19.42413],[-71.85343,19.42122],[-71.85823,19.41936],[-71.85972,19.41529],[-71.85856,19.41337],[-71.85921,19.41149],[-71.85473,19.40611],[-71.85372,19.40567],[-71.85349,19.40777],[-71.85122,19.4073],[-71.84771,19.40453],[-71.84764,19.40295],[-71.84498,19.4024],[-71.84493,19.40042],[-71.84032,19.40021],[-71.83626,19.39361],[-71.83161,19.38941],[-71.8318,19.38531],[-71.83068,19.38565],[-71.82826,19.38318],[-71.8268,19.38389],[-71.82779,19.38158],[-71.82628,19.37879],[-71.82703,19.37715],[-71.8248,19.37543],[-71.82535,19.3739],[-71.82359,19.37312],[-71.82353,19.37156],[-71.82025,19.37033],[-71.81897,19.36632],[-71.81472,19.3652],[-71.81332,19.35787],[-71.81135,19.35894],[-71.80965,19.35752],[-71.8102,19.35677],[-71.80829,19.35612],[-71.80852,19.35338],[-71.80705,19.35326],[-71.80502,19.34893],[-71.80588,19.3464],[-71.80319,19.34067],[-71.79832,19.3372],[-71.79849,19.33491],[-71.78713,19.33304],[-71.78534,19.33073],[-71.77915,19.32913],[-71.77376,19.3205],[-71.76869,19.32004],[-71.76971,19.31767],[-71.76735,19.31663],[-71.7665,19.31192],[-71.7645,19.3082],[-71.76272,19.30753],[-71.76427,19.30369],[-71.76322,19.30304],[-71.76259,19.30488],[-71.75953,19.30366],[-71.75982,19.30227],[-71.75723,19.30116],[-71.75609,19.29908],[-71.75617,19.29771],[-71.76031,19.29589],[-71.76109,19.29157],[-71.75646,19.2914],[-71.75326,19.28834],[-71.7534,19.28426],[-71.75521,19.28143],[-71.75306,19.27968],[-71.75711,19.27814],[-71.75927,19.27547],[-71.76216,19.27674],[-71.76544,19.27577]]]}},{"type":"Feature","properties":{"arrondissement":"Môle-Saint-Nicolas","adm1_name":"Nord-Ouest","complete":true,"communeCount":4},"geometry":{"type":"Polygon","coordinates":[[[-73.30545,19.62904],[-73.32126,19.62426],[-73.32474,19.62472],[-73.32664,19.62648],[-73.33524,19.62705],[-73.34156,19.62427],[-73.35009,19.62458],[-73.35635,19.62626],[-73.3639,19.62316],[-73.36912,19.62591],[-73.37387,19.6317],[-73.37614,19.63176],[-73.37701,19.6301],[-73.3821,19.633],[-73.38471,19.63244],[-73.38828,19.63452],[-73.39091,19.6343],[-73.39101,19.63585],[-73.40024,19.64032],[-73.41016,19.64806],[-73.41597,19.64901],[-73.4263,19.65946],[-73.43233,19.66322],[-73.43472,19.66728],[-73.43715,19.66763],[-73.44303,19.67755],[-73.44685,19.68001],[-73.44761,19.68223],[-73.45299,19.68739],[-73.45518,19.69736],[-73.45566,19.70999],[-73.4543,19.72195],[-73.4555,19.72497],[-73.45467,19.7275],[-73.45576,19.73917],[-73.45477,19.74598],[-73.45257,19.75017],[-73.45262,19.75974],[-73.44889,19.76437],[-73.44348,19.76796],[-73.43664,19.78073],[-73.43078,19.78684],[-73.42492,19.79676],[-73.42142,19.79664],[-73.41797,19.79154],[-73.41025,19.79102],[-73.40162,19.79676],[-73.3877,19.7981],[-73.38524,19.79936],[-73.38226,19.80134],[-73.37894,19.80906],[-73.37344,19.80839],[-73.36972,19.81178],[-73.36827,19.82096],[-73.36613,19.82148],[-73.36309,19.82551],[-73.3599,19.83355],[-73.36148,19.83552],[-73.36411,19.83537],[-73.36935,19.82469],[-73.37403,19.82016],[-73.38329,19.81819],[-73.39405,19.82186],[-73.40767,19.82364],[-73.41316,19.82044],[-73.41698,19.82317],[-73.42006,19.82377],[-73.42146,19.82898],[-73.41411,19.83465],[-73.40816,19.84309],[-73.40062,19.84366],[-73.38915,19.84085],[-73.37494,19.84384],[-73.37226,19.84335],[-73.36708,19.84597],[-73.3637,19.84516],[-73.35267,19.8385],[-73.3442,19.83708],[-73.34061,19.83795],[-73.33213,19.84196],[-73.32769,19.84643],[-73.31983,19.84814],[-73.30355,19.85772],[-73.29183,19.86161],[-73.27189,19.86465],[-73.26503,19.86951],[-73.25892,19.87061],[-73.24633,19.87769],[-73.23983,19.87536],[-73.24064,19.87895],[-73.23236,19.88511],[-73.22928,19.88922],[-73.20598,19.90379],[-73.20014,19.90459],[-73.19428,19.9097],[-73.19315,19.914],[-73.1873,19.91634],[-73.18393,19.92092],[-73.17,19.92634],[-73.16737,19.9296],[-73.16468,19.93021],[-73.16175,19.92935],[-73.15876,19.93039],[-73.15804,19.9281],[-73.15502,19.92878],[-73.15187,19.92563],[-73.14911,19.92624],[-73.14721,19.92494],[-73.13782,19.92444],[-73.12737,19.92616],[-73.11179,19.92482],[-73.10976,19.92359],[-73.07804,19.91912],[-73.06825,19.91846],[-73.05833,19.92016],[-73.05445,19.91848],[-73.04519,19.91908],[-73.0343,19.91221],[-73.03397,19.9095],[-73.03192,19.90934],[-73.02783,19.91005],[-73.02647,19.91563],[-73.03184,19.91923],[-73.02973,19.92205],[-73.01548,19.9217],[-73.00045,19.91722],[-72.99955,19.90617],[-73.00248,19.90086],[-72.99974,19.88799],[-72.99978,19.88071],[-73.00631,19.87533],[-73.00702,19.87285],[-73.00351,19.867],[-73.00468,19.85444],[-73.01268,19.84828],[-73.01408,19.84489],[-73.01406,19.83705],[-73.01825,19.83622],[-73.01989,19.83764],[-73.02484,19.82963],[-73.0217,19.82411],[-73.0219,19.81626],[-73.02029,19.81361],[-73.02182,19.80897],[-73.02236,19.79554],[-73.02062,19.79178],[-73.02268,19.79006],[-73.02353,19.78369],[-73.02887,19.77685],[-73.03364,19.77418],[-73.03208,19.76195],[-73.02976,19.75891],[-73.02256,19.75573],[-73.02171,19.74893],[-73.01726,19.73959],[-73.01188,19.73486],[-73.01089,19.7309],[-73.02673,19.73291],[-73.0328,19.738],[-73.04694,19.74187],[-73.05288,19.74187],[-73.06156,19.73883],[-73.06616,19.73592],[-73.07004,19.73128],[-73.07348,19.73301],[-73.08006,19.73123],[-73.08707,19.71445],[-73.10323,19.70581],[-73.10563,19.70256],[-73.10173,19.69954],[-73.10377,19.69637],[-73.10711,19.69665],[-73.11598,19.70306],[-73.1206,19.70207],[-73.12223,19.69241],[-73.1184,19.68981],[-73.11771,19.68734],[-73.11909,19.6846],[-73.11745,19.681],[-73.11838,19.67636],[-73.12894,19.6567],[-73.13065,19.65077],[-73.13631,19.64367],[-73.13625,19.64045],[-73.13139,19.63817],[-73.12819,19.63344],[-73.12205,19.63194],[-73.12349,19.627],[-73.1274,19.62283],[-73.13107,19.62255],[-73.1446,19.62561],[-73.15027,19.62928],[-73.15517,19.62915],[-73.17917,19.63889],[-73.19281,19.64748],[-73.20697,19.66193],[-73.21131,19.66174],[-73.21962,19.6561],[-73.21957,19.6466],[-73.22344,19.6385],[-73.23081,19.63042],[-73.23537,19.62912],[-73.24058,19.6303],[-73.24164,19.62901],[-73.25937,19.62971],[-73.26296,19.63388],[-73.2718,19.63337],[-73.28052,19.6303],[-73.28703,19.63237],[-73.29562,19.62897],[-73.30545,19.62904]]]}},{"type":"Feature","properties":{"arrondissement":"Port-de-Paix","adm1_name":"Nord-Ouest","complete":false,"communeCount":5},"geometry":{"type":"MultiPolygon","coordinates":[[[[-72.74531,19.854],[-72.73735,19.84996],[-72.73553,19.85129],[-72.73519,19.84846],[-72.73238,19.84619],[-72.73633,19.84348],[-72.73675,19.8425],[-72.73492,19.84055],[-72.73822,19.83711],[-72.73855,19.8326],[-72.73402,19.82816],[-72.73111,19.82084],[-72.73019,19.8124],[-72.72459,19.8096],[-72.72769,19.80579],[-72.72896,19.79949],[-72.73392,19.79397],[-72.73933,19.79075],[-72.73946,19.78607],[-72.74261,19.7836],[-72.74856,19.78305],[-72.75684,19.78594],[-72.7592,19.78858],[-72.76527,19.78842],[-72.77544,19.78094],[-72.78402,19.77149],[-72.79727,19.76444],[-72.80697,19.75696],[-72.8104,19.75199],[-72.81166,19.74571],[-72.81092,19.73948],[-72.81222,19.73799],[-72.81862,19.73469],[-72.82443,19.7345],[-72.82846,19.73154],[-72.83529,19.73196],[-72.83838,19.72989],[-72.83775,19.721],[-72.84026,19.71632],[-72.84665,19.71333],[-72.85815,19.7129],[-72.87739,19.70909],[-72.89489,19.71037],[-72.89715,19.714],[-72.92492,19.71765],[-72.92442,19.72595],[-72.92744,19.72927],[-72.93756,19.72579],[-72.94669,19.72625],[-72.95302,19.72481],[-72.96136,19.72844],[-72.9672,19.7284],[-72.97852,19.72246],[-72.98326,19.72367],[-72.99219,19.72238],[-73.00831,19.72746],[-73.01089,19.7309],[-73.01188,19.73486],[-73.01726,19.73959],[-73.02171,19.74893],[-73.02256,19.75573],[-73.02976,19.75891],[-73.03208,19.76195],[-73.03364,19.77418],[-73.02887,19.77685],[-73.02353,19.78369],[-73.02268,19.79006],[-73.02062,19.79178],[-73.02236,19.79554],[-73.02182,19.80897],[-73.02029,19.81361],[-73.0219,19.81626],[-73.0217,19.82411],[-73.02484,19.82963],[-73.01989,19.83764],[-73.01825,19.83622],[-73.01406,19.83705],[-73.01408,19.84489],[-73.01268,19.84828],[-73.00468,19.85444],[-73.00351,19.867],[-73.00702,19.87285],[-73.00631,19.87533],[-72.99978,19.88071],[-72.99974,19.88799],[-73.00248,19.90086],[-72.99955,19.90617],[-73.00045,19.91722],[-72.99591,19.91918],[-72.99468,19.92113],[-72.9871,19.92118],[-72.97374,19.92413],[-72.96432,19.91618],[-72.96421,19.911],[-72.95896,19.90957],[-72.95593,19.91355],[-72.95662,19.92004],[-72.95503,19.9226],[-72.95004,19.9234],[-72.9451,19.92684],[-72.93866,19.92725],[-72.92675,19.93079],[-72.89119,19.93598],[-72.88871,19.93391],[-72.87951,19.9337],[-72.87484,19.93125],[-72.87183,19.93145],[-72.86089,19.94086],[-72.85004,19.94396],[-72.84163,19.94285],[-72.83995,19.94092],[-72.8364,19.94251],[-72.83383,19.94047],[-72.83145,19.94084],[-72.82611,19.94612],[-72.8244,19.94588],[-72.81939,19.95268],[-72.81638,19.95254],[-72.81031,19.94812],[-72.80631,19.95115],[-72.80028,19.94836],[-72.79294,19.95046],[-72.78108,19.95169],[-72.77441,19.9478],[-72.77131,19.94731],[-72.76723,19.94901],[-72.76363,19.94466],[-72.75385,19.94255],[-72.75591,19.93777],[-72.75409,19.93759],[-72.7608,19.926],[-72.76048,19.92039],[-72.77129,19.90813],[-72.77071,19.90492],[-72.7723,19.90075],[-72.77127,19.89935],[-72.76717,19.90028],[-72.76654,19.89429],[-72.76392,19.89457],[-72.76304,19.89108],[-72.74984,19.88486],[-72.74849,19.8796],[-72.74178,19.88011],[-72.74363,19.87544],[-72.74859,19.87358],[-72.75133,19.86957],[-72.74727,19.86602],[-72.74821,19.86098],[-72.74531,19.854]]],[[[-72.77981,20.07737],[-72.76773,20.07368],[-72.75623,20.06761],[-72.74218,20.06448],[-72.71118,20.05257],[-72.67766,20.04379],[-72.66615,20.03896],[-72.64725,20.0276],[-72.64063,20.02223],[-72.63075,20.01266],[-72.62012,19.99683],[-72.64529,19.99235],[-72.65918,19.99693],[-72.69511,19.99775],[-72.71024,20.00325],[-72.72577,20.00474],[-72.7303,20.00715],[-72.74777,20.00909],[-72.75753,20.01169],[-72.77246,20.01861],[-72.78074,20.01953],[-72.81024,20.02852],[-72.87526,20.03279],[-72.88266,20.03514],[-72.89043,20.03945],[-72.89615,20.03915],[-72.90001,20.04085],[-72.90565,20.04102],[-72.93868,20.0522],[-72.94337,20.05161],[-72.95954,20.0553],[-72.96685,20.06021],[-72.96772,20.06493],[-72.96112,20.06769],[-72.9266,20.07642],[-72.91035,20.07824],[-72.88492,20.0841],[-72.85848,20.08738],[-72.85106,20.08553],[-72.84444,20.08568],[-72.83418,20.08624],[-72.82044,20.08922],[-72.80662,20.0892],[-72.79594,20.08583],[-72.77981,20.07737]]]]}},{"type":"Feature","properties":{"arrondissement":"Saint-Louis-du-Nord","adm1_name":"Nord-Ouest","complete":true,"communeCount":2},"geometry":{"type":"Polygon","coordinates":[[[-72.64357,19.90616],[-72.6408,19.90883],[-72.63655,19.90786],[-72.63559,19.90707],[-72.6369,19.90541],[-72.63597,19.90276],[-72.63164,19.89729],[-72.61785,19.89276],[-72.60715,19.89231],[-72.60265,19.89524],[-72.59351,19.8952],[-72.59212,19.89865],[-72.58693,19.89637],[-72.5844,19.89757],[-72.58342,19.89487],[-72.5818,19.89765],[-72.58009,19.89727],[-72.58061,19.89635],[-72.57865,19.89449],[-72.57349,19.89215],[-72.57385,19.88705],[-72.56657,19.88379],[-72.56526,19.88188],[-72.56027,19.88081],[-72.56157,19.87754],[-72.56417,19.87843],[-72.567,19.87762],[-72.56829,19.87492],[-72.57193,19.87443],[-72.58332,19.86616],[-72.58306,19.85812],[-72.58089,19.85571],[-72.58151,19.85319],[-72.58006,19.84981],[-72.58385,19.85181],[-72.58936,19.85119],[-72.59019,19.84984],[-72.59254,19.8435],[-72.59552,19.83994],[-72.59321,19.83259],[-72.59089,19.83148],[-72.5944,19.83029],[-72.59811,19.83741],[-72.60156,19.83825],[-72.60411,19.83883],[-72.61069,19.83615],[-72.61355,19.83411],[-72.61588,19.82794],[-72.61621,19.82038],[-72.61501,19.81799],[-72.61842,19.81654],[-72.61875,19.81519],[-72.62239,19.81553],[-72.6233,19.8136],[-72.6272,19.81356],[-72.63007,19.8117],[-72.6318,19.81689],[-72.63644,19.8171],[-72.63913,19.81854],[-72.64016,19.82129],[-72.63796,19.8267],[-72.63896,19.82935],[-72.64695,19.8281],[-72.66092,19.8287],[-72.66998,19.83217],[-72.67887,19.83287],[-72.6846,19.83163],[-72.68383,19.82633],[-72.67723,19.81388],[-72.67802,19.80893],[-72.68705,19.80808],[-72.69121,19.80926],[-72.69931,19.81567],[-72.71227,19.81173],[-72.71971,19.81204],[-72.72459,19.8096],[-72.73019,19.8124],[-72.73111,19.82084],[-72.73402,19.82816],[-72.73855,19.8326],[-72.73822,19.83711],[-72.73492,19.84055],[-72.73675,19.8425],[-72.73633,19.84348],[-72.73238,19.84619],[-72.73519,19.84846],[-72.73553,19.85129],[-72.73735,19.84996],[-72.74531,19.854],[-72.74821,19.86098],[-72.74727,19.86602],[-72.75133,19.86957],[-72.74859,19.87358],[-72.74363,19.87544],[-72.74178,19.88011],[-72.74849,19.8796],[-72.74984,19.88486],[-72.76304,19.89108],[-72.76392,19.89457],[-72.76654,19.89429],[-72.76717,19.90028],[-72.77127,19.89935],[-72.7723,19.90075],[-72.77071,19.90492],[-72.77129,19.90813],[-72.76048,19.92039],[-72.7608,19.926],[-72.75409,19.93759],[-72.75591,19.93777],[-72.75385,19.94255],[-72.75103,19.9437],[-72.74417,19.94184],[-72.74099,19.93861],[-72.73175,19.93536],[-72.7221,19.93666],[-72.71856,19.93289],[-72.71724,19.93319],[-72.70769,19.92785],[-72.70274,19.93024],[-72.6968,19.925],[-72.69228,19.92363],[-72.68846,19.92467],[-72.68781,19.92085],[-72.68498,19.91991],[-72.68248,19.92025],[-72.68202,19.92215],[-72.68012,19.92299],[-72.67079,19.92068],[-72.67119,19.91864],[-72.66888,19.91608],[-72.66166,19.91714],[-72.65923,19.91436],[-72.65227,19.91366],[-72.64661,19.90626],[-72.64357,19.90616]]]}},{"type":"Feature","properties":{"arrondissement":"Arcahaie","adm1_name":"Ouest","complete":true,"communeCount":2},"geometry":{"type":"Polygon","coordinates":[[[-72.35563,18.85451],[-72.33575,18.83835],[-72.33365,18.8329],[-72.32431,18.82223],[-72.32323,18.81558],[-72.3194,18.81166],[-72.32757,18.79693],[-72.33226,18.79629],[-72.33003,18.79208],[-72.32635,18.78939],[-72.3278,18.78748],[-72.33626,18.78291],[-72.33265,18.78067],[-72.33568,18.77953],[-72.34396,18.77076],[-72.34751,18.76921],[-72.35239,18.76944],[-72.35594,18.7675],[-72.35756,18.76459],[-72.3574,18.76173],[-72.35317,18.76088],[-72.35188,18.75691],[-72.35233,18.75256],[-72.3582,18.74733],[-72.35169,18.73982],[-72.35207,18.73582],[-72.34952,18.734],[-72.34423,18.73619],[-72.33186,18.73282],[-72.32851,18.73387],[-72.32857,18.73004],[-72.33532,18.72633],[-72.33807,18.72246],[-72.33503,18.71859],[-72.33398,18.71491],[-72.33629,18.71097],[-72.3322,18.70851],[-72.32576,18.70741],[-72.32265,18.70365],[-72.31679,18.70458],[-72.31189,18.70381],[-72.3167,18.69312],[-72.321,18.69259],[-72.32357,18.68886],[-72.33325,18.68236],[-72.34191,18.68642],[-72.34953,18.6875],[-72.35168,18.68958],[-72.35183,18.68719],[-72.35317,18.69008],[-72.35758,18.69064],[-72.35856,18.69271],[-72.36847,18.69825],[-72.37925,18.70113],[-72.37912,18.70381],[-72.38305,18.70558],[-72.38928,18.71222],[-72.39479,18.71458],[-72.39695,18.71478],[-72.40057,18.71173],[-72.4012,18.71275],[-72.41246,18.7139],[-72.41794,18.71281],[-72.42328,18.71454],[-72.42673,18.71357],[-72.45015,18.71966],[-72.4512,18.7204],[-72.45039,18.72309],[-72.45289,18.73141],[-72.45885,18.73361],[-72.45733,18.73899],[-72.45779,18.74735],[-72.46094,18.74804],[-72.46061,18.75092],[-72.46301,18.75499],[-72.46677,18.75838],[-72.4714,18.76031],[-72.47724,18.7603],[-72.48824,18.7689],[-72.4905,18.76764],[-72.49273,18.7683],[-72.49647,18.76462],[-72.49698,18.76578],[-72.50282,18.76742],[-72.51869,18.76727],[-72.52243,18.76785],[-72.53241,18.77288],[-72.53635,18.77304],[-72.54268,18.77702],[-72.54563,18.78528],[-72.54871,18.78984],[-72.55424,18.79453],[-72.56071,18.7963],[-72.56546,18.81038],[-72.57325,18.82221],[-72.57617,18.83398],[-72.5785,18.83658],[-72.58494,18.8396],[-72.59302,18.84709],[-72.59823,18.85773],[-72.60256,18.86067],[-72.61091,18.85939],[-72.61175,18.8634],[-72.61668,18.87208],[-72.61625,18.88109],[-72.61919,18.88444],[-72.61925,18.88727],[-72.62368,18.889],[-72.62536,18.8908],[-72.62533,18.89285],[-72.62934,18.89541],[-72.63141,18.90144],[-72.63461,18.90194],[-72.6351,18.90642],[-72.63961,18.90705],[-72.64326,18.91013],[-72.64508,18.91503],[-72.64762,18.91635],[-72.64806,18.91844],[-72.65517,18.92104],[-72.65738,18.92393],[-72.6622,18.92591],[-72.66409,18.92825],[-72.67172,18.93024],[-72.67684,18.93408],[-72.68514,18.93678],[-72.69035,18.94115],[-72.69634,18.94251],[-72.70339,18.94075],[-72.70999,18.94234],[-72.70963,18.94407],[-72.70799,18.94625],[-72.70824,18.94813],[-72.70581,18.94912],[-72.7051,18.95227],[-72.70239,18.95369],[-72.70097,18.9564],[-72.69985,18.95614],[-72.69931,18.95854],[-72.69181,18.96273],[-72.68862,18.96708],[-72.68456,18.96747],[-72.68158,18.97306],[-72.6787,18.97405],[-72.67685,18.97129],[-72.67861,18.96859],[-72.67064,18.96858],[-72.66437,18.97217],[-72.66111,18.96796],[-72.65761,18.96738],[-72.6538,18.97117],[-72.65195,18.97076],[-72.64999,18.97228],[-72.64618,18.97285],[-72.63803,18.97088],[-72.63513,18.9734],[-72.63544,18.97604],[-72.6334,18.97612],[-72.63182,18.97296],[-72.62826,18.97717],[-72.62673,18.97242],[-72.62337,18.97295],[-72.62323,18.97082],[-72.6202,18.97091],[-72.61848,18.97276],[-72.61883,18.975],[-72.61638,18.97642],[-72.60812,18.97449],[-72.60344,18.97533],[-72.60286,18.97366],[-72.60092,18.97305],[-72.60164,18.97209],[-72.59815,18.97156],[-72.59477,18.9739],[-72.59107,18.97331],[-72.58603,18.96984],[-72.58035,18.9686],[-72.57274,18.9693],[-72.56611,18.96492],[-72.5585,18.96501],[-72.55463,18.96151],[-72.54545,18.96078],[-72.54137,18.96167],[-72.53652,18.95734],[-72.53085,18.95957],[-72.52522,18.95777],[-72.52102,18.95846],[-72.51818,18.95587],[-72.51454,18.95544],[-72.51268,18.95807],[-72.50907,18.95957],[-72.50383,18.95777],[-72.49575,18.95895],[-72.48205,18.94391],[-72.47333,18.93185],[-72.46702,18.92582],[-72.46442,18.92515],[-72.46238,18.92765],[-72.45949,18.92725],[-72.45687,18.92092],[-72.45496,18.91983],[-72.44298,18.92404],[-72.43564,18.92346],[-72.43713,18.92034],[-72.4285,18.91732],[-72.42809,18.91482],[-72.42343,18.91173],[-72.42038,18.91268],[-72.41482,18.90363],[-72.40597,18.90115],[-72.40394,18.90187],[-72.39685,18.89432],[-72.39222,18.89323],[-72.3873,18.88512],[-72.38154,18.87931],[-72.37479,18.87519],[-72.36952,18.86841],[-72.36184,18.86423],[-72.36328,18.85903],[-72.36033,18.85595],[-72.35563,18.85451]]]}},{"type":"Feature","properties":{"arrondissement":"Croix-des-Bouquets","adm1_name":"Ouest","complete":true,"communeCount":5},"geometry":{"type":"Polygon","coordinates":[[[-71.86565,18.43863],[-71.84405,18.42934],[-71.83679,18.41762],[-71.82984,18.39896],[-71.81733,18.39795],[-71.80336,18.39252],[-71.80566,18.38966],[-71.79535,18.37891],[-71.69526,18.34072],[-71.72496,18.29228],[-71.73949,18.29045],[-71.7468,18.2927],[-71.75045,18.2925],[-71.7568,18.28985],[-71.76503,18.28894],[-71.78031,18.28302],[-71.78584,18.28372],[-71.78869,18.28668],[-71.80624,18.28652],[-71.81026,18.28366],[-71.81511,18.28291],[-71.81991,18.27898],[-71.82267,18.27987],[-71.82841,18.2788],[-71.83311,18.28041],[-71.83561,18.28288],[-71.83798,18.2828],[-71.8461,18.27562],[-71.85538,18.27498],[-71.86072,18.27749],[-71.86521,18.27653],[-71.8701,18.27329],[-71.86787,18.28209],[-71.87023,18.28557],[-71.86967,18.2873],[-71.86714,18.28831],[-71.86461,18.29363],[-71.86699,18.30562],[-71.86341,18.31152],[-71.86388,18.31507],[-71.86198,18.31922],[-71.87164,18.32424],[-71.88363,18.32168],[-71.89384,18.3173],[-71.90111,18.31871],[-71.90401,18.31796],[-71.92697,18.31146],[-71.93359,18.30702],[-71.95267,18.31739],[-71.96612,18.31623],[-71.97427,18.31294],[-71.98584,18.31491],[-72.00226,18.31165],[-72.00396,18.31795],[-72.01257,18.31703],[-72.01639,18.31852],[-72.0327,18.31966],[-72.03926,18.3276],[-72.03966,18.32308],[-72.04181,18.32065],[-72.04577,18.32052],[-72.04826,18.32515],[-72.05582,18.32647],[-72.06076,18.3239],[-72.06476,18.31999],[-72.06742,18.32033],[-72.07552,18.32453],[-72.08403,18.33477],[-72.09027,18.33765],[-72.10608,18.33552],[-72.1158,18.33698],[-72.12764,18.33645],[-72.1373,18.33936],[-72.14718,18.34568],[-72.1563,18.34807],[-72.17156,18.34761],[-72.17595,18.34602],[-72.18198,18.34776],[-72.18991,18.35333],[-72.19945,18.35227],[-72.2015,18.36047],[-72.20452,18.3651],[-72.20438,18.37],[-72.20164,18.3787],[-72.20451,18.38366],[-72.20447,18.38787],[-72.20291,18.3903],[-72.20736,18.401],[-72.21035,18.40448],[-72.20605,18.40812],[-72.20536,18.41139],[-72.20172,18.41287],[-72.19819,18.41874],[-72.196,18.41854],[-72.19489,18.42091],[-72.19227,18.41955],[-72.18221,18.41951],[-72.17827,18.41765],[-72.17686,18.41911],[-72.17704,18.42119],[-72.17246,18.42406],[-72.1727,18.42951],[-72.16493,18.42976],[-72.16507,18.43218],[-72.16677,18.43373],[-72.17092,18.43206],[-72.17384,18.4352],[-72.17742,18.43021],[-72.17862,18.4301],[-72.1797,18.4308],[-72.17951,18.43474],[-72.17894,18.43659],[-72.17469,18.43761],[-72.17376,18.43897],[-72.17628,18.44288],[-72.17547,18.44625],[-72.172,18.44629],[-72.17036,18.44819],[-72.16119,18.45057],[-72.15958,18.45225],[-72.15893,18.45998],[-72.16074,18.46497],[-72.15936,18.4688],[-72.16423,18.46976],[-72.16823,18.4687],[-72.16879,18.47101],[-72.1661,18.47197],[-72.16607,18.47364],[-72.17112,18.47461],[-72.17144,18.47541],[-72.1687,18.47684],[-72.17351,18.48231],[-72.17464,18.48253],[-72.17527,18.48008],[-72.17761,18.48044],[-72.17736,18.48243],[-72.17562,18.48335],[-72.17805,18.48499],[-72.17958,18.48528],[-72.1827,18.47994],[-72.18508,18.48171],[-72.18376,18.48341],[-72.18763,18.48326],[-72.18867,18.48921],[-72.19079,18.49261],[-72.20739,18.51042],[-72.20955,18.51539],[-72.2104,18.52172],[-72.22424,18.54078],[-72.22772,18.54344],[-72.22925,18.55052],[-72.23307,18.55519],[-72.23836,18.56826],[-72.24286,18.57337],[-72.24339,18.57793],[-72.24844,18.58068],[-72.24864,18.58695],[-72.25358,18.58736],[-72.25647,18.59357],[-72.26585,18.59699],[-72.2685,18.59624],[-72.2737,18.59991],[-72.27832,18.59818],[-72.28159,18.5992],[-72.28926,18.59774],[-72.28892,18.60131],[-72.29504,18.60348],[-72.2959,18.60738],[-72.30036,18.60963],[-72.30149,18.60874],[-72.30118,18.60593],[-72.30298,18.6048],[-72.30681,18.60683],[-72.31294,18.60435],[-72.31612,18.60662],[-72.31559,18.60819],[-72.31411,18.60822],[-72.31526,18.61018],[-72.32077,18.61008],[-72.32203,18.61208],[-72.32465,18.61246],[-72.32482,18.61373],[-72.32745,18.61183],[-72.32833,18.61346],[-72.32646,18.61369],[-72.32675,18.61602],[-72.33516,18.61761],[-72.33635,18.61855],[-72.33586,18.62113],[-72.35514,18.62654],[-72.35813,18.62957],[-72.35389,18.62722],[-72.34715,18.62748],[-72.34277,18.63325],[-72.33882,18.64436],[-72.33123,18.65314],[-72.31904,18.65876],[-72.31699,18.66514],[-72.318,18.672],[-72.32162,18.6768],[-72.32154,18.67916],[-72.32452,18.68166],[-72.33129,18.68297],[-72.32724,18.68711],[-72.32357,18.68886],[-72.321,18.69259],[-72.3167,18.69312],[-72.31189,18.70381],[-72.31679,18.70458],[-72.32265,18.70365],[-72.32576,18.70741],[-72.3322,18.70851],[-72.33629,18.71097],[-72.33398,18.71491],[-72.33503,18.71859],[-72.33807,18.72246],[-72.33532,18.72633],[-72.32857,18.73004],[-72.32851,18.73387],[-72.33186,18.73282],[-72.34423,18.73619],[-72.34952,18.734],[-72.35207,18.73582],[-72.35169,18.73982],[-72.3582,18.74733],[-72.35233,18.75256],[-72.35188,18.75691],[-72.35317,18.76088],[-72.3574,18.76173],[-72.35756,18.76459],[-72.35594,18.7675],[-72.35239,18.76944],[-72.34751,18.76921],[-72.34396,18.77076],[-72.33568,18.77953],[-72.33265,18.78067],[-72.33626,18.78291],[-72.3278,18.78748],[-72.32635,18.78939],[-72.33003,18.79208],[-72.33226,18.79629],[-72.32757,18.79693],[-72.3194,18.81166],[-72.31398,18.81276],[-72.30919,18.81649],[-72.30311,18.81821],[-72.28171,18.81663],[-72.27894,18.80883],[-72.2746,18.8075],[-72.2724,18.80405],[-72.27437,18.80004],[-72.27902,18.79754],[-72.26471,18.79156],[-72.26217,18.78926],[-72.25729,18.78914],[-72.25076,18.78323],[-72.24556,18.78064],[-72.23718,18.77746],[-72.22907,18.77811],[-72.22583,18.77626],[-72.22498,18.77243],[-72.21787,18.77375],[-72.2101,18.76486],[-72.20681,18.75805],[-72.20316,18.7562],[-72.19984,18.75852],[-72.19393,18.75152],[-72.19712,18.74489],[-72.20117,18.74184],[-72.1973,18.73218],[-72.18996,18.72388],[-72.16658,18.70265],[-72.14722,18.69468],[-72.12721,18.7064],[-72.12291,18.70373],[-72.11552,18.70361],[-72.10984,18.70831],[-72.09794,18.71154],[-72.09172,18.71056],[-72.0869,18.71374],[-72.08398,18.72705],[-72.07355,18.73669],[-72.07092,18.73197],[-72.06814,18.72076],[-72.05675,18.71878],[-72.04423,18.71934],[-72.03754,18.72096],[-72.03521,18.72424],[-72.02759,18.72692],[-72.02203,18.72669],[-72.01708,18.72417],[-72.01404,18.73207],[-72.00944,18.73699],[-72.00593,18.73514],[-72.00531,18.73007],[-71.99189,18.73435],[-71.98854,18.73772],[-71.97786,18.73411],[-71.9711,18.74684],[-71.96091,18.74093],[-71.94245,18.73874],[-71.93701,18.73975],[-71.92597,18.73896],[-71.92345,18.73703],[-71.92095,18.73139],[-71.91615,18.72952],[-71.91105,18.72966],[-71.90086,18.72208],[-71.89351,18.71955],[-71.88739,18.71983],[-71.88209,18.71809],[-71.87583,18.71936],[-71.87001,18.71829],[-71.8533,18.71882],[-71.84178,18.70996],[-71.83422,18.70768],[-71.82902,18.70462],[-71.80981,18.68809],[-71.80422,18.68539],[-71.80164,18.68082],[-71.80301,18.66993],[-71.80957,18.66143],[-71.80895,18.65157],[-71.80695,18.64511],[-71.80715,18.63545],[-71.81216,18.63418],[-71.81538,18.63071],[-71.82759,18.63335],[-71.83619,18.62972],[-71.84436,18.62946],[-71.85232,18.63586],[-71.85609,18.63539],[-71.86857,18.63766],[-71.8734,18.62801],[-71.88056,18.62721],[-71.88427,18.63662],[-71.90218,18.64763],[-71.9083,18.64912],[-71.91336,18.64867],[-71.92153,18.63728],[-71.92572,18.63489],[-71.94115,18.64402],[-71.9446,18.64804],[-71.95321,18.65207],[-71.95531,18.6508],[-71.96245,18.6536],[-71.96639,18.65676],[-71.97568,18.64771],[-71.97939,18.63918],[-71.98239,18.63633],[-71.99213,18.63221],[-71.99783,18.6312],[-72.00086,18.62766],[-72.00387,18.62809],[-72.00825,18.62511],[-72.00042,18.61759],[-71.99053,18.61768],[-71.98634,18.619],[-71.98193,18.61137],[-71.97558,18.60546],[-71.96752,18.60536],[-71.96515,18.60352],[-71.95515,18.57918],[-71.88083,18.50382],[-71.88076,18.49033],[-71.91374,18.48536],[-71.90457,18.45728],[-71.87624,18.44601],[-71.86565,18.43863]]]}},{"type":"Feature","properties":{"arrondissement":"La Gonâve","adm1_name":"Ouest","complete":true,"communeCount":2},"geometry":{"type":"Polygon","coordinates":[[[-73.08758,18.93097],[-73.08036,18.92953],[-73.06945,18.92403],[-73.05871,18.9255],[-73.04918,18.91885],[-73.04611,18.91812],[-73.04519,18.91436],[-73.04196,18.91118],[-73.03136,18.90902],[-73.02691,18.90598],[-73.02292,18.90613],[-73.00926,18.89716],[-72.99989,18.89456],[-72.99605,18.89152],[-72.99544,18.88587],[-72.99176,18.88254],[-72.98915,18.88255],[-72.96765,18.8717],[-72.96727,18.86916],[-72.95776,18.86561],[-72.95661,18.86293],[-72.94782,18.86105],[-72.94466,18.8616],[-72.9372,18.85452],[-72.9344,18.85622],[-72.92546,18.85456],[-72.92457,18.85212],[-72.92064,18.85111],[-72.90358,18.8504],[-72.89285,18.84794],[-72.88562,18.84193],[-72.88202,18.84051],[-72.86797,18.84037],[-72.86298,18.83541],[-72.8462,18.83366],[-72.84767,18.83122],[-72.85305,18.83057],[-72.85206,18.82891],[-72.84885,18.82852],[-72.84559,18.82637],[-72.84026,18.81985],[-72.83234,18.81422],[-72.82978,18.80962],[-72.8224,18.80419],[-72.8199,18.80002],[-72.81905,18.79502],[-72.81222,18.78576],[-72.80965,18.78538],[-72.8061,18.77747],[-72.80618,18.77195],[-72.80827,18.76745],[-72.80408,18.75734],[-72.8043,18.75278],[-72.79304,18.73545],[-72.79385,18.73282],[-72.81309,18.72806],[-72.81663,18.72556],[-72.81874,18.72164],[-72.81842,18.71758],[-72.80766,18.70781],[-72.8061,18.70507],[-72.80807,18.70259],[-72.81328,18.69809],[-72.81659,18.70137],[-72.81826,18.69797],[-72.81761,18.6935],[-72.82076,18.69217],[-72.82361,18.69272],[-72.82699,18.69446],[-72.82684,18.6973],[-72.83027,18.69909],[-72.83074,18.7017],[-72.83403,18.70079],[-72.83658,18.70358],[-72.83868,18.71289],[-72.83593,18.71867],[-72.83889,18.72114],[-72.85001,18.71732],[-72.85831,18.72112],[-72.86152,18.72117],[-72.86298,18.72324],[-72.86745,18.72497],[-72.8852,18.72559],[-72.89917,18.73135],[-72.90204,18.73084],[-72.9202,18.73729],[-72.92178,18.73981],[-72.92679,18.74031],[-72.93202,18.73911],[-72.94651,18.74172],[-72.96437,18.741],[-72.99965,18.74429],[-73.03085,18.75639],[-73.03671,18.75651],[-73.04026,18.76139],[-73.04505,18.76512],[-73.05419,18.77012],[-73.06171,18.78155],[-73.07154,18.78578],[-73.07182,18.79103],[-73.07469,18.79247],[-73.07626,18.79559],[-73.08362,18.798],[-73.08935,18.79631],[-73.10095,18.79897],[-73.10321,18.80259],[-73.1088,18.80445],[-73.11313,18.80986],[-73.1168,18.8097],[-73.12606,18.81796],[-73.13045,18.81787],[-73.1671,18.82636],[-73.18313,18.83457],[-73.18716,18.83458],[-73.19201,18.83668],[-73.19907,18.83706],[-73.20492,18.83456],[-73.20925,18.83424],[-73.21418,18.83591],[-73.21751,18.83524],[-73.22849,18.84861],[-73.23149,18.84936],[-73.23509,18.84837],[-73.23835,18.85011],[-73.24616,18.85958],[-73.25002,18.86639],[-73.25363,18.86912],[-73.26558,18.88647],[-73.27156,18.89104],[-73.28158,18.89569],[-73.28448,18.89951],[-73.29794,18.9079],[-73.30092,18.91338],[-73.30021,18.91761],[-73.30127,18.91711],[-73.30127,18.91902],[-73.29977,18.91993],[-73.30162,18.91952],[-73.3003,18.92101],[-73.30337,18.92209],[-73.30382,18.92441],[-73.3024,18.92723],[-73.29968,18.92781],[-73.29818,18.93088],[-73.30115,18.93267],[-73.30051,18.93748],[-73.28295,18.95231],[-73.25884,18.96606],[-73.25755,18.96437],[-73.25065,18.96654],[-73.23729,18.96565],[-73.20627,18.97032],[-73.19228,18.96781],[-73.17991,18.96347],[-73.16094,18.951],[-73.1491,18.94706],[-73.14465,18.94333],[-73.13444,18.93792],[-73.12494,18.93617],[-73.11437,18.9316],[-73.09518,18.92959],[-73.08758,18.93097]]]}},{"type":"Feature","properties":{"arrondissement":"Léogâne","adm1_name":"Ouest","complete":true,"communeCount":3},"geometry":{"type":"Polygon","coordinates":[[[-72.83122,18.4433],[-72.81418,18.44233],[-72.80101,18.43692],[-72.79272,18.43039],[-72.78618,18.43051],[-72.78281,18.43281],[-72.76158,18.43346],[-72.75895,18.43053],[-72.75455,18.42836],[-72.74916,18.43],[-72.74592,18.42731],[-72.74,18.42593],[-72.72782,18.42625],[-72.7143,18.43131],[-72.71403,18.43273],[-72.71124,18.43435],[-72.70716,18.43408],[-72.70496,18.43757],[-72.69865,18.43739],[-72.69527,18.43866],[-72.68931,18.44314],[-72.68876,18.44578],[-72.6796,18.45212],[-72.67511,18.45911],[-72.65321,18.51404],[-72.6537,18.51926],[-72.65238,18.52451],[-72.64872,18.52555],[-72.6451,18.52919],[-72.62632,18.55111],[-72.60483,18.55976],[-72.59911,18.55921],[-72.57905,18.5653],[-72.56994,18.56247],[-72.56713,18.56372],[-72.56433,18.56315],[-72.55967,18.56028],[-72.55339,18.56087],[-72.55247,18.55295],[-72.54607,18.54998],[-72.54701,18.54554],[-72.55133,18.54036],[-72.5573,18.52971],[-72.55722,18.52765],[-72.56141,18.52221],[-72.56061,18.51955],[-72.55735,18.51698],[-72.55777,18.51458],[-72.56043,18.51581],[-72.56196,18.51441],[-72.56478,18.51441],[-72.56922,18.50927],[-72.56836,18.50122],[-72.56979,18.49333],[-72.56713,18.48564],[-72.55967,18.47818],[-72.55188,18.47289],[-72.54562,18.47165],[-72.53854,18.47468],[-72.53106,18.47172],[-72.52616,18.47352],[-72.52057,18.4717],[-72.49446,18.4736],[-72.48938,18.47214],[-72.48022,18.47502],[-72.46907,18.47628],[-72.46587,18.46432],[-72.45565,18.45673],[-72.45552,18.45055],[-72.45879,18.44447],[-72.45224,18.43327],[-72.45199,18.43125],[-72.45416,18.42878],[-72.45019,18.42116],[-72.45332,18.41626],[-72.45084,18.4128],[-72.45264,18.41035],[-72.44928,18.40622],[-72.45105,18.40397],[-72.44977,18.40139],[-72.45137,18.39706],[-72.45545,18.39738],[-72.46597,18.39931],[-72.48252,18.40014],[-72.49187,18.40224],[-72.49838,18.4055],[-72.50291,18.40569],[-72.50733,18.3989],[-72.52003,18.39504],[-72.52237,18.38852],[-72.53121,18.38252],[-72.53463,18.37078],[-72.55096,18.36516],[-72.55002,18.35881],[-72.55365,18.35408],[-72.55275,18.35194],[-72.55589,18.35157],[-72.5602,18.3547],[-72.5636,18.3547],[-72.56315,18.34941],[-72.56433,18.34703],[-72.57293,18.35101],[-72.57989,18.35268],[-72.587,18.35206],[-72.59619,18.34167],[-72.59988,18.3335],[-72.60139,18.3242],[-72.60826,18.32287],[-72.61157,18.32651],[-72.61732,18.3388],[-72.6223,18.34444],[-72.64195,18.34559],[-72.64195,18.33064],[-72.64364,18.32803],[-72.65299,18.32413],[-72.65654,18.32578],[-72.65854,18.3256],[-72.65902,18.32429],[-72.66377,18.32869],[-72.66497,18.32767],[-72.67065,18.33033],[-72.67326,18.32873],[-72.67476,18.3249],[-72.68159,18.32464],[-72.68274,18.32154],[-72.6874,18.32264],[-72.68858,18.31853],[-72.69257,18.31602],[-72.69585,18.31716],[-72.69616,18.31462],[-72.70107,18.3119],[-72.70297,18.30804],[-72.70807,18.30765],[-72.71127,18.30896],[-72.70957,18.30553],[-72.70762,18.30473],[-72.7089,18.3024],[-72.70672,18.30024],[-72.708,18.29778],[-72.70711,18.29655],[-72.71044,18.296],[-72.71622,18.3031],[-72.71835,18.30361],[-72.71849,18.30869],[-72.72156,18.31148],[-72.7255,18.31148],[-72.72804,18.31283],[-72.73084,18.31549],[-72.73071,18.31765],[-72.74141,18.32242],[-72.73842,18.31455],[-72.74119,18.30747],[-72.73977,18.30679],[-72.73967,18.30056],[-72.74123,18.2887],[-72.7422,18.28704],[-72.74575,18.28772],[-72.74842,18.29059],[-72.75692,18.28668],[-72.76161,18.28209],[-72.76204,18.27747],[-72.76633,18.27391],[-72.76375,18.27137],[-72.76498,18.26698],[-72.76726,18.26673],[-72.77846,18.27155],[-72.79474,18.27548],[-72.80864,18.28678],[-72.82238,18.28713],[-72.82753,18.28935],[-72.83144,18.28226],[-72.84146,18.28313],[-72.85627,18.2812],[-72.85607,18.2736],[-72.85065,18.26344],[-72.85056,18.26103],[-72.85339,18.2583],[-72.8593,18.25907],[-72.86658,18.2637],[-72.8694,18.26717],[-72.87552,18.2698],[-72.88387,18.27651],[-72.88311,18.28139],[-72.89109,18.28251],[-72.89493,18.28633],[-72.89621,18.28775],[-72.89033,18.2924],[-72.8897,18.29512],[-72.8996,18.29155],[-72.91355,18.29081],[-72.91974,18.28864],[-72.92312,18.28987],[-72.92948,18.28668],[-72.93269,18.28766],[-72.93482,18.29285],[-72.94064,18.29049],[-72.94287,18.29436],[-72.95291,18.29347],[-72.95824,18.27839],[-72.96057,18.277],[-72.96465,18.27737],[-72.96709,18.28105],[-72.97252,18.28418],[-72.97752,18.29253],[-72.97827,18.29774],[-72.97742,18.29863],[-72.98271,18.30216],[-72.98468,18.30581],[-72.98448,18.30877],[-72.98678,18.31082],[-72.98682,18.32085],[-72.99369,18.32703],[-72.99668,18.32401],[-73.0006,18.32905],[-73.01309,18.33624],[-73.01726,18.34165],[-73.02015,18.34851],[-73.01875,18.35109],[-73.01372,18.3525],[-73.01089,18.36065],[-73.01469,18.3669],[-73.01833,18.37007],[-73.02409,18.37249],[-73.02557,18.37467],[-73.02302,18.37927],[-73.01901,18.38311],[-73.02361,18.3875],[-73.0297,18.38901],[-73.03588,18.39775],[-73.0396,18.40707],[-73.03743,18.40918],[-73.0463,18.41778],[-73.05134,18.43084],[-73.05374,18.43221],[-73.0519,18.43554],[-73.04832,18.43537],[-73.04457,18.4375],[-73.04858,18.44554],[-73.05231,18.448],[-73.05477,18.45237],[-73.05068,18.46108],[-73.0441,18.46128],[-73.04231,18.4648],[-73.03822,18.46511],[-73.03295,18.46266],[-73.02703,18.46524],[-73.00991,18.46592],[-73.00419,18.46535],[-73.00179,18.46389],[-72.98708,18.46796],[-72.98142,18.46497],[-72.97244,18.46593],[-72.96288,18.46463],[-72.95787,18.46328],[-72.95455,18.46088],[-72.94785,18.46033],[-72.93458,18.4567],[-72.9314,18.45805],[-72.92259,18.45431],[-72.91539,18.45288],[-72.91156,18.449],[-72.90948,18.44986],[-72.90265,18.44922],[-72.89497,18.44715],[-72.89308,18.44279],[-72.89001,18.44237],[-72.8927,18.44112],[-72.8949,18.44334],[-72.89603,18.44174],[-72.90056,18.4434],[-72.90275,18.4411],[-72.89868,18.43688],[-72.8993,18.43288],[-72.89569,18.42753],[-72.89185,18.42448],[-72.88614,18.42593],[-72.88004,18.42475],[-72.87527,18.42555],[-72.86807,18.43397],[-72.85562,18.44356],[-72.84918,18.44485],[-72.84203,18.44324],[-72.83122,18.4433]]]}},{"type":"Feature","properties":{"arrondissement":"Port-au-Prince","adm1_name":"Ouest","complete":true,"communeCount":8},"geometry":{"type":"Polygon","coordinates":[[[-72.19819,18.41874],[-72.20172,18.41287],[-72.20536,18.41139],[-72.20605,18.40812],[-72.21035,18.40448],[-72.20736,18.401],[-72.20291,18.3903],[-72.20447,18.38787],[-72.20451,18.38366],[-72.20164,18.3787],[-72.20438,18.37],[-72.20452,18.3651],[-72.2015,18.36047],[-72.19945,18.35227],[-72.21128,18.35114],[-72.21815,18.34853],[-72.22823,18.35199],[-72.24491,18.35383],[-72.25728,18.35829],[-72.26797,18.35703],[-72.27609,18.35371],[-72.28064,18.35438],[-72.28692,18.34394],[-72.29113,18.34146],[-72.30431,18.34211],[-72.30804,18.34021],[-72.31476,18.34],[-72.32078,18.34148],[-72.32682,18.34105],[-72.33956,18.34812],[-72.35255,18.34891],[-72.35876,18.3507],[-72.36306,18.35358],[-72.36477,18.35298],[-72.36388,18.35521],[-72.36689,18.35719],[-72.3697,18.36645],[-72.3671,18.37806],[-72.37069,18.38138],[-72.37962,18.37922],[-72.38346,18.38014],[-72.38383,18.38777],[-72.38901,18.3916],[-72.39404,18.39177],[-72.39636,18.38618],[-72.39978,18.38436],[-72.4044,18.38401],[-72.40985,18.37879],[-72.41877,18.37526],[-72.42711,18.37397],[-72.4305,18.37642],[-72.43501,18.37332],[-72.43631,18.37961],[-72.42775,18.39495],[-72.42214,18.39758],[-72.42352,18.40113],[-72.44248,18.39911],[-72.44518,18.39658],[-72.45137,18.39706],[-72.44977,18.40139],[-72.45105,18.40397],[-72.44928,18.40622],[-72.45264,18.41035],[-72.45084,18.4128],[-72.45332,18.41626],[-72.45019,18.42116],[-72.45416,18.42878],[-72.45199,18.43125],[-72.45224,18.43327],[-72.45879,18.44447],[-72.45552,18.45055],[-72.45565,18.45673],[-72.46587,18.46432],[-72.46907,18.47628],[-72.48022,18.47502],[-72.48938,18.47214],[-72.49446,18.4736],[-72.52057,18.4717],[-72.52616,18.47352],[-72.53106,18.47172],[-72.53854,18.47468],[-72.54562,18.47165],[-72.55188,18.47289],[-72.55967,18.47818],[-72.56713,18.48564],[-72.56979,18.49333],[-72.56836,18.50122],[-72.56922,18.50927],[-72.56478,18.51441],[-72.56196,18.51441],[-72.56043,18.51581],[-72.55777,18.51458],[-72.55735,18.51698],[-72.56061,18.51955],[-72.56141,18.52221],[-72.55722,18.52765],[-72.5573,18.52971],[-72.55133,18.54036],[-72.54701,18.54554],[-72.54607,18.54998],[-72.54092,18.54431],[-72.52517,18.54731],[-72.51926,18.54674],[-72.51765,18.54543],[-72.51317,18.54898],[-72.51183,18.54792],[-72.50629,18.54791],[-72.50547,18.54582],[-72.50134,18.54581],[-72.50017,18.54476],[-72.49906,18.5463],[-72.49626,18.54691],[-72.48057,18.54501],[-72.47431,18.54701],[-72.47313,18.54864],[-72.45661,18.54683],[-72.45345,18.54501],[-72.44206,18.54295],[-72.43307,18.54345],[-72.43038,18.54181],[-72.41844,18.5558],[-72.41568,18.55332],[-72.40865,18.55354],[-72.40507,18.55116],[-72.40121,18.55104],[-72.39815,18.54823],[-72.39601,18.54758],[-72.39464,18.54879],[-72.39592,18.54699],[-72.39314,18.54378],[-72.39047,18.54316],[-72.38587,18.5373],[-72.38187,18.53618],[-72.38159,18.53446],[-72.37646,18.53382],[-72.37558,18.53242],[-72.36768,18.53496],[-72.36391,18.53301],[-72.36353,18.53625],[-72.36082,18.5339],[-72.36008,18.53667],[-72.35761,18.53742],[-72.35577,18.54099],[-72.35249,18.54131],[-72.34922,18.54418],[-72.35038,18.54979],[-72.34763,18.55316],[-72.34886,18.55427],[-72.34768,18.55562],[-72.3521,18.55693],[-72.35203,18.55834],[-72.3478,18.56109],[-72.3471,18.56355],[-72.34739,18.56502],[-72.35286,18.56632],[-72.35097,18.56982],[-72.34731,18.57066],[-72.34524,18.57497],[-72.34504,18.57308],[-72.34269,18.57185],[-72.33878,18.57563],[-72.34189,18.58058],[-72.33977,18.58351],[-72.3387,18.593],[-72.34177,18.59584],[-72.34591,18.59744],[-72.34672,18.60222],[-72.34556,18.60303],[-72.34477,18.60783],[-72.3461,18.60794],[-72.34879,18.61414],[-72.3521,18.61622],[-72.35207,18.61772],[-72.35024,18.61864],[-72.35086,18.62306],[-72.35902,18.62812],[-72.35854,18.63038],[-72.35514,18.62654],[-72.33815,18.62214],[-72.33586,18.62113],[-72.33635,18.61855],[-72.33516,18.61761],[-72.32675,18.61602],[-72.32646,18.61369],[-72.32833,18.61346],[-72.32745,18.61183],[-72.32482,18.61373],[-72.32465,18.61246],[-72.32203,18.61208],[-72.32077,18.61008],[-72.31526,18.61018],[-72.31411,18.60822],[-72.31559,18.60819],[-72.31612,18.60662],[-72.31294,18.60435],[-72.30681,18.60683],[-72.30298,18.6048],[-72.30118,18.60593],[-72.30149,18.60874],[-72.29984,18.60952],[-72.2959,18.60738],[-72.29504,18.60348],[-72.28892,18.60131],[-72.28926,18.59774],[-72.28159,18.5992],[-72.27832,18.59818],[-72.2737,18.59991],[-72.2685,18.59624],[-72.26585,18.59699],[-72.25647,18.59357],[-72.25358,18.58736],[-72.24864,18.58695],[-72.24844,18.58068],[-72.24339,18.57793],[-72.24286,18.57337],[-72.23836,18.56826],[-72.23307,18.55519],[-72.22925,18.55052],[-72.22772,18.54344],[-72.22424,18.54078],[-72.2104,18.52172],[-72.20955,18.51539],[-72.20739,18.51042],[-72.19079,18.49261],[-72.18867,18.48921],[-72.18763,18.48326],[-72.18376,18.48341],[-72.18508,18.48171],[-72.1827,18.47994],[-72.17958,18.48528],[-72.17805,18.48499],[-72.17562,18.48335],[-72.17736,18.48243],[-72.17761,18.48044],[-72.17527,18.48008],[-72.17464,18.48253],[-72.17351,18.48231],[-72.1687,18.47684],[-72.17144,18.47541],[-72.17112,18.47461],[-72.16607,18.47364],[-72.1661,18.47197],[-72.16879,18.47101],[-72.16823,18.4687],[-72.16423,18.46976],[-72.15936,18.4688],[-72.16074,18.46497],[-72.15893,18.45998],[-72.15958,18.45225],[-72.16119,18.45057],[-72.17036,18.44819],[-72.172,18.44629],[-72.17547,18.44625],[-72.17628,18.44288],[-72.17376,18.43897],[-72.17469,18.43761],[-72.17894,18.43659],[-72.17951,18.43474],[-72.1797,18.4308],[-72.17862,18.4301],[-72.17742,18.43021],[-72.17384,18.4352],[-72.17092,18.43206],[-72.16677,18.43373],[-72.16507,18.43218],[-72.16493,18.42976],[-72.1727,18.42951],[-72.17246,18.42406],[-72.17704,18.42119],[-72.17686,18.41911],[-72.17827,18.41765],[-72.18221,18.41951],[-72.19227,18.41955],[-72.19489,18.42091],[-72.196,18.41854],[-72.19819,18.41874]]]}},{"type":"Feature","properties":{"arrondissement":"Aquin","adm1_name":"Sud","complete":false,"communeCount":4},"geometry":{"type":"Polygon","coordinates":[[[-73.43657,18.34312],[-73.42923,18.34451],[-73.41844,18.34154],[-73.41227,18.34202],[-73.40943,18.34297],[-73.40453,18.34755],[-73.40114,18.346],[-73.39026,18.34584],[-73.38586,18.3471],[-73.36299,18.34525],[-73.35522,18.34251],[-73.35065,18.34536],[-73.34837,18.34861],[-73.33643,18.3694],[-73.33525,18.36811],[-73.33306,18.36997],[-73.33184,18.36882],[-73.3306,18.37078],[-73.32754,18.36716],[-73.32482,18.36776],[-73.32223,18.36393],[-73.31871,18.36273],[-73.30632,18.36534],[-73.30508,18.36683],[-73.3014,18.36662],[-73.29944,18.36864],[-73.29631,18.36553],[-73.29403,18.3658],[-73.29508,18.36775],[-73.29156,18.36675],[-73.28687,18.36771],[-73.27706,18.36117],[-73.27001,18.35876],[-73.26683,18.35985],[-73.2627,18.35388],[-73.25918,18.35284],[-73.24723,18.35423],[-73.22817,18.3523],[-73.21767,18.36253],[-73.2158,18.36162],[-73.20618,18.36299],[-73.20459,18.36218],[-73.19513,18.36406],[-73.18682,18.36286],[-73.18312,18.35865],[-73.18102,18.35866],[-73.17941,18.35655],[-73.17322,18.35613],[-73.17046,18.3534],[-73.1645,18.35056],[-73.15658,18.3502],[-73.14163,18.36474],[-73.13385,18.36382],[-73.12519,18.35886],[-73.122,18.36203],[-73.12038,18.36143],[-73.11859,18.36297],[-73.11466,18.36052],[-73.11046,18.36185],[-73.10819,18.35842],[-73.10045,18.35305],[-73.09679,18.34498],[-73.08677,18.33893],[-73.08581,18.33642],[-73.08054,18.33471],[-73.08001,18.3294],[-73.07236,18.32727],[-73.07346,18.32986],[-73.07268,18.33114],[-73.07068,18.33102],[-73.06959,18.32715],[-73.07201,18.3228],[-73.06831,18.32292],[-73.06648,18.31769],[-73.06698,18.31564],[-73.0644,18.3146],[-73.0639,18.31165],[-73.06018,18.30725],[-73.05937,18.30303],[-73.05713,18.30332],[-73.05588,18.3006],[-73.0523,18.30286],[-73.04993,18.29966],[-73.04693,18.30246],[-73.04617,18.30071],[-73.04222,18.30035],[-73.0468,18.29675],[-73.04381,18.29437],[-73.05236,18.28699],[-73.05003,18.28499],[-73.04839,18.28007],[-73.04235,18.27717],[-73.04274,18.27532],[-73.0408,18.2717],[-73.04299,18.27067],[-73.03798,18.2702],[-73.03981,18.26619],[-73.03866,18.26268],[-73.04165,18.25968],[-73.03591,18.25943],[-73.03781,18.25652],[-73.033,18.25475],[-73.03299,18.25116],[-73.02992,18.25114],[-73.03028,18.24939],[-73.02887,18.2475],[-73.03134,18.24273],[-73.03069,18.24056],[-73.02832,18.23894],[-73.0231,18.23935],[-73.01934,18.23658],[-73.01669,18.23665],[-73.02058,18.23283],[-73.01827,18.23043],[-73.02282,18.22519],[-73.02008,18.2245],[-73.01478,18.22778],[-73.0141,18.2256],[-73.01674,18.22418],[-73.01585,18.22146],[-73.00938,18.22369],[-73.00992,18.21996],[-73.00741,18.21957],[-73.0072,18.21848],[-73.00857,18.21669],[-73.00796,18.2122],[-73.01047,18.21027],[-73.01047,18.2088],[-73.00116,18.2075],[-73.00232,18.20609],[-73.00897,18.20687],[-73.00912,18.20418],[-73.00388,18.19936],[-73.0102,18.19333],[-73.00354,18.18577],[-73.01182,18.18675],[-73.0231,18.18168],[-73.03924,18.18265],[-73.04128,18.18161],[-73.04473,18.18292],[-73.0556,18.18254],[-73.05855,18.18462],[-73.06411,18.18513],[-73.06676,18.18716],[-73.07048,18.18597],[-73.0741,18.187],[-73.07871,18.18521],[-73.08363,18.18567],[-73.10343,18.18954],[-73.10755,18.18906],[-73.11164,18.19145],[-73.1213,18.19227],[-73.12173,18.19325],[-73.13103,18.1946],[-73.13736,18.19732],[-73.14065,18.19696],[-73.15212,18.20357],[-73.16453,18.206],[-73.16675,18.20903],[-73.17192,18.21137],[-73.17618,18.21081],[-73.17816,18.20914],[-73.18575,18.21128],[-73.19518,18.2102],[-73.20357,18.21137],[-73.20712,18.21013],[-73.21143,18.2133],[-73.21881,18.21292],[-73.22299,18.21125],[-73.22434,18.21266],[-73.228,18.21161],[-73.23236,18.21306],[-73.23607,18.21187],[-73.23863,18.21279],[-73.24145,18.21652],[-73.25331,18.21487],[-73.25721,18.21664],[-73.26662,18.21522],[-73.27048,18.21747],[-73.26947,18.22288],[-73.27186,18.22836],[-73.27633,18.23156],[-73.28421,18.23264],[-73.29349,18.23264],[-73.30852,18.23029],[-73.32168,18.22361],[-73.32891,18.22326],[-73.33169,18.22081],[-73.33358,18.2208],[-73.33411,18.22211],[-73.33973,18.22043],[-73.34121,18.22162],[-73.34333,18.21933],[-73.34649,18.22114],[-73.34787,18.22015],[-73.34871,18.22412],[-73.35474,18.22431],[-73.3583,18.21681],[-73.36241,18.21601],[-73.36454,18.21854],[-73.36589,18.21743],[-73.37001,18.21752],[-73.37105,18.21979],[-73.37047,18.2233],[-73.3666,18.23252],[-73.36579,18.23829],[-73.3617,18.24181],[-73.35739,18.24185],[-73.35656,18.24821],[-73.35185,18.25024],[-73.35077,18.2531],[-73.35332,18.25174],[-73.35228,18.25452],[-73.35561,18.25672],[-73.36228,18.25797],[-73.36471,18.25959],[-73.3667,18.25877],[-73.36801,18.26256],[-73.37054,18.26254],[-73.36915,18.26382],[-73.36964,18.26552],[-73.37148,18.26442],[-73.37474,18.26833],[-73.37805,18.26784],[-73.38303,18.27311],[-73.38194,18.26859],[-73.38345,18.26828],[-73.38674,18.27143],[-73.39007,18.28043],[-73.39244,18.27902],[-73.38988,18.26492],[-73.39072,18.26105],[-73.39319,18.25952],[-73.3938,18.26337],[-73.39148,18.26596],[-73.39315,18.26823],[-73.39239,18.27013],[-73.39636,18.2688],[-73.39311,18.26719],[-73.39622,18.26605],[-73.39668,18.26699],[-73.39772,18.26385],[-73.39919,18.26508],[-73.399,18.26773],[-73.40003,18.26671],[-73.39963,18.26399],[-73.40269,18.26508],[-73.40215,18.26683],[-73.4047,18.26586],[-73.40497,18.26296],[-73.40273,18.26162],[-73.40317,18.26069],[-73.4058,18.25983],[-73.40712,18.26238],[-73.41,18.26118],[-73.40904,18.25615],[-73.40393,18.25658],[-73.40681,18.25306],[-73.40725,18.24922],[-73.40945,18.24977],[-73.40918,18.25263],[-73.41324,18.25287],[-73.4204,18.2558],[-73.42823,18.25572],[-73.43075,18.25394],[-73.43178,18.25597],[-73.4297,18.25816],[-73.43032,18.26231],[-73.4347,18.26527],[-73.43886,18.26303],[-73.44278,18.2654],[-73.44448,18.2633],[-73.44356,18.25878],[-73.4455,18.26296],[-73.44799,18.26444],[-73.44829,18.26652],[-73.45057,18.26688],[-73.45336,18.26625],[-73.45486,18.2624],[-73.45125,18.25649],[-73.4516,18.25517],[-73.45903,18.26174],[-73.46857,18.2587],[-73.47228,18.25914],[-73.47218,18.25812],[-73.47527,18.25734],[-73.47727,18.25513],[-73.47494,18.25],[-73.47837,18.25011],[-73.47875,18.25561],[-73.48157,18.25722],[-73.48512,18.2547],[-73.48826,18.25522],[-73.48957,18.25679],[-73.492,18.25611],[-73.49347,18.25183],[-73.49719,18.25059],[-73.50079,18.24655],[-73.50786,18.2451],[-73.50738,18.2438],[-73.50364,18.24345],[-73.50278,18.24179],[-73.49473,18.2404],[-73.49512,18.2389],[-73.49989,18.23679],[-73.50095,18.23442],[-73.50694,18.23257],[-73.51382,18.23519],[-73.51732,18.23377],[-73.51965,18.2362],[-73.52086,18.23431],[-73.53131,18.23292],[-73.53466,18.24048],[-73.53382,18.24283],[-73.53739,18.2481],[-73.53743,18.252],[-73.54221,18.25563],[-73.54257,18.25886],[-73.54585,18.2608],[-73.5523,18.2591],[-73.55537,18.26042],[-73.55748,18.25902],[-73.55768,18.25683],[-73.56323,18.25959],[-73.57177,18.25536],[-73.57532,18.24968],[-73.56904,18.23993],[-73.56577,18.23881],[-73.56392,18.23646],[-73.55886,18.2275],[-73.55968,18.22336],[-73.56308,18.22099],[-73.56511,18.22106],[-73.56543,18.21756],[-73.56722,18.21606],[-73.57263,18.21544],[-73.57883,18.21743],[-73.58033,18.22061],[-73.57935,18.2229],[-73.58096,18.22865],[-73.58751,18.23311],[-73.58478,18.23487],[-73.58585,18.2359],[-73.5891,18.23299],[-73.58499,18.22382],[-73.58656,18.22249],[-73.58673,18.22018],[-73.5904,18.21944],[-73.59544,18.21459],[-73.59889,18.21464],[-73.59954,18.21287],[-73.60168,18.21227],[-73.61055,18.21285],[-73.61165,18.21443],[-73.61962,18.21691],[-73.61984,18.21958],[-73.6151,18.22304],[-73.61598,18.22904],[-73.61385,18.22881],[-73.61374,18.22992],[-73.61639,18.23176],[-73.61493,18.2338],[-73.61348,18.23323],[-73.6136,18.23573],[-73.61109,18.2357],[-73.61266,18.23724],[-73.60818,18.23608],[-73.60928,18.23844],[-73.60724,18.2387],[-73.60933,18.24021],[-73.60847,18.24168],[-73.60586,18.24191],[-73.60484,18.24006],[-73.60332,18.24026],[-73.60339,18.24189],[-73.59992,18.24326],[-73.60285,18.24747],[-73.60017,18.24945],[-73.60957,18.25673],[-73.61307,18.25143],[-73.61419,18.2511],[-73.617,18.25365],[-73.62004,18.25301],[-73.61989,18.25057],[-73.62254,18.25117],[-73.62185,18.24888],[-73.62585,18.2488],[-73.62625,18.24787],[-73.63203,18.2507],[-73.63357,18.24668],[-73.63259,18.2452],[-73.63492,18.24327],[-73.63309,18.24182],[-73.63427,18.23735],[-73.63149,18.2355],[-73.63397,18.23386],[-73.634,18.22933],[-73.63244,18.22687],[-73.6332,18.2235],[-73.63871,18.22146],[-73.63996,18.21725],[-73.64383,18.21609],[-73.6454,18.21429],[-73.65148,18.21588],[-73.65746,18.21059],[-73.66144,18.20994],[-73.66406,18.21205],[-73.66413,18.21568],[-73.66341,18.21735],[-73.66059,18.21818],[-73.66191,18.22261],[-73.65934,18.22202],[-73.66092,18.22796],[-73.65708,18.22421],[-73.65844,18.22806],[-73.65288,18.22665],[-73.64994,18.22803],[-73.64946,18.23288],[-73.64784,18.23541],[-73.64803,18.23912],[-73.645,18.24003],[-73.64115,18.24542],[-73.64239,18.24821],[-73.64654,18.25369],[-73.64996,18.25248],[-73.65446,18.23913],[-73.65548,18.23815],[-73.65804,18.23861],[-73.65951,18.23731],[-73.65852,18.23641],[-73.657,18.23717],[-73.65832,18.2359],[-73.6625,18.23567],[-73.66749,18.23327],[-73.6684,18.22932],[-73.67356,18.22351],[-73.67743,18.22735],[-73.67484,18.23204],[-73.67449,18.23616],[-73.67922,18.23883],[-73.68495,18.23856],[-73.68565,18.24455],[-73.68926,18.25153],[-73.69262,18.25312],[-73.69255,18.25503],[-73.68887,18.25579],[-73.68392,18.254],[-73.68435,18.25728],[-73.68072,18.26034],[-73.68066,18.26413],[-73.68408,18.26638],[-73.68463,18.27099],[-73.68881,18.28195],[-73.68212,18.29028],[-73.68203,18.29393],[-73.68397,18.29704],[-73.68522,18.30314],[-73.68286,18.3084],[-73.68371,18.31206],[-73.68753,18.3119],[-73.68914,18.31383],[-73.68847,18.31947],[-73.69287,18.32177],[-73.69527,18.32493],[-73.69582,18.32986],[-73.69842,18.33207],[-73.69983,18.3376],[-73.69452,18.34865],[-73.68788,18.35001],[-73.68648,18.35225],[-73.68838,18.36016],[-73.68674,18.36541],[-73.6933,18.36688],[-73.69727,18.37278],[-73.69776,18.3787],[-73.69135,18.38964],[-73.69354,18.3949],[-73.69724,18.39919],[-73.69657,18.40416],[-73.69104,18.40906],[-73.67975,18.39888],[-73.67669,18.39799],[-73.67392,18.4001],[-73.67156,18.40291],[-73.67102,18.40575],[-73.67264,18.41576],[-73.67103,18.42546],[-73.67203,18.43074],[-73.66993,18.43019],[-73.66816,18.43334],[-73.6534,18.42584],[-73.64797,18.42983],[-73.64357,18.43021],[-73.63889,18.42496],[-73.63154,18.42201],[-73.6261,18.42567],[-73.60965,18.42713],[-73.60166,18.42044],[-73.59631,18.42061],[-73.59154,18.41885],[-73.58521,18.4209],[-73.57799,18.42053],[-73.5794,18.41657],[-73.5789,18.4072],[-73.57388,18.40119],[-73.56224,18.40142],[-73.55945,18.39943],[-73.55986,18.39243],[-73.55897,18.39124],[-73.55262,18.39049],[-73.54865,18.38751],[-73.54634,18.3893],[-73.54384,18.38625],[-73.53863,18.38462],[-73.54178,18.37365],[-73.543,18.37583],[-73.5462,18.37542],[-73.55493,18.36997],[-73.55501,18.36539],[-73.55726,18.35836],[-73.5563,18.34982],[-73.56121,18.34876],[-73.56435,18.34655],[-73.56436,18.34447],[-73.56148,18.34733],[-73.55459,18.33613],[-73.53962,18.33716],[-73.51542,18.33575],[-73.50448,18.3365],[-73.49322,18.3381],[-73.48945,18.34073],[-73.48216,18.34228],[-73.47898,18.34079],[-73.47183,18.34067],[-73.47041,18.33762],[-73.45879,18.33787],[-73.44165,18.34082],[-73.43657,18.34312]]]}},{"type":"Feature","properties":{"arrondissement":"Chardonnières","adm1_name":"Sud","complete":true,"communeCount":3},"geometry":{"type":"Polygon","coordinates":[[[-74.10085,18.40275],[-74.08186,18.40764],[-74.07546,18.40521],[-74.06423,18.40481],[-74.06098,18.40341],[-74.04707,18.38947],[-74.04128,18.3876],[-74.03554,18.38748],[-74.04072,18.37911],[-74.04107,18.37519],[-74.03786,18.37],[-74.03188,18.36594],[-74.032,18.36468],[-74.04148,18.36372],[-74.04853,18.36064],[-74.0486,18.35587],[-74.04348,18.3487],[-74.04649,18.33867],[-74.04135,18.33058],[-74.05153,18.32867],[-74.05609,18.32398],[-74.06222,18.32255],[-74.06832,18.3267],[-74.07708,18.32341],[-74.07936,18.3255],[-74.08445,18.32696],[-74.08718,18.32449],[-74.09114,18.31643],[-74.09944,18.30782],[-74.1056,18.30348],[-74.1053,18.3009],[-74.10067,18.29632],[-74.10215,18.29021],[-74.10118,18.28639],[-74.09653,18.28143],[-74.09442,18.27442],[-74.09498,18.2665],[-74.09397,18.26509],[-74.10247,18.26091],[-74.10623,18.25133],[-74.1096,18.25266],[-74.11539,18.25828],[-74.12416,18.25844],[-74.1296,18.26384],[-74.13904,18.26413],[-74.14292,18.26745],[-74.15197,18.26908],[-74.15512,18.26853],[-74.15919,18.26987],[-74.16159,18.2727],[-74.16675,18.27303],[-74.16676,18.27849],[-74.16794,18.28025],[-74.17272,18.28179],[-74.17453,18.28543],[-74.181,18.28902],[-74.1815,18.29105],[-74.1868,18.2942],[-74.18887,18.29687],[-74.19169,18.29784],[-74.20909,18.29724],[-74.21836,18.30086],[-74.22141,18.30599],[-74.22599,18.31006],[-74.22981,18.3111],[-74.24332,18.31176],[-74.25159,18.31021],[-74.25315,18.31151],[-74.25755,18.31155],[-74.30069,18.28774],[-74.3062,18.2873],[-74.31161,18.28499],[-74.33022,18.28772],[-74.34371,18.29279],[-74.34601,18.29227],[-74.35191,18.29462],[-74.35638,18.2944],[-74.35836,18.29616],[-74.36966,18.29644],[-74.37658,18.30551],[-74.38398,18.31134],[-74.3838,18.31433],[-74.38868,18.316],[-74.39651,18.31569],[-74.40188,18.31918],[-74.39975,18.32068],[-74.39731,18.32551],[-74.40208,18.33421],[-74.41244,18.33822],[-74.43072,18.34081],[-74.43886,18.34442],[-74.43963,18.3467],[-74.44493,18.34726],[-74.44766,18.34997],[-74.44804,18.35358],[-74.45053,18.35669],[-74.44904,18.35851],[-74.4411,18.35702],[-74.43978,18.35901],[-74.43573,18.36094],[-74.43675,18.36627],[-74.43241,18.3634],[-74.43235,18.35891],[-74.43037,18.35977],[-74.42309,18.35716],[-74.41625,18.36008],[-74.41023,18.36068],[-74.39971,18.35757],[-74.38966,18.36043],[-74.38787,18.36286],[-74.38631,18.36129],[-74.38253,18.36065],[-74.37465,18.36119],[-74.37032,18.36024],[-74.3655,18.36268],[-74.36391,18.3614],[-74.35979,18.3616],[-74.35577,18.36019],[-74.34313,18.3643],[-74.34006,18.36195],[-74.33499,18.36283],[-74.32918,18.36097],[-74.32453,18.36447],[-74.31764,18.36423],[-74.30861,18.36703],[-74.30218,18.37216],[-74.29609,18.37901],[-74.29474,18.38549],[-74.29615,18.39181],[-74.29392,18.39474],[-74.28666,18.39006],[-74.28287,18.38574],[-74.27976,18.38474],[-74.27701,18.38136],[-74.26507,18.38137],[-74.26034,18.37649],[-74.25025,18.3748],[-74.2355,18.37693],[-74.23047,18.38004],[-74.22289,18.38005],[-74.22081,18.38348],[-74.22323,18.38828],[-74.21746,18.39202],[-74.21708,18.40211],[-74.21499,18.40396],[-74.21084,18.40229],[-74.20645,18.39812],[-74.19639,18.39779],[-74.18109,18.39202],[-74.17575,18.39388],[-74.17164,18.39303],[-74.15542,18.39567],[-74.13177,18.40105],[-74.12408,18.39636],[-74.11823,18.39684],[-74.10655,18.4035],[-74.10085,18.40275]]]}},{"type":"Feature","properties":{"arrondissement":"Les Cayes","adm1_name":"Sud","complete":false,"communeCount":7},"geometry":{"type":"MultiPolygon","coordinates":[[[[-73.70266,18.10979],[-73.69964,18.10916],[-73.69742,18.10261],[-73.69156,18.10307],[-73.69254,18.10481],[-73.694,18.10432],[-73.6919,18.1075],[-73.6854,18.10561],[-73.68491,18.10413],[-73.68735,18.10313],[-73.68287,18.09972],[-73.68382,18.09831],[-73.68086,18.09948],[-73.681,18.10108],[-73.68255,18.1009],[-73.68037,18.10365],[-73.67928,18.10024],[-73.67686,18.09908],[-73.67649,18.09627],[-73.67352,18.09684],[-73.6716,18.09959],[-73.66164,18.08898],[-73.65883,18.0889],[-73.65138,18.08492],[-73.63996,18.08296],[-73.63329,18.08411],[-73.62242,18.08939],[-73.61315,18.09559],[-73.61067,18.09899],[-73.60915,18.09793],[-73.60573,18.10029],[-73.60003,18.09958],[-73.58762,18.08949],[-73.58264,18.08728],[-73.57709,18.07637],[-73.57242,18.07294],[-73.57144,18.06804],[-73.57613,18.06108],[-73.58554,18.05624],[-73.59264,18.05801],[-73.60317,18.05613],[-73.61616,18.05708],[-73.6226,18.05899],[-73.63023,18.05842],[-73.64086,18.06],[-73.64391,18.05918],[-73.65081,18.0609],[-73.6584,18.05801],[-73.67019,18.06071],[-73.67471,18.0597],[-73.6764,18.06108],[-73.67621,18.06585],[-73.6829,18.07153],[-73.68439,18.07529],[-73.68759,18.07765],[-73.68623,18.08082],[-73.6873,18.0831],[-73.69426,18.08729],[-73.70002,18.08875],[-73.70545,18.09273],[-73.70188,18.0952],[-73.70361,18.09841],[-73.70781,18.1007],[-73.70821,18.10535],[-73.70588,18.10968],[-73.70266,18.10979]]],[[[-73.80184,18.16038],[-73.80368,18.15849],[-73.80831,18.15863],[-73.81589,18.15171],[-73.82008,18.15134],[-73.82869,18.14282],[-73.84335,18.12268],[-73.84226,18.1156],[-73.84471,18.11816],[-73.8563,18.1231],[-73.85758,18.12586],[-73.85708,18.13036],[-73.86379,18.13695],[-73.86216,18.13891],[-73.86292,18.1403],[-73.86835,18.14102],[-73.86734,18.14848],[-73.87293,18.15255],[-73.87456,18.15531],[-73.87674,18.15601],[-73.8802,18.16026],[-73.8811,18.16401],[-73.88366,18.16635],[-73.89447,18.16825],[-73.90147,18.17524],[-73.92021,18.18799],[-73.92819,18.19254],[-73.94055,18.1954],[-73.96253,18.21152],[-73.96421,18.2141],[-73.96512,18.22126],[-73.96759,18.22232],[-73.96742,18.22445],[-73.96232,18.22494],[-73.96082,18.22677],[-73.97411,18.23958],[-73.98369,18.24625],[-73.98432,18.25168],[-73.98875,18.25616],[-73.98924,18.26051],[-73.99165,18.26317],[-73.99327,18.26876],[-73.99378,18.2785],[-74.00238,18.28504],[-74.00716,18.29533],[-74.01624,18.3037],[-74.01579,18.3066],[-74.01736,18.30869],[-74.02774,18.31887],[-74.0355,18.32444],[-74.04135,18.33058],[-74.04649,18.33867],[-74.04348,18.3487],[-74.0486,18.35587],[-74.04853,18.36064],[-74.04148,18.36372],[-74.032,18.36468],[-74.03188,18.36594],[-74.03786,18.37],[-74.04107,18.37519],[-74.04072,18.37911],[-74.03554,18.38748],[-74.03189,18.38409],[-74.02287,18.38234],[-74.01558,18.38194],[-74.00276,18.38373],[-73.99407,18.38016],[-73.98379,18.37376],[-73.97853,18.37331],[-73.97771,18.37131],[-73.97607,18.37289],[-73.97357,18.37054],[-73.97005,18.37085],[-73.96431,18.3688],[-73.96077,18.36993],[-73.94278,18.37051],[-73.93666,18.36883],[-73.93093,18.36553],[-73.92609,18.36651],[-73.92291,18.36411],[-73.91883,18.36482],[-73.9156,18.36319],[-73.91037,18.36357],[-73.90658,18.3622],[-73.90222,18.36335],[-73.89664,18.36289],[-73.8947,18.36374],[-73.89497,18.36768],[-73.89294,18.37537],[-73.89789,18.37706],[-73.9062,18.38924],[-73.90569,18.39902],[-73.89661,18.40276],[-73.88886,18.40394],[-73.88611,18.40601],[-73.87864,18.40739],[-73.87513,18.40557],[-73.8684,18.40717],[-73.86273,18.40626],[-73.84575,18.40782],[-73.84288,18.40677],[-73.83542,18.41034],[-73.8213,18.4129],[-73.79439,18.42037],[-73.78562,18.42407],[-73.78002,18.42395],[-73.77761,18.42092],[-73.771,18.41768],[-73.75916,18.4235],[-73.74349,18.42059],[-73.73779,18.41599],[-73.72146,18.41473],[-73.70695,18.42111],[-73.70234,18.42007],[-73.69785,18.41422],[-73.69104,18.40906],[-73.69657,18.40416],[-73.69724,18.39919],[-73.69354,18.3949],[-73.69135,18.38964],[-73.69776,18.3787],[-73.69727,18.37278],[-73.6933,18.36688],[-73.68674,18.36541],[-73.68838,18.36016],[-73.68648,18.35225],[-73.68788,18.35001],[-73.69452,18.34865],[-73.69983,18.3376],[-73.69842,18.33207],[-73.69582,18.32986],[-73.69527,18.32493],[-73.69287,18.32177],[-73.68847,18.31947],[-73.68914,18.31383],[-73.68753,18.3119],[-73.68371,18.31206],[-73.68286,18.3084],[-73.68522,18.30314],[-73.68397,18.29704],[-73.68203,18.29393],[-73.68212,18.29028],[-73.68881,18.28195],[-73.68463,18.27099],[-73.68408,18.26638],[-73.68066,18.26413],[-73.68072,18.26034],[-73.68435,18.25728],[-73.68392,18.254],[-73.68887,18.25579],[-73.69255,18.25503],[-73.69262,18.25312],[-73.68926,18.25153],[-73.68565,18.24455],[-73.68495,18.23856],[-73.69102,18.23873],[-73.69753,18.23554],[-73.69649,18.23256],[-73.69931,18.2308],[-73.70053,18.22817],[-73.70003,18.22308],[-73.70276,18.2207],[-73.70259,18.21876],[-73.69963,18.21555],[-73.70169,18.21259],[-73.70647,18.21281],[-73.70861,18.21097],[-73.71261,18.21013],[-73.71644,18.21119],[-73.71827,18.2104],[-73.72114,18.20865],[-73.72081,18.20511],[-73.72284,18.20236],[-73.72436,18.20361],[-73.72719,18.20343],[-73.73109,18.20177],[-73.73001,18.19906],[-73.73445,18.19811],[-73.73809,18.19278],[-73.74013,18.19338],[-73.74415,18.19109],[-73.74794,18.19079],[-73.74981,18.18938],[-73.75056,18.18668],[-73.75862,18.18121],[-73.76867,18.18059],[-73.79264,18.16771],[-73.80184,18.16038]]]]}},{"type":"Feature","properties":{"arrondissement":"Les Côteaux","adm1_name":"Sud","complete":true,"communeCount":3},"geometry":{"type":"Polygon","coordinates":[[[-73.98924,18.26051],[-73.98875,18.25616],[-73.98432,18.25168],[-73.98369,18.24625],[-73.97411,18.23958],[-73.96082,18.22677],[-73.96232,18.22494],[-73.96742,18.22445],[-73.96759,18.22232],[-73.96512,18.22126],[-73.96421,18.2141],[-73.96253,18.21152],[-73.94055,18.1954],[-73.94586,18.18868],[-73.94631,18.18158],[-73.94857,18.17558],[-73.94882,18.16937],[-73.94659,18.16217],[-73.9488,18.15204],[-73.94864,18.13954],[-73.94722,18.13749],[-73.94695,18.13309],[-73.95,18.13179],[-73.95323,18.13342],[-73.96094,18.13342],[-73.96451,18.13576],[-73.97077,18.14422],[-73.97482,18.14622],[-73.98089,18.15588],[-73.97901,18.158],[-73.98017,18.16019],[-73.97963,18.16367],[-73.98407,18.16499],[-74.00083,18.16583],[-74.0052,18.18119],[-74.01844,18.18725],[-74.01977,18.19192],[-74.0233,18.19492],[-74.03332,18.19649],[-74.0347,18.19981],[-74.03942,18.20139],[-74.04304,18.20682],[-74.05221,18.21023],[-74.05396,18.21232],[-74.05349,18.21826],[-74.06019,18.22103],[-74.06232,18.22438],[-74.06225,18.22682],[-74.06401,18.22837],[-74.08401,18.23493],[-74.08662,18.23911],[-74.08824,18.23963],[-74.08919,18.24587],[-74.09211,18.24803],[-74.10243,18.24945],[-74.10623,18.25133],[-74.10247,18.26091],[-74.09397,18.26509],[-74.09498,18.2665],[-74.09442,18.27442],[-74.09653,18.28143],[-74.10118,18.28639],[-74.10215,18.29021],[-74.10067,18.29632],[-74.1053,18.3009],[-74.1056,18.30348],[-74.09944,18.30782],[-74.09114,18.31643],[-74.08718,18.32449],[-74.08445,18.32696],[-74.07936,18.3255],[-74.07708,18.32341],[-74.06832,18.3267],[-74.06222,18.32255],[-74.05609,18.32398],[-74.05153,18.32867],[-74.04135,18.33058],[-74.01736,18.30869],[-74.01579,18.3066],[-74.01624,18.3037],[-74.00716,18.29533],[-74.00238,18.28504],[-73.99378,18.2785],[-73.99327,18.26876],[-73.99165,18.26317],[-73.98924,18.26051]]]}},{"type":"Feature","properties":{"arrondissement":"Port-Salut","adm1_name":"Sud","complete":true,"communeCount":3},"geometry":{"type":"Polygon","coordinates":[[[-73.85272,18.1216],[-73.84471,18.11816],[-73.84226,18.1156],[-73.84396,18.1089],[-73.84117,18.10597],[-73.84022,18.10218],[-73.8367,18.10076],[-73.83572,18.09787],[-73.83383,18.09714],[-73.83072,18.0928],[-73.82052,18.08759],[-73.81371,18.08118],[-73.81359,18.07902],[-73.8086,18.07513],[-73.80937,18.07102],[-73.80689,18.06719],[-73.80296,18.06508],[-73.80149,18.06573],[-73.80082,18.06211],[-73.79237,18.05552],[-73.7909,18.05621],[-73.78682,18.05449],[-73.78991,18.05633],[-73.79105,18.05882],[-73.78594,18.05421],[-73.78569,18.05234],[-73.78708,18.05267],[-73.78658,18.0537],[-73.78834,18.05183],[-73.78483,18.05068],[-73.78344,18.04789],[-73.78431,18.04552],[-73.78288,18.04333],[-73.78942,18.04028],[-73.79089,18.03842],[-73.79029,18.03447],[-73.78756,18.03216],[-73.79114,18.02658],[-73.79708,18.02776],[-73.79829,18.02398],[-73.8006,18.02382],[-73.79996,18.02546],[-73.80202,18.02652],[-73.80483,18.0226],[-73.80963,18.02227],[-73.8167,18.02239],[-73.82593,18.02503],[-73.82728,18.02687],[-73.83032,18.02503],[-73.84735,18.02506],[-73.84999,18.0262],[-73.86528,18.02494],[-73.86688,18.02325],[-73.87252,18.02214],[-73.88051,18.02298],[-73.88409,18.02476],[-73.88581,18.02403],[-73.89081,18.02572],[-73.89608,18.03009],[-73.9029,18.03113],[-73.90468,18.03466],[-73.90246,18.03833],[-73.90361,18.04533],[-73.90533,18.0457],[-73.90745,18.05111],[-73.91241,18.05591],[-73.91307,18.06112],[-73.91713,18.06436],[-73.91945,18.07294],[-73.92079,18.07394],[-73.91761,18.07838],[-73.92001,18.0818],[-73.92332,18.08246],[-73.92212,18.08485],[-73.92579,18.08766],[-73.92674,18.09103],[-73.9397,18.09932],[-73.93895,18.10264],[-73.9426,18.1072],[-73.94443,18.11219],[-73.94224,18.11468],[-73.94283,18.11872],[-73.95,18.13179],[-73.94695,18.13309],[-73.94722,18.13749],[-73.94864,18.13954],[-73.9488,18.15204],[-73.94659,18.16217],[-73.94882,18.16937],[-73.94586,18.18868],[-73.94055,18.1954],[-73.92819,18.19254],[-73.90147,18.17524],[-73.89447,18.16825],[-73.88366,18.16635],[-73.8811,18.16401],[-73.8802,18.16026],[-73.87674,18.15601],[-73.87456,18.15531],[-73.87293,18.15255],[-73.86734,18.14848],[-73.86835,18.14102],[-73.86292,18.1403],[-73.86216,18.13891],[-73.86379,18.13695],[-73.85708,18.13036],[-73.85758,18.12586],[-73.8563,18.1231],[-73.85272,18.1216]]]}},{"type":"Feature","properties":{"arrondissement":"Bainet","adm1_name":"Sud-Est","complete":true,"communeCount":2},"geometry":{"type":"Polygon","coordinates":[[[-72.88203,18.27557],[-72.87742,18.27104],[-72.8694,18.26717],[-72.86798,18.26465],[-72.86076,18.25983],[-72.85339,18.2583],[-72.85056,18.26103],[-72.85065,18.26344],[-72.85607,18.2736],[-72.85627,18.2812],[-72.84146,18.28313],[-72.83144,18.28226],[-72.82753,18.28935],[-72.82238,18.28713],[-72.80864,18.28678],[-72.79474,18.27548],[-72.77846,18.27155],[-72.76726,18.26673],[-72.76188,18.26849],[-72.76054,18.26468],[-72.76258,18.26298],[-72.75969,18.25964],[-72.75172,18.26419],[-72.74848,18.26394],[-72.74178,18.26061],[-72.74165,18.26226],[-72.7359,18.26575],[-72.73012,18.27825],[-72.72538,18.27699],[-72.72262,18.27263],[-72.72163,18.26823],[-72.71804,18.26807],[-72.71586,18.26536],[-72.71512,18.26841],[-72.709,18.26969],[-72.70443,18.26894],[-72.70402,18.26309],[-72.69378,18.26234],[-72.69,18.25896],[-72.68495,18.25715],[-72.68236,18.25169],[-72.6824,18.24904],[-72.68344,18.24898],[-72.68098,18.24762],[-72.68128,18.24423],[-72.66386,18.24032],[-72.65769,18.2377],[-72.65605,18.23554],[-72.65318,18.23616],[-72.65087,18.23077],[-72.64756,18.23118],[-72.64477,18.22594],[-72.64261,18.22689],[-72.64268,18.22553],[-72.6409,18.22545],[-72.64224,18.22482],[-72.64041,18.22338],[-72.64147,18.22194],[-72.64042,18.21935],[-72.64158,18.21591],[-72.63968,18.21425],[-72.63984,18.20969],[-72.63864,18.20755],[-72.63987,18.20682],[-72.63781,18.20157],[-72.63896,18.19667],[-72.63673,18.19372],[-72.63627,18.19047],[-72.64045,18.19131],[-72.64793,18.18671],[-72.65503,18.18749],[-72.65551,18.18532],[-72.66155,18.18391],[-72.67338,18.18705],[-72.67817,18.18569],[-72.67881,18.18401],[-72.68333,18.1841],[-72.6833,18.18266],[-72.69567,18.1793],[-72.6982,18.1821],[-72.70225,18.18198],[-72.70784,18.17696],[-72.71231,18.17643],[-72.71305,18.17497],[-72.71975,18.175],[-72.73272,18.17963],[-72.73619,18.1798],[-72.7384,18.17811],[-72.74192,18.17899],[-72.74164,18.181],[-72.74267,18.18156],[-72.75025,18.18391],[-72.75735,18.17852],[-72.76047,18.17424],[-72.76091,18.1706],[-72.7577,18.16895],[-72.75287,18.16239],[-72.74843,18.16043],[-72.74726,18.15769],[-72.74757,18.15547],[-72.74916,18.15441],[-72.75743,18.15453],[-72.7729,18.15843],[-72.77688,18.16059],[-72.77961,18.16027],[-72.78304,18.1589],[-72.78254,18.15037],[-72.78692,18.14735],[-72.7929,18.14496],[-72.80589,18.14667],[-72.81577,18.14189],[-72.82039,18.14298],[-72.8218,18.14199],[-72.82332,18.14447],[-72.83607,18.14961],[-72.84587,18.15101],[-72.84827,18.15083],[-72.84946,18.1463],[-72.85405,18.14379],[-72.85938,18.14389],[-72.86208,18.14593],[-72.86443,18.14482],[-72.87592,18.1502],[-72.87717,18.14845],[-72.88553,18.14894],[-72.88619,18.15119],[-72.89434,18.15113],[-72.90203,18.15492],[-72.90253,18.15755],[-72.90671,18.15636],[-72.90795,18.15941],[-72.90909,18.15783],[-72.92122,18.16171],[-72.92965,18.16507],[-72.93156,18.1677],[-72.93289,18.16482],[-72.93563,18.16652],[-72.93702,18.16562],[-72.94595,18.1659],[-72.94717,18.16781],[-72.95256,18.16678],[-72.96254,18.16748],[-72.9626,18.16862],[-72.96596,18.17048],[-72.9956,18.17686],[-73.0009,18.18023],[-73.00219,18.18498],[-73.0083,18.19012],[-73.0102,18.19333],[-73.00388,18.19936],[-73.00912,18.20418],[-73.00897,18.20687],[-73.00232,18.20609],[-73.00116,18.2075],[-73.01047,18.2088],[-73.01047,18.21027],[-73.00796,18.2122],[-73.00857,18.21669],[-73.0072,18.21848],[-73.00741,18.21957],[-73.00992,18.21996],[-73.00938,18.22369],[-73.01125,18.22274],[-73.01311,18.22683],[-73.00998,18.23106],[-73.00883,18.24056],[-73.01086,18.24268],[-73.01202,18.24782],[-73.00903,18.25237],[-73.01345,18.25558],[-73.01562,18.2611],[-73.0131,18.26675],[-73.01385,18.27214],[-73.01289,18.27926],[-73.01017,18.28798],[-72.99806,18.29873],[-72.99492,18.30592],[-72.99532,18.31971],[-72.99668,18.32401],[-72.99566,18.32612],[-72.99369,18.32703],[-72.98682,18.32085],[-72.98678,18.31082],[-72.98448,18.30877],[-72.98412,18.30461],[-72.98181,18.30099],[-72.97742,18.29863],[-72.97827,18.29774],[-72.97752,18.29253],[-72.97517,18.28777],[-72.97252,18.28418],[-72.96709,18.28105],[-72.96465,18.27737],[-72.96057,18.277],[-72.95824,18.27839],[-72.95291,18.29347],[-72.94287,18.29436],[-72.94064,18.29049],[-72.93482,18.29285],[-72.93269,18.28766],[-72.92948,18.28668],[-72.92312,18.28987],[-72.91974,18.28864],[-72.91355,18.29081],[-72.8996,18.29155],[-72.8897,18.29512],[-72.89033,18.2924],[-72.89621,18.28775],[-72.89109,18.28251],[-72.88311,18.28139],[-72.88387,18.27651],[-72.88203,18.27557]]]}},{"type":"Feature","properties":{"arrondissement":"Belle-Anse","adm1_name":"Sud-Est","complete":true,"communeCount":4},"geometry":{"type":"Polygon","coordinates":[[[-71.77166,18.28661],[-71.76503,18.28894],[-71.7568,18.28985],[-71.75045,18.2925],[-71.7468,18.2927],[-71.73949,18.29045],[-71.72496,18.29228],[-71.75741,18.23987],[-71.75885,18.23552],[-71.7574,18.23231],[-71.75767,18.22692],[-71.76169,18.22595],[-71.76336,18.22153],[-71.76733,18.22142],[-71.76909,18.21985],[-71.76985,18.21227],[-71.77441,18.20407],[-71.77227,18.19791],[-71.77838,18.19323],[-71.78143,18.19313],[-71.78653,18.18636],[-71.7875,18.18061],[-71.7861,18.17399],[-71.78316,18.17208],[-71.78329,18.16882],[-71.78212,18.16933],[-71.77773,18.16602],[-71.77557,18.16619],[-71.77446,18.1677],[-71.76632,18.16798],[-71.76603,18.16576],[-71.7689,18.16472],[-71.76883,18.1617],[-71.76777,18.15978],[-71.76484,18.1593],[-71.76552,18.15716],[-71.76252,18.15579],[-71.76134,18.15213],[-71.75871,18.153],[-71.75749,18.14887],[-71.75914,18.14645],[-71.75791,18.14508],[-71.75731,18.14737],[-71.7541,18.1463],[-71.75467,18.14195],[-71.75212,18.14322],[-71.74986,18.14867],[-71.74895,18.1493],[-71.74731,18.14773],[-71.74665,18.14084],[-71.74885,18.14198],[-71.74934,18.13988],[-71.75198,18.13878],[-71.74569,18.13729],[-71.7465,18.13474],[-71.74384,18.1317],[-71.74796,18.12977],[-71.74539,18.12675],[-71.74573,18.12532],[-71.74842,18.12579],[-71.74596,18.12236],[-71.74757,18.12074],[-71.74776,18.11424],[-71.74954,18.11387],[-71.75031,18.11139],[-71.7468,18.1046],[-71.7467,18.10039],[-71.74508,18.09875],[-71.73922,18.10046],[-71.73859,18.09776],[-71.73629,18.09589],[-71.73617,18.09422],[-71.74056,18.09068],[-71.74058,18.08937],[-71.73767,18.08893],[-71.73742,18.0832],[-71.73573,18.08118],[-71.7357,18.07885],[-71.73931,18.07732],[-71.7382,18.0694],[-71.74095,18.06582],[-71.74427,18.06496],[-71.74514,18.0523],[-71.7496,18.04693],[-71.75617,18.04211],[-71.75795,18.03766],[-71.75734,18.03484],[-71.75942,18.0317],[-71.76394,18.0389],[-71.76768,18.04221],[-71.7845,18.05107],[-71.79326,18.05976],[-71.79775,18.06165],[-71.80637,18.0703],[-71.81314,18.07414],[-71.81566,18.07845],[-71.81781,18.07947],[-71.81533,18.08257],[-71.81461,18.08606],[-71.81813,18.09304],[-71.81793,18.09646],[-71.82265,18.10156],[-71.82596,18.10257],[-71.82868,18.1072],[-71.84237,18.1186],[-71.8497,18.12146],[-71.86062,18.13506],[-71.8608,18.13763],[-71.86307,18.14054],[-71.86702,18.14208],[-71.87047,18.14656],[-71.87323,18.14809],[-71.8799,18.1493],[-71.88449,18.15617],[-71.89325,18.15789],[-71.89812,18.16572],[-71.90192,18.16825],[-71.91168,18.17027],[-71.91116,18.17298],[-71.91535,18.18063],[-71.91798,18.18363],[-71.92714,18.18955],[-71.93272,18.18979],[-71.94058,18.19313],[-71.97446,18.19821],[-71.98693,18.20263],[-71.99007,18.20526],[-71.99013,18.2071],[-71.99343,18.21103],[-72.00024,18.21401],[-72.00285,18.21358],[-72.0046,18.20947],[-72.00978,18.20554],[-72.01602,18.20944],[-72.01797,18.20937],[-72.0341,18.2172],[-72.03364,18.21933],[-72.03801,18.22454],[-72.04002,18.23164],[-72.04851,18.23418],[-72.05176,18.23732],[-72.06417,18.23693],[-72.0665,18.23483],[-72.06819,18.23634],[-72.0754,18.23654],[-72.07846,18.23851],[-72.08378,18.23893],[-72.08851,18.23416],[-72.09404,18.23634],[-72.09869,18.23598],[-72.11638,18.23233],[-72.11757,18.23104],[-72.1248,18.23031],[-72.12577,18.22908],[-72.12759,18.229],[-72.13312,18.23246],[-72.14599,18.23013],[-72.15175,18.23162],[-72.15948,18.23173],[-72.17084,18.22777],[-72.18453,18.22645],[-72.18713,18.22434],[-72.19251,18.22433],[-72.19809,18.22168],[-72.21343,18.22254],[-72.21698,18.22102],[-72.22407,18.22224],[-72.22225,18.22893],[-72.22255,18.24311],[-72.22154,18.24386],[-72.22215,18.24719],[-72.221,18.25137],[-72.22795,18.26115],[-72.23061,18.26817],[-72.22694,18.27963],[-72.22934,18.28339],[-72.23036,18.29316],[-72.23231,18.29656],[-72.23243,18.29914],[-72.23029,18.30079],[-72.22933,18.30438],[-72.23241,18.31235],[-72.23844,18.31951],[-72.23789,18.32314],[-72.24049,18.32751],[-72.23884,18.32982],[-72.23921,18.33167],[-72.23622,18.33421],[-72.23573,18.33651],[-72.23899,18.33824],[-72.23963,18.34053],[-72.24232,18.34116],[-72.24487,18.34524],[-72.25342,18.35218],[-72.25423,18.35737],[-72.24491,18.35383],[-72.22823,18.35199],[-72.21815,18.34853],[-72.21128,18.35114],[-72.18991,18.35333],[-72.17927,18.34647],[-72.17595,18.34602],[-72.17156,18.34761],[-72.15982,18.34869],[-72.14718,18.34568],[-72.1373,18.33936],[-72.12764,18.33645],[-72.1158,18.33698],[-72.10608,18.33552],[-72.09027,18.33765],[-72.08403,18.33477],[-72.07552,18.32453],[-72.06742,18.32033],[-72.06476,18.31999],[-72.06076,18.3239],[-72.05582,18.32647],[-72.04826,18.32515],[-72.04577,18.32052],[-72.04181,18.32065],[-72.03966,18.32308],[-72.03926,18.3276],[-72.0327,18.31966],[-72.01639,18.31852],[-72.01257,18.31703],[-72.00396,18.31795],[-72.00226,18.31165],[-71.98584,18.31491],[-71.97427,18.31294],[-71.96612,18.31623],[-71.95267,18.31739],[-71.93359,18.30702],[-71.92697,18.31146],[-71.90401,18.31796],[-71.90111,18.31871],[-71.89384,18.3173],[-71.88363,18.32168],[-71.87164,18.32424],[-71.86198,18.31922],[-71.86388,18.31507],[-71.86341,18.31152],[-71.86699,18.30562],[-71.86461,18.29363],[-71.86714,18.28831],[-71.86967,18.2873],[-71.87023,18.28557],[-71.86787,18.28209],[-71.8701,18.27329],[-71.86521,18.27653],[-71.86072,18.27749],[-71.85538,18.27498],[-71.8461,18.27562],[-71.83798,18.2828],[-71.83561,18.28288],[-71.83311,18.28041],[-71.82841,18.2788],[-71.82267,18.27987],[-71.81991,18.27898],[-71.81511,18.28291],[-71.81026,18.28366],[-71.80624,18.28652],[-71.78869,18.28668],[-71.78584,18.28372],[-71.78031,18.28302],[-71.77166,18.28661]]]}},{"type":"Feature","properties":{"arrondissement":"Jacmel","adm1_name":"Sud-Est","complete":true,"communeCount":4},"geometry":{"type":"Polygon","coordinates":[[[-72.35832,18.23247],[-72.36145,18.2346],[-72.36771,18.23273],[-72.37155,18.23492],[-72.37486,18.23348],[-72.38022,18.23412],[-72.3938,18.22983],[-72.40287,18.22979],[-72.42312,18.22487],[-72.43183,18.22718],[-72.44234,18.22665],[-72.44285,18.22542],[-72.44784,18.22358],[-72.45844,18.22156],[-72.45961,18.22364],[-72.46458,18.22266],[-72.46822,18.22495],[-72.46891,18.22283],[-72.47129,18.22267],[-72.473,18.22086],[-72.47585,18.22132],[-72.47836,18.21944],[-72.48,18.22146],[-72.48122,18.22095],[-72.48708,18.22471],[-72.48929,18.22452],[-72.49258,18.22304],[-72.49434,18.22018],[-72.5084,18.21504],[-72.51418,18.21437],[-72.51952,18.21473],[-72.52169,18.21658],[-72.52358,18.22182],[-72.52525,18.22101],[-72.52559,18.22271],[-72.52725,18.22324],[-72.52709,18.22478],[-72.5287,18.22468],[-72.53635,18.23242],[-72.54946,18.23102],[-72.55535,18.22625],[-72.5581,18.22227],[-72.55205,18.20778],[-72.55375,18.20424],[-72.55388,18.1994],[-72.55268,18.19712],[-72.54785,18.19659],[-72.5465,18.19312],[-72.54147,18.19008],[-72.54242,18.17884],[-72.54422,18.17592],[-72.54644,18.17605],[-72.54674,18.17454],[-72.5543,18.17191],[-72.55958,18.1728],[-72.56227,18.17222],[-72.56208,18.17139],[-72.56719,18.1714],[-72.57016,18.17337],[-72.57119,18.17575],[-72.57866,18.17449],[-72.57912,18.17672],[-72.58319,18.18003],[-72.58904,18.18091],[-72.59056,18.17825],[-72.59417,18.17801],[-72.5997,18.17965],[-72.60328,18.1834],[-72.60984,18.18276],[-72.61424,18.1845],[-72.619,18.18346],[-72.62167,18.18497],[-72.62108,18.18676],[-72.62322,18.18841],[-72.62956,18.18761],[-72.63133,18.18803],[-72.63163,18.19],[-72.63627,18.19047],[-72.63673,18.19372],[-72.63896,18.19667],[-72.63781,18.20157],[-72.63987,18.20682],[-72.63864,18.20755],[-72.63984,18.20969],[-72.63968,18.21425],[-72.64158,18.21591],[-72.64042,18.21935],[-72.64147,18.22194],[-72.64041,18.22338],[-72.64224,18.22482],[-72.6409,18.22545],[-72.64268,18.22553],[-72.64261,18.22689],[-72.64477,18.22594],[-72.64756,18.23118],[-72.65087,18.23077],[-72.65318,18.23616],[-72.65605,18.23554],[-72.65769,18.2377],[-72.66386,18.24032],[-72.68128,18.24423],[-72.68098,18.24762],[-72.68344,18.24898],[-72.6824,18.24904],[-72.68236,18.25169],[-72.68495,18.25715],[-72.69,18.25896],[-72.69378,18.26234],[-72.70402,18.26309],[-72.70443,18.26894],[-72.709,18.26969],[-72.71512,18.26841],[-72.71586,18.26536],[-72.71804,18.26807],[-72.72199,18.26852],[-72.72262,18.27263],[-72.72538,18.27699],[-72.73012,18.27825],[-72.7359,18.26575],[-72.74165,18.26226],[-72.74178,18.26061],[-72.74848,18.26394],[-72.75172,18.26419],[-72.75969,18.25964],[-72.76258,18.26298],[-72.76054,18.26468],[-72.76188,18.26849],[-72.76481,18.26802],[-72.76375,18.27137],[-72.76633,18.27391],[-72.76204,18.27747],[-72.76161,18.28209],[-72.75546,18.2877],[-72.74842,18.29059],[-72.74575,18.28772],[-72.7422,18.28704],[-72.74123,18.2887],[-72.73967,18.30056],[-72.73977,18.30679],[-72.74119,18.30747],[-72.73842,18.31455],[-72.74176,18.32229],[-72.73071,18.31765],[-72.73084,18.31549],[-72.72804,18.31283],[-72.7255,18.31148],[-72.72156,18.31148],[-72.71849,18.30869],[-72.71835,18.30361],[-72.71622,18.3031],[-72.71044,18.296],[-72.70711,18.29655],[-72.708,18.29778],[-72.70672,18.30024],[-72.7089,18.3024],[-72.70762,18.30473],[-72.70957,18.30553],[-72.71127,18.30896],[-72.70807,18.30765],[-72.70297,18.30804],[-72.70107,18.3119],[-72.69616,18.31462],[-72.69585,18.31716],[-72.69257,18.31602],[-72.68858,18.31853],[-72.6874,18.32264],[-72.68274,18.32154],[-72.68159,18.32464],[-72.67476,18.3249],[-72.67326,18.32873],[-72.67065,18.33033],[-72.66497,18.32767],[-72.66377,18.32869],[-72.65902,18.32429],[-72.65854,18.3256],[-72.65654,18.32578],[-72.65299,18.32413],[-72.64364,18.32803],[-72.64195,18.33064],[-72.64195,18.34559],[-72.6223,18.34444],[-72.61732,18.3388],[-72.61157,18.32651],[-72.60826,18.32287],[-72.60139,18.3242],[-72.59988,18.3335],[-72.59619,18.34167],[-72.587,18.35206],[-72.57989,18.35268],[-72.57293,18.35101],[-72.56433,18.34703],[-72.56315,18.34941],[-72.5636,18.3547],[-72.5602,18.3547],[-72.55589,18.35157],[-72.55275,18.35194],[-72.55365,18.35408],[-72.55002,18.35881],[-72.55096,18.36516],[-72.53463,18.37078],[-72.53121,18.38252],[-72.52237,18.38852],[-72.52003,18.39504],[-72.50733,18.3989],[-72.50291,18.40569],[-72.49838,18.4055],[-72.49187,18.40224],[-72.48252,18.40014],[-72.44518,18.39658],[-72.44248,18.39911],[-72.42352,18.40113],[-72.42214,18.39758],[-72.42775,18.39495],[-72.43631,18.37961],[-72.43501,18.37332],[-72.4305,18.37642],[-72.42711,18.37397],[-72.41877,18.37526],[-72.40985,18.37879],[-72.4044,18.38401],[-72.39978,18.38436],[-72.39636,18.38618],[-72.39404,18.39177],[-72.38901,18.3916],[-72.38383,18.38777],[-72.38346,18.38014],[-72.37962,18.37922],[-72.37069,18.38138],[-72.3671,18.37806],[-72.3697,18.36645],[-72.36689,18.35719],[-72.36388,18.35521],[-72.36477,18.35298],[-72.36306,18.35358],[-72.35876,18.3507],[-72.35255,18.34891],[-72.33956,18.34812],[-72.32682,18.34105],[-72.32078,18.34148],[-72.31476,18.34],[-72.30804,18.34021],[-72.30431,18.34211],[-72.29113,18.34146],[-72.28692,18.34394],[-72.28064,18.35438],[-72.27609,18.35371],[-72.26371,18.35769],[-72.25728,18.35829],[-72.25423,18.35737],[-72.25342,18.35218],[-72.24487,18.34524],[-72.24232,18.34116],[-72.23963,18.34053],[-72.23899,18.33824],[-72.23573,18.33651],[-72.23622,18.33421],[-72.23921,18.33167],[-72.23884,18.32982],[-72.24049,18.32751],[-72.23789,18.32314],[-72.23844,18.31951],[-72.23241,18.31235],[-72.22933,18.30438],[-72.23029,18.30079],[-72.23243,18.29914],[-72.23231,18.29656],[-72.23036,18.29316],[-72.22934,18.28339],[-72.22694,18.27963],[-72.23061,18.26817],[-72.22795,18.26115],[-72.221,18.25137],[-72.22215,18.24719],[-72.22154,18.24386],[-72.22255,18.24311],[-72.22225,18.22893],[-72.22407,18.22224],[-72.2279,18.22377],[-72.2338,18.22204],[-72.23875,18.2243],[-72.24112,18.22322],[-72.24571,18.22768],[-72.2496,18.22699],[-72.26032,18.2282],[-72.26596,18.22683],[-72.26688,18.22813],[-72.27009,18.22732],[-72.27486,18.22848],[-72.2818,18.22605],[-72.28616,18.22734],[-72.29537,18.22257],[-72.29907,18.22219],[-72.30621,18.22372],[-72.31348,18.23015],[-72.31643,18.2312],[-72.32298,18.22971],[-72.32682,18.23026],[-72.327,18.23182],[-72.33157,18.23338],[-72.33417,18.23258],[-72.33773,18.2344],[-72.34297,18.23323],[-72.34546,18.23119],[-72.35023,18.23437],[-72.35321,18.23431],[-72.35625,18.23184],[-72.35832,18.23247]]]}}]}